-- MySQL dump 10.13  Distrib 8.0.25, for macos11 (x86_64)
--
-- Host: localhost    Database: knowledge
-- ------------------------------------------------------
-- Server version	8.0.25

/*!40101 SET @OLD_CHARACTER_SET_CLIENT=@@CHARACTER_SET_CLIENT */;
/*!40101 SET @OLD_CHARACTER_SET_RESULTS=@@CHARACTER_SET_RESULTS */;
/*!40101 SET @OLD_COLLATION_CONNECTION=@@COLLATION_CONNECTION */;
/*!50503 SET NAMES utf8mb4 */;
/*!40103 SET @OLD_TIME_ZONE=@@TIME_ZONE */;
/*!40103 SET TIME_ZONE='+00:00' */;
/*!40014 SET @OLD_UNIQUE_CHECKS=@@UNIQUE_CHECKS, UNIQUE_CHECKS=0 */;
/*!40014 SET @OLD_FOREIGN_KEY_CHECKS=@@FOREIGN_KEY_CHECKS, FOREIGN_KEY_CHECKS=0 */;
/*!40101 SET @OLD_SQL_MODE=@@SQL_MODE, SQL_MODE='NO_AUTO_VALUE_ON_ZERO' */;
/*!40111 SET @OLD_SQL_NOTES=@@SQL_NOTES, SQL_NOTES=0 */;

--
-- Table structure for table `adaptation_option`
--

DROP TABLE IF EXISTS `adaptation_option`;
/*!40101 SET @saved_cs_client     = @@character_set_client */;
/*!50503 SET character_set_client = utf8mb4 */;
CREATE TABLE `adaptation_option` (
  `discriminator` varchar(31) NOT NULL,
  `id` bigint NOT NULL AUTO_INCREMENT,
  `comment` varchar(255) DEFAULT NULL,
  `forced` bit(1) NOT NULL,
  `qos_goal` varchar(255) DEFAULT NULL,
  `service_id` varchar(255) DEFAULT NULL,
  `service_implementation_id` varchar(255) DEFAULT NULL,
  `timestamp` datetime DEFAULT NULL,
  PRIMARY KEY (`id`)
) ENGINE=InnoDB DEFAULT CHARSET=utf8mb4 COLLATE=utf8mb4_0900_ai_ci;
/*!40101 SET character_set_client = @saved_cs_client */;

--
-- Dumping data for table `adaptation_option`
--

LOCK TABLES `adaptation_option` WRITE;
/*!40000 ALTER TABLE `adaptation_option` DISABLE KEYS */;
/*!40000 ALTER TABLE `adaptation_option` ENABLE KEYS */;
UNLOCK TABLES;

--
-- Table structure for table `add_instance_option`
--

DROP TABLE IF EXISTS `add_instance_option`;
/*!40101 SET @saved_cs_client     = @@character_set_client */;
/*!50503 SET character_set_client = utf8mb4 */;
CREATE TABLE `add_instance_option` (
  `new_instance_weight` double DEFAULT NULL,
  `id` bigint NOT NULL,
  PRIMARY KEY (`id`),
  CONSTRAINT `FKfkm1mo3ho7pbjlamyyekimmix` FOREIGN KEY (`id`) REFERENCES `adaptation_option` (`id`)
) ENGINE=InnoDB DEFAULT CHARSET=utf8mb4 COLLATE=utf8mb4_0900_ai_ci;
/*!40101 SET character_set_client = @saved_cs_client */;

--
-- Dumping data for table `add_instance_option`
--

LOCK TABLES `add_instance_option` WRITE;
/*!40000 ALTER TABLE `add_instance_option` DISABLE KEYS */;
/*!40000 ALTER TABLE `add_instance_option` ENABLE KEYS */;
UNLOCK TABLES;

--
-- Table structure for table `add_instance_option_instances_to_shutdown_ids`
--

DROP TABLE IF EXISTS `add_instance_option_instances_to_shutdown_ids`;
/*!40101 SET @saved_cs_client     = @@character_set_client */;
/*!50503 SET character_set_client = utf8mb4 */;
CREATE TABLE `add_instance_option_instances_to_shutdown_ids` (
  `add_instance_option_id` bigint NOT NULL,
  `instances_to_shutdown_ids` varchar(255) DEFAULT NULL,
  KEY `FK69hh4pu4j3kgoaqrsihjee1m0` (`add_instance_option_id`),
  CONSTRAINT `FK69hh4pu4j3kgoaqrsihjee1m0` FOREIGN KEY (`add_instance_option_id`) REFERENCES `add_instance_option` (`id`)
) ENGINE=InnoDB DEFAULT CHARSET=utf8mb4 COLLATE=utf8mb4_0900_ai_ci;
/*!40101 SET character_set_client = @saved_cs_client */;

--
-- Dumping data for table `add_instance_option_instances_to_shutdown_ids`
--

LOCK TABLES `add_instance_option_instances_to_shutdown_ids` WRITE;
/*!40000 ALTER TABLE `add_instance_option_instances_to_shutdown_ids` DISABLE KEYS */;
/*!40000 ALTER TABLE `add_instance_option_instances_to_shutdown_ids` ENABLE KEYS */;
UNLOCK TABLES;

--
-- Table structure for table `add_instance_option_old_instances_new_weights`
--

DROP TABLE IF EXISTS `add_instance_option_old_instances_new_weights`;
/*!40101 SET @saved_cs_client     = @@character_set_client */;
/*!50503 SET character_set_client = utf8mb4 */;
CREATE TABLE `add_instance_option_old_instances_new_weights` (
  `add_instance_option_id` bigint NOT NULL,
  `old_instances_new_weights` double DEFAULT NULL,
  `old_instances_new_weights_key` varchar(255) NOT NULL,
  PRIMARY KEY (`add_instance_option_id`,`old_instances_new_weights_key`),
  CONSTRAINT `FKigwjx75jiwvmd4xclx8i02xv8` FOREIGN KEY (`add_instance_option_id`) REFERENCES `add_instance_option` (`id`)
) ENGINE=InnoDB DEFAULT CHARSET=utf8mb4 COLLATE=utf8mb4_0900_ai_ci;
/*!40101 SET character_set_client = @saved_cs_client */;

--
-- Dumping data for table `add_instance_option_old_instances_new_weights`
--

LOCK TABLES `add_instance_option_old_instances_new_weights` WRITE;
/*!40000 ALTER TABLE `add_instance_option_old_instances_new_weights` DISABLE KEYS */;
/*!40000 ALTER TABLE `add_instance_option_old_instances_new_weights` ENABLE KEYS */;
UNLOCK TABLES;

--
-- Table structure for table `change_implementation_option`
--

DROP TABLE IF EXISTS `change_implementation_option`;
/*!40101 SET @saved_cs_client     = @@character_set_client */;
/*!50503 SET character_set_client = utf8mb4 */;
CREATE TABLE `change_implementation_option` (
  `new_implementation_id` varchar(255) DEFAULT NULL,
  `number_of_instances` int NOT NULL,
  `id` bigint NOT NULL,
  PRIMARY KEY (`id`),
  CONSTRAINT `FKk4i58gqxb0cusfrpshcwe7von` FOREIGN KEY (`id`) REFERENCES `adaptation_option` (`id`)
) ENGINE=InnoDB DEFAULT CHARSET=utf8mb4 COLLATE=utf8mb4_0900_ai_ci;
/*!40101 SET character_set_client = @saved_cs_client */;

--
-- Dumping data for table `change_implementation_option`
--

LOCK TABLES `change_implementation_option` WRITE;
/*!40000 ALTER TABLE `change_implementation_option` DISABLE KEYS */;
/*!40000 ALTER TABLE `change_implementation_option` ENABLE KEYS */;
UNLOCK TABLES;

--
-- Table structure for table `change_implementation_option_possible_implementations`
--

DROP TABLE IF EXISTS `change_implementation_option_possible_implementations`;
/*!40101 SET @saved_cs_client     = @@character_set_client */;
/*!50503 SET character_set_client = utf8mb4 */;
CREATE TABLE `change_implementation_option_possible_implementations` (
  `change_implementation_option_id` bigint NOT NULL,
  `possible_implementations` varchar(255) DEFAULT NULL,
  KEY `FK7o801jvo91ng96pkai4p6etaf` (`change_implementation_option_id`),
  CONSTRAINT `FK7o801jvo91ng96pkai4p6etaf` FOREIGN KEY (`change_implementation_option_id`) REFERENCES `change_implementation_option` (`id`)
) ENGINE=InnoDB DEFAULT CHARSET=utf8mb4 COLLATE=utf8mb4_0900_ai_ci;
/*!40101 SET character_set_client = @saved_cs_client */;

--
-- Dumping data for table `change_implementation_option_possible_implementations`
--

LOCK TABLES `change_implementation_option_possible_implementations` WRITE;
/*!40000 ALTER TABLE `change_implementation_option_possible_implementations` DISABLE KEYS */;
/*!40000 ALTER TABLE `change_implementation_option_possible_implementations` ENABLE KEYS */;
UNLOCK TABLES;

--
-- Table structure for table `change_load_balancer_weights_option`
--

DROP TABLE IF EXISTS `change_load_balancer_weights_option`;
/*!40101 SET @saved_cs_client     = @@character_set_client */;
/*!50503 SET character_set_client = utf8mb4 */;
CREATE TABLE `change_load_balancer_weights_option` (
  `id` bigint NOT NULL,
  PRIMARY KEY (`id`),
  CONSTRAINT `FKwlpug9em00sm3qwueo050783` FOREIGN KEY (`id`) REFERENCES `adaptation_option` (`id`)
) ENGINE=InnoDB DEFAULT CHARSET=utf8mb4 COLLATE=utf8mb4_0900_ai_ci;
/*!40101 SET character_set_client = @saved_cs_client */;

--
-- Dumping data for table `change_load_balancer_weights_option`
--

LOCK TABLES `change_load_balancer_weights_option` WRITE;
/*!40000 ALTER TABLE `change_load_balancer_weights_option` DISABLE KEYS */;
/*!40000 ALTER TABLE `change_load_balancer_weights_option` ENABLE KEYS */;
UNLOCK TABLES;

--
-- Table structure for table `change_load_balancer_weights_option_instances_to_shutdown_ids`
--

DROP TABLE IF EXISTS `change_load_balancer_weights_option_instances_to_shutdown_ids`;
/*!40101 SET @saved_cs_client     = @@character_set_client */;
/*!50503 SET character_set_client = utf8mb4 */;
CREATE TABLE `change_load_balancer_weights_option_instances_to_shutdown_ids` (
  `change_load_balancer_weights_option_id` bigint NOT NULL,
  `instances_to_shutdown_ids` varchar(255) DEFAULT NULL,
  KEY `FKkgpb5r02f1wyu4tqr2e46v8m1` (`change_load_balancer_weights_option_id`),
  CONSTRAINT `FKkgpb5r02f1wyu4tqr2e46v8m1` FOREIGN KEY (`change_load_balancer_weights_option_id`) REFERENCES `change_load_balancer_weights_option` (`id`)
) ENGINE=InnoDB DEFAULT CHARSET=utf8mb4 COLLATE=utf8mb4_0900_ai_ci;
/*!40101 SET character_set_client = @saved_cs_client */;

--
-- Dumping data for table `change_load_balancer_weights_option_instances_to_shutdown_ids`
--

LOCK TABLES `change_load_balancer_weights_option_instances_to_shutdown_ids` WRITE;
/*!40000 ALTER TABLE `change_load_balancer_weights_option_instances_to_shutdown_ids` DISABLE KEYS */;
/*!40000 ALTER TABLE `change_load_balancer_weights_option_instances_to_shutdown_ids` ENABLE KEYS */;
UNLOCK TABLES;

--
-- Table structure for table `change_load_balancer_weights_option_new_weights`
--

DROP TABLE IF EXISTS `change_load_balancer_weights_option_new_weights`;
/*!40101 SET @saved_cs_client     = @@character_set_client */;
/*!50503 SET character_set_client = utf8mb4 */;
CREATE TABLE `change_load_balancer_weights_option_new_weights` (
  `change_load_balancer_weights_option_id` bigint NOT NULL,
  `new_weights` double DEFAULT NULL,
  `new_weights_key` varchar(255) NOT NULL,
  PRIMARY KEY (`change_load_balancer_weights_option_id`,`new_weights_key`),
  CONSTRAINT `FK70m1y06n1dknprpnj4x1tqa51` FOREIGN KEY (`change_load_balancer_weights_option_id`) REFERENCES `change_load_balancer_weights_option` (`id`)
) ENGINE=InnoDB DEFAULT CHARSET=utf8mb4 COLLATE=utf8mb4_0900_ai_ci;
/*!40101 SET character_set_client = @saved_cs_client */;

--
-- Dumping data for table `change_load_balancer_weights_option_new_weights`
--

LOCK TABLES `change_load_balancer_weights_option_new_weights` WRITE;
/*!40000 ALTER TABLE `change_load_balancer_weights_option_new_weights` DISABLE KEYS */;
/*!40000 ALTER TABLE `change_load_balancer_weights_option_new_weights` ENABLE KEYS */;
UNLOCK TABLES;

--
-- Table structure for table `circuit_breaker_metrics`
--

DROP TABLE IF EXISTS `circuit_breaker_metrics`;
/*!40101 SET @saved_cs_client     = @@character_set_client */;
/*!50503 SET character_set_client = utf8mb4 */;
CREATE TABLE `circuit_breaker_metrics` (
  `id` bigint NOT NULL AUTO_INCREMENT,
  `failure_rate` double NOT NULL,
  `name` varchar(255) DEFAULT NULL,
  `not_permitted_calls_count` int NOT NULL,
  `slow_call_rate` double NOT NULL,
  `state` int DEFAULT NULL,
  PRIMARY KEY (`id`)
) ENGINE=InnoDB AUTO_INCREMENT=197 DEFAULT CHARSET=utf8mb4 COLLATE=utf8mb4_0900_ai_ci;
/*!40101 SET character_set_client = @saved_cs_client */;

--
-- Dumping data for table `circuit_breaker_metrics`
--

LOCK TABLES `circuit_breaker_metrics` WRITE;
/*!40000 ALTER TABLE `circuit_breaker_metrics` DISABLE KEYS */;
INSERT INTO `circuit_breaker_metrics` VALUES (1,-1,'delivery',0,-1,0),(2,-1,'payment',0,-1,0),(3,-1,'delivery',0,-1,0),(4,-1,'payment',0,-1,0),(5,-1,'delivery',0,-1,0),(6,-1,'payment',0,-1,0),(7,-1,'delivery',0,-1,0),(8,-1,'payment',0,-1,0),(9,-1,'delivery',0,-1,0),(10,-1,'payment',0,-1,0),(11,-1,'delivery',0,-1,0),(12,-1,'payment',0,-1,0),(13,-1,'delivery',0,-1,0),(14,-1,'payment',0,-1,0),(15,-1,'delivery',0,-1,0),(16,-1,'payment',0,-1,0),(17,-1,'delivery',0,-1,0),(18,-1,'payment',0,-1,0),(19,-1,'delivery',0,-1,0),(20,-1,'payment',0,-1,0),(21,-1,'delivery',0,-1,0),(22,-1,'payment',0,-1,0),(23,-1,'delivery',0,-1,0),(24,-1,'payment',0,-1,0),(25,-1,'delivery',0,-1,0),(26,-1,'payment',0,-1,0),(27,-1,'delivery',0,-1,0),(28,-1,'payment',0,-1,0),(29,0,'delivery',0,0,0),(30,0,'payment',0,0,0),(31,-1,'delivery',0,-1,0),(32,-1,'payment',0,-1,0),(33,-1,'delivery',0,-1,0),(34,-1,'payment',0,-1,0),(35,0,'delivery',0,0,0),(36,0,'payment',0,0,0),(37,-1,'delivery',0,-1,0),(38,-1,'payment',0,-1,0),(39,-1,'delivery',0,-1,0),(40,-1,'payment',0,-1,0),(41,-1,'delivery',0,-1,0),(42,-1,'payment',0,-1,0),(43,0,'delivery',0,0,0),(44,0,'payment',0,0,0),(45,0,'delivery',0,0,0),(46,0,'payment',0,0,0),(47,-1,'delivery',0,-1,0),(48,-1,'payment',0,-1,0),(49,0,'delivery',0,0,0),(50,0,'payment',0,0,0),(51,0,'delivery',0,0,0),(52,0,'payment',0,0,0),(53,0,'delivery',0,0,0),(54,0,'payment',0,0,0),(55,-1,'delivery',0,-1,0),(56,-1,'payment',0,-1,0),(57,0,'delivery',0,0,0),(58,0,'payment',0,0,0),(59,0,'delivery',0,0,0),(60,0,'payment',0,0,0),(61,0,'delivery',0,0,0),(62,0,'payment',0,0,0),(63,0,'delivery',0,0,0),(64,0,'payment',0,0,0),(65,0,'delivery',0,0,0),(66,0,'payment',0,0,0),(67,0,'delivery',0,0,0),(68,0,'payment',0,0,0),(69,0,'delivery',0,0,0),(70,0,'payment',0,0,0),(71,0,'delivery',0,0,0),(72,0,'payment',0,0,0),(73,0,'delivery',0,0,0),(74,0,'payment',0,0,0),(75,0,'delivery',0,0,0),(76,0,'payment',0,0,0),(77,0,'delivery',0,0,0),(78,0,'payment',0,0,0),(79,0,'delivery',0,0,0),(80,0,'payment',0,0,0),(81,0,'delivery',0,0,0),(82,0,'payment',0,0,0),(83,0,'delivery',0,0,0),(84,0,'payment',0,0,0),(85,0,'delivery',0,0,0),(86,0,'payment',0,0,0),(87,0,'delivery',0,0,0),(88,0,'payment',0,0,0),(89,0,'delivery',0,0,0),(90,0,'payment',0,0,0),(91,0,'delivery',0,0,0),(92,0,'payment',0,0,0),(93,0,'delivery',0,0,0),(94,0,'payment',0,0,0),(95,0,'delivery',0,0,0),(96,0,'payment',0,0,0),(97,0,'delivery',0,0,0),(98,0,'payment',0,0,0),(99,0,'delivery',0,0,0),(100,0,'payment',0,0,0),(101,0,'delivery',0,0,0),(102,0,'payment',0,0,0),(103,0,'delivery',0,0,0),(104,0,'payment',0,0,0),(105,0,'delivery',0,0,0),(106,0,'payment',0,0,0),(107,0,'delivery',0,0,0),(108,0,'payment',0,0,0),(109,0,'delivery',0,0,0),(110,0,'payment',0,0,0),(111,0,'delivery',0,0,0),(112,0,'payment',0,0,0),(113,0,'delivery',0,0,0),(114,0,'payment',0,0,0),(115,0,'delivery',0,0,0),(116,0,'payment',0,0,0),(117,0,'delivery',0,0,0),(118,0,'payment',0,0,0),(119,0,'delivery',0,0,0),(120,0,'payment',0,0,0),(121,0,'delivery',0,0,0),(122,0,'payment',0,0,0),(123,0,'delivery',0,0,0),(124,0,'payment',0,0,0),(125,0,'delivery',0,0,0),(126,0,'payment',0,0,0),(127,0,'delivery',0,0,0),(128,0,'payment',0,0,0),(129,0,'delivery',0,0,0),(130,0,'payment',0,0,0),(131,0,'delivery',0,0,0),(132,0,'payment',0,0,0),(133,0,'delivery',0,0,0),(134,0,'payment',0,0,0),(135,0,'delivery',0,0,0),(136,0,'payment',0,0,0),(137,5.882352828979492,'delivery',0,0,0),(138,0,'payment',0,0,0),(139,0,'delivery',0,0,0),(140,0,'payment',0,0,0),(141,0,'delivery',0,0,0),(142,0,'payment',0,0,0),(143,0,'delivery',0,0,0),(144,0,'payment',0,0,0),(145,5.55555534362793,'delivery',0,0,0),(146,0,'payment',0,0,0),(147,0,'delivery',0,0,0),(148,0,'payment',0,0,0),(149,5.263157844543457,'delivery',0,0,0),(150,0,'payment',0,0,0),(151,0,'delivery',0,0,0),(152,0,'payment',0,0,0),(153,0,'delivery',0,0,0),(154,0,'payment',0,0,0),(155,5,'delivery',0,0,0),(156,0,'payment',0,0,0),(157,0,'delivery',0,0,0),(158,0,'payment',0,0,0),(159,0,'delivery',0,0,0),(160,0,'payment',0,0,0),(161,5,'delivery',0,0,0),(162,0,'payment',0,0,0),(163,0,'delivery',0,0,0),(164,0,'payment',0,0,0),(165,0,'delivery',0,0,0),(166,0,'payment',0,0,0),(167,0,'delivery',0,0,0),(168,0,'payment',0,0,0),(169,0,'delivery',0,0,0),(170,0,'payment',0,0,0),(171,9.523809432983398,'delivery',0,0,0),(172,0,'payment',0,0,0),(173,0,'delivery',0,0,0),(174,0,'payment',0,0,0),(175,9.523809432983398,'delivery',0,0,0),(176,0,'payment',0,0,0),(177,0,'delivery',0,0,0),(178,0,'payment',0,0,0),(179,0,'delivery',0,0,0),(180,0,'payment',0,0,0),(181,9.090909004211426,'delivery',0,0,0),(182,0,'payment',0,0,0),(183,0,'delivery',0,0,0),(184,0,'payment',0,0,0),(185,0,'delivery',0,0,0),(186,0,'payment',0,0,0),(187,9.090909004211426,'delivery',0,0,0),(188,0,'payment',0,0,0),(189,0,'delivery',0,0,0),(190,0,'payment',0,0,0),(191,0,'delivery',0,0,0),(192,0,'payment',0,0,0),(193,8.69565200805664,'delivery',0,0,0),(194,0,'payment',0,0,0),(195,0,'delivery',0,0,0),(196,0,'payment',0,0,0);
/*!40000 ALTER TABLE `circuit_breaker_metrics` ENABLE KEYS */;
UNLOCK TABLES;

--
-- Table structure for table `circuit_breaker_metrics_buffered_calls_count`
--

DROP TABLE IF EXISTS `circuit_breaker_metrics_buffered_calls_count`;
/*!40101 SET @saved_cs_client     = @@character_set_client */;
/*!50503 SET character_set_client = utf8mb4 */;
CREATE TABLE `circuit_breaker_metrics_buffered_calls_count` (
  `circuit_breaker_metrics_id` bigint NOT NULL,
  `buffered_calls_count` int DEFAULT NULL,
  `buffered_calls_count_key` int NOT NULL,
  PRIMARY KEY (`circuit_breaker_metrics_id`,`buffered_calls_count_key`),
  CONSTRAINT `FK6wapqu62vmx1753tihnqbhe7p` FOREIGN KEY (`circuit_breaker_metrics_id`) REFERENCES `circuit_breaker_metrics` (`id`)
) ENGINE=InnoDB DEFAULT CHARSET=utf8mb4 COLLATE=utf8mb4_0900_ai_ci;
/*!40101 SET character_set_client = @saved_cs_client */;

--
-- Dumping data for table `circuit_breaker_metrics_buffered_calls_count`
--

LOCK TABLES `circuit_breaker_metrics_buffered_calls_count` WRITE;
/*!40000 ALTER TABLE `circuit_breaker_metrics_buffered_calls_count` DISABLE KEYS */;
INSERT INTO `circuit_breaker_metrics_buffered_calls_count` VALUES (1,0,0),(1,0,1),(2,0,0),(2,0,1),(3,1,0),(3,0,1),(4,1,0),(4,0,1),(5,1,0),(5,0,1),(6,1,0),(6,0,1),(7,3,0),(7,0,1),(8,3,0),(8,0,1),(9,0,0),(9,0,1),(10,0,0),(10,0,1),(11,2,0),(11,0,1),(12,2,0),(12,0,1),(13,2,0),(13,0,1),(14,2,0),(14,0,1),(15,1,0),(15,0,1),(16,1,0),(16,0,1),(17,3,0),(17,0,1),(18,3,0),(18,0,1),(19,1,0),(19,0,1),(20,1,0),(20,0,1),(21,3,0),(21,0,1),(22,3,0),(22,0,1),(23,3,0),(23,0,1),(24,3,0),(24,0,1),(25,2,0),(25,0,1),(26,2,0),(26,0,1),(27,4,0),(27,0,1),(28,4,0),(28,0,1),(29,5,0),(29,0,1),(30,5,0),(30,0,1),(31,4,0),(31,0,1),(32,4,0),(32,0,1),(33,2,0),(33,0,1),(34,3,0),(34,0,1),(35,6,0),(35,0,1),(36,6,0),(36,0,1),(37,4,0),(37,0,1),(38,4,0),(38,0,1),(39,3,0),(39,0,1),(40,3,0),(40,0,1),(41,3,0),(41,0,1),(42,4,0),(42,0,1),(43,7,0),(43,0,1),(44,7,0),(44,0,1),(45,5,0),(45,0,1),(46,5,0),(46,0,1),(47,4,0),(47,0,1),(48,4,0),(48,0,1),(49,7,0),(49,0,1),(50,7,0),(50,0,1),(51,5,0),(51,0,1),(52,6,0),(52,0,1),(53,8,0),(53,0,1),(54,8,0),(54,0,1),(55,4,0),(55,0,1),(56,4,0),(56,0,1),(57,6,0),(57,0,1),(58,6,0),(58,0,1),(59,6,0),(59,0,1),(60,6,0),(60,0,1),(61,5,0),(61,0,1),(62,6,0),(62,0,1),(63,8,0),(63,0,1),(64,8,0),(64,0,1),(65,7,0),(65,0,1),(66,7,0),(66,0,1),(67,6,0),(67,0,1),(68,6,0),(68,0,1),(69,10,0),(69,0,1),(70,10,0),(70,0,1),(71,6,0),(71,0,1),(72,6,0),(72,0,1),(73,7,0),(73,0,1),(74,7,0),(74,0,1),(75,8,0),(75,0,1),(76,8,0),(76,0,1),(77,6,0),(77,0,1),(78,6,0),(78,0,1),(79,11,0),(79,0,1),(80,11,0),(80,0,1),(81,12,0),(81,0,1),(82,12,0),(82,0,1),(83,8,0),(83,0,1),(84,8,0),(84,0,1),(85,6,0),(85,0,1),(86,6,0),(86,0,1),(87,7,0),(87,0,1),(88,7,0),(88,0,1),(89,13,0),(89,0,1),(90,13,0),(90,0,1),(91,9,0),(91,0,1),(92,10,0),(92,0,1),(93,7,0),(93,0,1),(94,7,0),(94,0,1),(95,13,0),(95,0,1),(96,13,0),(96,0,1),(97,11,0),(97,0,1),(98,11,0),(98,0,1),(99,7,0),(99,0,1),(100,7,0),(100,0,1),(101,9,0),(101,0,1),(102,9,0),(102,0,1),(103,11,0),(103,0,1),(104,11,0),(104,0,1),(105,13,0),(105,0,1),(106,13,0),(106,0,1),(107,12,0),(107,0,1),(108,12,0),(108,0,1),(109,13,0),(109,0,1),(110,13,0),(110,0,1),(111,9,0),(111,0,1),(112,9,0),(112,0,1),(113,11,0),(113,0,1),(114,11,0),(114,0,1),(115,12,0),(115,0,1),(116,12,0),(116,0,1),(117,13,0),(117,0,1),(118,13,0),(118,0,1),(119,13,0),(119,0,1),(120,13,0),(120,0,1),(121,13,0),(121,0,1),(122,14,0),(122,0,1),(123,11,0),(123,0,1),(124,11,0),(124,0,1),(125,14,0),(125,0,1),(126,14,0),(126,0,1),(127,14,0),(127,0,1),(128,15,0),(128,0,1),(129,11,0),(129,0,1),(130,11,0),(130,0,1),(131,17,0),(131,0,1),(132,17,0),(132,0,1),(133,15,0),(133,0,1),(134,15,0),(134,0,1),(135,11,0),(135,0,1),(136,11,0),(136,0,1),(137,16,0),(137,1,1),(138,17,0),(138,0,1),(139,17,0),(139,0,1),(140,17,0),(140,0,1),(141,11,0),(141,0,1),(142,11,0),(142,0,1),(143,18,0),(143,0,1),(144,18,0),(144,0,1),(145,17,0),(145,1,1),(146,18,0),(146,0,1),(147,11,0),(147,0,1),(148,11,0),(148,0,1),(149,18,0),(149,1,1),(150,19,0),(150,0,1),(151,18,0),(151,0,1),(152,18,0),(152,0,1),(153,11,0),(153,0,1),(154,11,0),(154,0,1),(155,19,0),(155,1,1),(156,20,0),(156,0,1),(157,12,0),(157,0,1),(158,12,0),(158,0,1),(159,18,0),(159,0,1),(160,18,0),(160,0,1),(161,19,0),(161,1,1),(162,20,0),(162,0,1),(163,13,0),(163,0,1),(164,13,0),(164,0,1),(165,19,0),(165,0,1),(166,19,0),(166,0,1),(167,13,0),(167,0,1),(168,13,0),(168,0,1),(169,20,0),(169,0,1),(170,20,0),(170,0,1),(171,19,0),(171,2,1),(172,21,0),(172,0,1),(173,20,0),(173,0,1),(174,20,0),(174,0,1),(175,19,0),(175,2,1),(176,22,0),(176,0,1),(177,14,0),(177,0,1),(178,14,0),(178,0,1),(179,21,0),(179,0,1),(180,21,0),(180,0,1),(181,20,0),(181,2,1),(182,22,0),(182,0,1),(183,15,0),(183,0,1),(184,15,0),(184,0,1),(185,16,0),(185,0,1),(186,16,0),(186,0,1),(187,20,0),(187,2,1),(188,22,0),(188,0,1),(189,22,0),(189,0,1),(190,22,0),(190,0,1),(191,23,0),(191,0,1),(192,23,0),(192,0,1),(193,21,0),(193,2,1),(194,23,0),(194,0,1),(195,16,0),(195,0,1),(196,16,0),(196,0,1);
/*!40000 ALTER TABLE `circuit_breaker_metrics_buffered_calls_count` ENABLE KEYS */;
UNLOCK TABLES;

--
-- Table structure for table `circuit_breaker_metrics_call_count`
--

DROP TABLE IF EXISTS `circuit_breaker_metrics_call_count`;
/*!40101 SET @saved_cs_client     = @@character_set_client */;
/*!50503 SET character_set_client = utf8mb4 */;
CREATE TABLE `circuit_breaker_metrics_call_count` (
  `circuit_breaker_metrics_id` bigint NOT NULL,
  `call_count` int DEFAULT NULL,
  `call_count_key` int NOT NULL,
  PRIMARY KEY (`circuit_breaker_metrics_id`,`call_count_key`),
  CONSTRAINT `FK3jnw13bsyjjcsejmgvwcd9184` FOREIGN KEY (`circuit_breaker_metrics_id`) REFERENCES `circuit_breaker_metrics` (`id`)
) ENGINE=InnoDB DEFAULT CHARSET=utf8mb4 COLLATE=utf8mb4_0900_ai_ci;
/*!40101 SET character_set_client = @saved_cs_client */;

--
-- Dumping data for table `circuit_breaker_metrics_call_count`
--

LOCK TABLES `circuit_breaker_metrics_call_count` WRITE;
/*!40000 ALTER TABLE `circuit_breaker_metrics_call_count` DISABLE KEYS */;
INSERT INTO `circuit_breaker_metrics_call_count` VALUES (1,0,0),(1,0,1),(1,0,2),(2,0,0),(2,0,1),(2,0,2),(3,1,0),(3,0,1),(3,0,2),(4,1,0),(4,0,1),(4,0,2),(5,1,0),(5,0,1),(5,0,2),(6,1,0),(6,0,1),(6,0,2),(7,3,0),(7,0,1),(7,0,2),(8,3,0),(8,0,1),(8,0,2),(9,0,0),(9,0,1),(9,0,2),(10,0,0),(10,0,1),(10,0,2),(11,2,0),(11,0,1),(11,0,2),(12,2,0),(12,0,1),(12,0,2),(13,2,0),(13,0,1),(13,0,2),(14,2,0),(14,0,1),(14,0,2),(15,1,0),(15,0,1),(15,0,2),(16,1,0),(16,0,1),(16,0,2),(17,3,0),(17,0,1),(17,0,2),(18,3,0),(18,0,1),(18,0,2),(19,1,0),(19,0,1),(19,0,2),(20,1,0),(20,0,1),(20,0,2),(21,3,0),(21,0,1),(21,0,2),(22,3,0),(22,0,1),(22,0,2),(23,3,0),(23,0,1),(23,0,2),(24,3,0),(24,0,1),(24,0,2),(25,2,0),(25,0,1),(25,0,2),(26,2,0),(26,0,1),(26,0,2),(27,4,0),(27,0,1),(27,0,2),(28,4,0),(28,0,1),(28,0,2),(29,5,0),(29,0,1),(29,0,2),(30,5,0),(30,0,1),(30,0,2),(31,4,0),(31,0,1),(31,0,2),(32,4,0),(32,0,1),(32,0,2),(33,2,0),(33,0,1),(33,0,2),(34,3,0),(34,0,1),(34,0,2),(35,6,0),(35,0,1),(35,0,2),(36,6,0),(36,0,1),(36,0,2),(37,4,0),(37,0,1),(37,0,2),(38,4,0),(38,0,1),(38,0,2),(39,3,0),(39,0,1),(39,0,2),(40,3,0),(40,0,1),(40,0,2),(41,3,0),(41,0,1),(41,0,2),(42,4,0),(42,0,1),(42,0,2),(43,7,0),(43,0,1),(43,0,2),(44,7,0),(44,0,1),(44,0,2),(45,5,0),(45,0,1),(45,0,2),(46,5,0),(46,0,1),(46,0,2),(47,4,0),(47,0,1),(47,0,2),(48,4,0),(48,0,1),(48,0,2),(49,7,0),(49,0,1),(49,0,2),(50,7,0),(50,0,1),(50,0,2),(51,5,0),(51,0,1),(51,0,2),(52,6,0),(52,0,1),(52,0,2),(53,8,0),(53,0,1),(53,0,2),(54,8,0),(54,0,1),(54,0,2),(55,4,0),(55,0,1),(55,0,2),(56,4,0),(56,0,1),(56,0,2),(57,6,0),(57,0,1),(57,0,2),(58,6,0),(58,0,1),(58,0,2),(59,6,0),(59,0,1),(59,0,2),(60,6,0),(60,0,1),(60,0,2),(61,5,0),(61,0,1),(61,0,2),(62,6,0),(62,0,1),(62,0,2),(63,8,0),(63,0,1),(63,0,2),(64,8,0),(64,0,1),(64,0,2),(65,7,0),(65,0,1),(65,0,2),(66,7,0),(66,0,1),(66,0,2),(67,6,0),(67,0,1),(67,0,2),(68,6,0),(68,0,1),(68,0,2),(69,10,0),(69,0,1),(69,0,2),(70,10,0),(70,0,1),(70,0,2),(71,6,0),(71,0,1),(71,0,2),(72,6,0),(72,0,1),(72,0,2),(73,7,0),(73,0,1),(73,0,2),(74,7,0),(74,0,1),(74,0,2),(75,8,0),(75,0,1),(75,0,2),(76,8,0),(76,0,1),(76,0,2),(77,6,0),(77,0,1),(77,0,2),(78,6,0),(78,0,1),(78,0,2),(79,11,0),(79,0,1),(79,0,2),(80,11,0),(80,0,1),(80,0,2),(81,12,0),(81,0,1),(81,0,2),(82,12,0),(82,0,1),(82,0,2),(83,8,0),(83,0,1),(83,0,2),(84,8,0),(84,0,1),(84,0,2),(85,6,0),(85,0,1),(85,0,2),(86,6,0),(86,0,1),(86,0,2),(87,7,0),(87,0,1),(87,0,2),(88,7,0),(88,0,1),(88,0,2),(89,13,0),(89,0,1),(89,0,2),(90,13,0),(90,0,1),(90,0,2),(91,9,0),(91,0,1),(91,0,2),(92,10,0),(92,0,1),(92,0,2),(93,7,0),(93,0,1),(93,0,2),(94,7,0),(94,0,1),(94,0,2),(95,13,0),(95,0,1),(95,0,2),(96,13,0),(96,0,1),(96,0,2),(97,11,0),(97,0,1),(97,0,2),(98,11,0),(98,0,1),(98,0,2),(99,7,0),(99,0,1),(99,0,2),(100,7,0),(100,0,1),(100,0,2),(101,9,0),(101,0,1),(101,0,2),(102,9,0),(102,0,1),(102,0,2),(103,11,0),(103,0,1),(103,0,2),(104,11,0),(104,0,1),(104,0,2),(105,13,0),(105,0,1),(105,0,2),(106,13,0),(106,0,1),(106,0,2),(107,12,0),(107,0,1),(107,0,2),(108,12,0),(108,0,1),(108,0,2),(109,13,0),(109,0,1),(109,0,2),(110,13,0),(110,0,1),(110,0,2),(111,9,0),(111,0,1),(111,0,2),(112,9,0),(112,0,1),(112,0,2),(113,11,0),(113,0,1),(113,0,2),(114,11,0),(114,0,1),(114,0,2),(115,12,0),(115,0,1),(115,0,2),(116,12,0),(116,0,1),(116,0,2),(117,13,0),(117,0,1),(117,0,2),(118,13,0),(118,0,1),(118,0,2),(119,13,0),(119,0,1),(119,0,2),(120,13,0),(120,0,1),(120,0,2),(121,13,0),(121,0,1),(121,0,2),(122,14,0),(122,0,1),(122,0,2),(123,11,0),(123,0,1),(123,0,2),(124,11,0),(124,0,1),(124,0,2),(125,14,0),(125,0,1),(125,0,2),(126,14,0),(126,0,1),(126,0,2),(127,14,0),(127,0,1),(127,0,2),(128,15,0),(128,0,1),(128,0,2),(129,11,0),(129,0,1),(129,0,2),(130,11,0),(130,0,1),(130,0,2),(131,17,0),(131,0,1),(131,0,2),(132,17,0),(132,0,1),(132,0,2),(133,15,0),(133,0,1),(133,0,2),(134,15,0),(134,0,1),(134,0,2),(135,11,0),(135,0,1),(135,0,2),(136,11,0),(136,0,1),(136,0,2),(137,16,0),(137,1,1),(137,0,2),(138,17,0),(138,0,1),(138,0,2),(139,17,0),(139,0,1),(139,0,2),(140,17,0),(140,0,1),(140,0,2),(141,11,0),(141,0,1),(141,0,2),(142,11,0),(142,0,1),(142,0,2),(143,18,0),(143,0,1),(143,0,2),(144,18,0),(144,0,1),(144,0,2),(145,17,0),(145,1,1),(145,0,2),(146,18,0),(146,0,1),(146,0,2),(147,11,0),(147,0,1),(147,0,2),(148,11,0),(148,0,1),(148,0,2),(149,18,0),(149,1,1),(149,0,2),(150,19,0),(150,0,1),(150,0,2),(151,18,0),(151,0,1),(151,0,2),(152,18,0),(152,0,1),(152,0,2),(153,11,0),(153,0,1),(153,0,2),(154,11,0),(154,0,1),(154,0,2),(155,19,0),(155,1,1),(155,0,2),(156,20,0),(156,0,1),(156,0,2),(157,12,0),(157,0,1),(157,0,2),(158,12,0),(158,0,1),(158,0,2),(159,18,0),(159,0,1),(159,0,2),(160,18,0),(160,0,1),(160,0,2),(161,19,0),(161,1,1),(161,0,2),(162,20,0),(162,0,1),(162,0,2),(163,13,0),(163,0,1),(163,0,2),(164,13,0),(164,0,1),(164,0,2),(165,19,0),(165,0,1),(165,0,2),(166,19,0),(166,0,1),(166,0,2),(167,13,0),(167,0,1),(167,0,2),(168,13,0),(168,0,1),(168,0,2),(169,20,0),(169,0,1),(169,0,2),(170,20,0),(170,0,1),(170,0,2),(171,19,0),(171,2,1),(171,0,2),(172,21,0),(172,0,1),(172,0,2),(173,20,0),(173,0,1),(173,0,2),(174,20,0),(174,0,1),(174,0,2),(175,19,0),(175,2,1),(175,0,2),(176,22,0),(176,0,1),(176,0,2),(177,14,0),(177,0,1),(177,0,2),(178,14,0),(178,0,1),(178,0,2),(179,21,0),(179,0,1),(179,0,2),(180,21,0),(180,0,1),(180,0,2),(181,20,0),(181,2,1),(181,0,2),(182,22,0),(182,0,1),(182,0,2),(183,15,0),(183,0,1),(183,0,2),(184,15,0),(184,0,1),(184,0,2),(185,16,0),(185,0,1),(185,0,2),(186,16,0),(186,0,1),(186,0,2),(187,20,0),(187,2,1),(187,0,2),(188,22,0),(188,0,1),(188,0,2),(189,22,0),(189,0,1),(189,0,2),(190,22,0),(190,0,1),(190,0,2),(191,23,0),(191,0,1),(191,0,2),(192,23,0),(192,0,1),(192,0,2),(193,21,0),(193,2,1),(193,0,2),(194,23,0),(194,0,1),(194,0,2),(195,16,0),(195,0,1),(195,0,2),(196,16,0),(196,0,1),(196,0,2);
/*!40000 ALTER TABLE `circuit_breaker_metrics_call_count` ENABLE KEYS */;
UNLOCK TABLES;

--
-- Table structure for table `circuit_breaker_metrics_call_duration`
--

DROP TABLE IF EXISTS `circuit_breaker_metrics_call_duration`;
/*!40101 SET @saved_cs_client     = @@character_set_client */;
/*!50503 SET character_set_client = utf8mb4 */;
CREATE TABLE `circuit_breaker_metrics_call_duration` (
  `circuit_breaker_metrics_id` bigint NOT NULL,
  `call_duration` double DEFAULT NULL,
  `call_duration_key` int NOT NULL,
  PRIMARY KEY (`circuit_breaker_metrics_id`,`call_duration_key`),
  CONSTRAINT `FKmqpvhxepbhlaw4fr30bw6lke` FOREIGN KEY (`circuit_breaker_metrics_id`) REFERENCES `circuit_breaker_metrics` (`id`)
) ENGINE=InnoDB DEFAULT CHARSET=utf8mb4 COLLATE=utf8mb4_0900_ai_ci;
/*!40101 SET character_set_client = @saved_cs_client */;

--
-- Dumping data for table `circuit_breaker_metrics_call_duration`
--

LOCK TABLES `circuit_breaker_metrics_call_duration` WRITE;
/*!40000 ALTER TABLE `circuit_breaker_metrics_call_duration` DISABLE KEYS */;
INSERT INTO `circuit_breaker_metrics_call_duration` VALUES (1,0,0),(1,0,1),(1,0,2),(2,0,0),(2,0,1),(2,0,2),(3,0.658346709,0),(3,0,1),(3,0,2),(4,0.788838167,0),(4,0,1),(4,0,2),(5,1.008290084,0),(5,0,1),(5,0,2),(6,1.075397751,0),(6,0,1),(6,0,2),(7,1.441353584,0),(7,0,1),(7,0,2),(8,1.495588501,0),(8,0,1),(8,0,2),(9,0,0),(9,0,1),(9,0,2),(10,0,0),(10,0,1),(10,0,2),(11,1.312348251,0),(11,0,1),(11,0,2),(12,1.449288709,0),(12,0,1),(12,0,2),(13,1.312348251,0),(13,0,1),(13,0,2),(14,1.449288709,0),(14,0,1),(14,0,2),(15,0.747107959,0),(15,0,1),(15,0,2),(16,0.736294334,0),(16,0,1),(16,0,2),(17,1.441353584,0),(17,0,1),(17,0,2),(18,1.495588501,0),(18,0,1),(18,0,2),(19,0.747107959,0),(19,0,1),(19,0,2),(20,0.736294334,0),(20,0,1),(20,0,2),(21,2.090202835,0),(21,0,1),(21,0,2),(22,2.256728042,0),(22,0,1),(22,0,2),(23,2.090202835,0),(23,0,1),(23,0,2),(24,2.256728042,0),(24,0,1),(24,0,2),(25,1.507643376,0),(25,0,1),(25,0,2),(26,1.477956668,0),(26,0,1),(26,0,2),(27,1.662996084,0),(27,0,1),(27,0,2),(28,1.694053293,0),(28,0,1),(28,0,2),(29,1.889347501,0),(29,0,1),(29,0,2),(30,1.900900626,0),(30,0,1),(30,0,2),(31,2.722716919,0),(31,0,1),(31,0,2),(32,2.898260251,0),(32,0,1),(32,0,2),(33,1.507643376,0),(33,0,1),(33,0,2),(34,2.215331252,0),(34,0,1),(34,0,2),(35,2.117613459,0),(35,0,1),(35,0,2),(36,2.12398121,0),(36,0,1),(36,0,2),(37,2.722716919,0),(37,0,1),(37,0,2),(38,2.898260251,0),(38,0,1),(38,0,2),(39,2.248905418,0),(39,0,1),(39,0,2),(40,2.215331252,0),(40,0,1),(40,0,2),(41,2.248905418,0),(41,0,1),(41,0,2),(42,2.957147169,0),(42,0,1),(42,0,2),(43,2.326749418,0),(43,0,1),(43,0,2),(44,2.358737168,0),(44,0,1),(44,0,2),(45,3.362210127,0),(45,0,1),(45,0,2),(46,3.549430668,0),(46,0,1),(46,0,2),(47,2.985955001,0),(47,0,1),(47,0,2),(48,2.957147169,0),(48,0,1),(48,0,2),(49,2.326749418,0),(49,0,1),(49,0,2),(50,2.358737168,0),(50,0,1),(50,0,2),(51,3.362210127,0),(51,0,1),(51,0,2),(52,4.192372168,0),(52,0,1),(52,0,2),(53,2.563457126,0),(53,0,1),(53,0,2),(54,2.572517294,0),(54,0,1),(54,0,2),(55,2.985955001,0),(55,0,1),(55,0,2),(56,2.957147169,0),(56,0,1),(56,0,2),(57,3.990381836,0),(57,0,1),(57,0,2),(58,4.192372168,0),(58,0,1),(58,0,2),(59,3.990381836,0),(59,0,1),(59,0,2),(60,4.192372168,0),(60,0,1),(60,0,2),(61,3.718327959,0),(61,0,1),(61,0,2),(62,4.394505962,0),(62,0,1),(62,0,2),(63,2.563457126,0),(63,0,1),(63,0,2),(64,2.572517294,0),(64,0,1),(64,0,2),(65,5.17921996,0),(65,0,1),(65,0,2),(66,5.187701421,0),(66,0,1),(66,0,2),(67,3.990381836,0),(67,0,1),(67,0,2),(68,4.192372168,0),(68,0,1),(68,0,2),(69,2.992716584,0),(69,0,1),(69,0,2),(70,3.025624127,0),(70,0,1),(70,0,2),(71,3.990381836,0),(71,0,1),(71,0,2),(72,4.192372168,0),(72,0,1),(72,0,2),(73,5.17921996,0),(73,0,1),(73,0,2),(74,5.187701421,0),(74,0,1),(74,0,2),(75,5.921347919,0),(75,0,1),(75,0,2),(76,5.957153463,0),(76,0,1),(76,0,2),(77,3.990381836,0),(77,0,1),(77,0,2),(78,4.192372168,0),(78,0,1),(78,0,2),(79,3.211656125,0),(79,0,1),(79,0,2),(80,3.245419585,0),(80,0,1),(80,0,2),(81,3.410842458,0),(81,0,1),(81,0,2),(82,3.483078835,0),(82,0,1),(82,0,2),(83,5.921347919,0),(83,0,1),(83,0,2),(84,5.957153463,0),(84,0,1),(84,0,2),(85,3.990381836,0),(85,0,1),(85,0,2),(86,4.192372168,0),(86,0,1),(86,0,2),(87,4.931524879,0),(87,0,1),(87,0,2),(88,5.12901046,0),(88,0,1),(88,0,2),(89,3.643056125,0),(89,0,1),(89,0,2),(90,3.691399127,0),(90,0,1),(90,0,2),(91,6.66473242,0),(91,0,1),(91,0,2),(92,7.43738163,0),(92,0,1),(92,0,2),(93,4.931524879,0),(93,0,1),(93,0,2),(94,5.12901046,0),(94,0,1),(94,0,2),(95,3.643056125,0),(95,0,1),(95,0,2),(96,3.691399127,0),(96,0,1),(96,0,2),(97,8.141398046,0),(97,0,1),(97,0,2),(98,8.182366172,0),(98,0,1),(98,0,2),(99,4.931524879,0),(99,0,1),(99,0,2),(100,5.12901046,0),(100,0,1),(100,0,2),(101,6.196952963,0),(101,0,1),(101,0,2),(102,6.382582877,0),(102,0,1),(102,0,2),(103,8.141398046,0),(103,0,1),(103,0,2),(104,8.182366172,0),(104,0,1),(104,0,2),(105,3.643056125,0),(105,0,1),(105,0,2),(106,3.691399127,0),(106,0,1),(106,0,2),(107,8.86882313,0),(107,0,1),(107,0,2),(108,8.923868881,0),(108,0,1),(108,0,2),(109,3.643056125,0),(109,0,1),(109,0,2),(110,3.691399127,0),(110,0,1),(110,0,2),(111,6.196952963,0),(111,0,1),(111,0,2),(112,6.382582877,0),(112,0,1),(112,0,2),(113,7.452058254,0),(113,0,1),(113,0,2),(114,7.647131669,0),(114,0,1),(114,0,2),(115,8.86882313,0),(115,0,1),(115,0,2),(116,8.923868881,0),(116,0,1),(116,0,2),(117,3.643056125,0),(117,0,1),(117,0,2),(118,3.691399127,0),(118,0,1),(118,0,2),(119,3.643056125,0),(119,0,1),(119,0,2),(120,3.691399127,0),(120,0,1),(120,0,2),(121,9.574267797,0),(121,0,1),(121,0,2),(122,10.40279359,0),(122,0,1),(122,0,2),(123,7.452058254,0),(123,0,1),(123,0,2),(124,7.647131669,0),(124,0,1),(124,0,2),(125,3.844113251,0),(125,0,1),(125,0,2),(126,3.907655335,0),(126,0,1),(126,0,2),(127,10.277484922,0),(127,0,1),(127,0,2),(128,11.150363007,0),(128,0,1),(128,0,2),(129,7.452058254,0),(129,0,1),(129,0,2),(130,7.647131669,0),(130,0,1),(130,0,2),(131,4.50542571,0),(131,0,1),(131,0,2),(132,4.59931121,0),(132,0,1),(132,0,2),(133,11.016432672,0),(133,0,1),(133,0,2),(134,11.150363007,0),(134,0,1),(134,0,2),(135,7.452058254,0),(135,0,1),(135,0,2),(136,7.647131669,0),(136,0,1),(136,0,2),(137,11.748132964,0),(137,0.730499001,1),(137,0,2),(138,12.611415591,0),(138,0,1),(138,0,2),(139,4.50542571,0),(139,0,1),(139,0,2),(140,4.59931121,0),(140,0,1),(140,0,2),(141,7.452058254,0),(141,0,1),(141,0,2),(142,7.647131669,0),(142,0,1),(142,0,2),(143,4.707215919,0),(143,0,1),(143,0,2),(144,4.808916793,0),(144,0,1),(144,0,2),(145,12.502864715,0),(145,0.730499001,1),(145,0,2),(146,13.360775508,0),(146,0,1),(146,0,2),(147,7.452058254,0),(147,0,1),(147,0,2),(148,7.647131669,0),(148,0,1),(148,0,2),(149,13.22934934,0),(149,0.730499001,1),(149,0,2),(150,14.08671855,0),(150,0,1),(150,0,2),(151,4.707215919,0),(151,0,1),(151,0,2),(152,4.808916793,0),(152,0,1),(152,0,2),(153,7.452058254,0),(153,0,1),(153,0,2),(154,7.647131669,0),(154,0,1),(154,0,2),(155,13.954020548,0),(155,0.730499001,1),(155,0,2),(156,14.824212509,0),(156,0,1),(156,0,2),(157,8.087715296,0),(157,0,1),(157,0,2),(158,8.283804961,0),(158,0,1),(158,0,2),(159,4.707215919,0),(159,0,1),(159,0,2),(160,4.808916793,0),(160,0,1),(160,0,2),(161,13.954020548,0),(161,0.730499001,1),(161,0,2),(162,14.824212509,0),(162,0,1),(162,0,2),(163,8.706015463,0),(163,0,1),(163,0,2),(164,9.74859217,0),(164,0,1),(164,0,2),(165,4.927005752,0),(165,0,1),(165,0,2),(166,5.02557921,0),(166,0,1),(166,0,2),(167,8.706015463,0),(167,0,1),(167,0,2),(168,9.74859217,0),(168,0,1),(168,0,2),(169,5.149117502,0),(169,0,1),(169,0,2),(170,5.233046627,0),(170,0,1),(170,0,2),(171,13.954020548,0),(171,1.467428168,1),(171,0,2),(172,15.556207176,0),(172,0,1),(172,0,2),(173,5.149117502,0),(173,0,1),(173,0,2),(174,5.233046627,0),(174,0,1),(174,0,2),(175,13.954020548,0),(175,1.467428168,1),(175,0,2),(176,16.291195343,0),(176,0,1),(176,0,2),(177,9.34476013,0),(177,0,1),(177,0,2),(178,10.388609962,0),(178,0,1),(178,0,2),(179,5.369517794,0),(179,0,1),(179,0,2),(180,5.454187794,0),(180,0,1),(180,0,2),(181,14.667391132,0),(181,1.467428168,1),(181,0,2),(182,16.291195343,0),(182,0,1),(182,0,2),(183,9.972549713,0),(183,0,1),(183,0,2),(184,11.031687045,0),(184,0,1),(184,0,2),(185,10.584656005,0),(185,0,1),(185,0,2),(186,11.709517753,0),(186,0,1),(186,0,2),(187,14.667391132,0),(187,1.467428168,1),(187,0,2),(188,16.291195343,0),(188,0,1),(188,0,2),(189,5.582427085,0),(189,0,1),(189,0,2),(190,5.67838821,0),(190,0,1),(190,0,2),(191,5.81322596,0),(191,0,1),(191,0,2),(192,5.891703086,0),(192,0,1),(192,0,2),(193,15.396458216,0),(193,1.467428168,1),(193,0,2),(194,16.997803718,0),(194,0,1),(194,0,2),(195,10.584656005,0),(195,0,1),(195,0,2),(196,11.709517753,0),(196,0,1),(196,0,2);
/*!40000 ALTER TABLE `circuit_breaker_metrics_call_duration` ENABLE KEYS */;
UNLOCK TABLES;

--
-- Table structure for table `circuit_breaker_metrics_call_max_duration`
--

DROP TABLE IF EXISTS `circuit_breaker_metrics_call_max_duration`;
/*!40101 SET @saved_cs_client     = @@character_set_client */;
/*!50503 SET character_set_client = utf8mb4 */;
CREATE TABLE `circuit_breaker_metrics_call_max_duration` (
  `circuit_breaker_metrics_id` bigint NOT NULL,
  `call_max_duration` double DEFAULT NULL,
  `call_max_duration_key` int NOT NULL,
  PRIMARY KEY (`circuit_breaker_metrics_id`,`call_max_duration_key`),
  CONSTRAINT `FKolhae5w46hpandbjaipnv1h2s` FOREIGN KEY (`circuit_breaker_metrics_id`) REFERENCES `circuit_breaker_metrics` (`id`)
) ENGINE=InnoDB DEFAULT CHARSET=utf8mb4 COLLATE=utf8mb4_0900_ai_ci;
/*!40101 SET character_set_client = @saved_cs_client */;

--
-- Dumping data for table `circuit_breaker_metrics_call_max_duration`
--

LOCK TABLES `circuit_breaker_metrics_call_max_duration` WRITE;
/*!40000 ALTER TABLE `circuit_breaker_metrics_call_max_duration` DISABLE KEYS */;
INSERT INTO `circuit_breaker_metrics_call_max_duration` VALUES (1,0,0),(1,0,1),(1,0,2),(2,0,0),(2,0,1),(2,0,2),(3,0.658346709,0),(3,0,1),(3,0,2),(4,0.788838167,0),(4,0,1),(4,0,2),(5,1.008290084,0),(5,0,1),(5,0,2),(6,1.075397751,0),(6,0,1),(6,0,2),(7,1.008290084,0),(7,0,1),(7,0,2),(8,1.075397751,0),(8,0,1),(8,0,2),(9,0,0),(9,0,1),(9,0,2),(10,0,0),(10,0,1),(10,0,2),(11,0.658346709,0),(11,0,1),(11,0,2),(12,0.788838167,0),(12,0,1),(12,0,2),(13,0.658346709,0),(13,0,1),(13,0,2),(14,0.788838167,0),(14,0,1),(14,0,2),(15,0.747107959,0),(15,0,1),(15,0,2),(16,0.736294334,0),(16,0,1),(16,0,2),(17,1.008290084,0),(17,0,1),(17,0,2),(18,1.075397751,0),(18,0,1),(18,0,2),(19,0.747107959,0),(19,0,1),(19,0,2),(20,0.736294334,0),(20,0,1),(20,0,2),(21,0.777854584,0),(21,0,1),(21,0,2),(22,0.807439333,0),(22,0,1),(22,0,2),(23,0.777854584,0),(23,0,1),(23,0,2),(24,0.807439333,0),(24,0,1),(24,0,2),(25,0.760535417,0),(25,0,1),(25,0,2),(26,0.741662334,0),(26,0,1),(26,0,2),(27,1.008290084,0),(27,0,1),(27,0,2),(28,1.075397751,0),(28,0,1),(28,0,2),(29,1.008290084,0),(29,0,1),(29,0,2),(30,1.075397751,0),(30,0,1),(30,0,2),(31,0.777854584,0),(31,0,1),(31,0,2),(32,0.807439333,0),(32,0,1),(32,0,2),(33,0.760535417,0),(33,0,1),(33,0,2),(34,0.741662334,0),(34,0,1),(34,0,2),(35,1.008290084,0),(35,0,1),(35,0,2),(36,1.075397751,0),(36,0,1),(36,0,2),(37,0.777854584,0),(37,0,1),(37,0,2),(38,0.807439333,0),(38,0,1),(38,0,2),(39,0.760535417,0),(39,0,1),(39,0,2),(40,0.741662334,0),(40,0,1),(40,0,2),(41,0.760535417,0),(41,0,1),(41,0,2),(42,0.741815917,0),(42,0,1),(42,0,2),(43,1.008290084,0),(43,0,1),(43,0,2),(44,1.075397751,0),(44,0,1),(44,0,2),(45,0.777854584,0),(45,0,1),(45,0,2),(46,0.807439333,0),(46,0,1),(46,0,2),(47,0.760535417,0),(47,0,1),(47,0,2),(48,0.741815917,0),(48,0,1),(48,0,2),(49,1.008290084,0),(49,0,1),(49,0,2),(50,1.075397751,0),(50,0,1),(50,0,2),(51,0.777854584,0),(51,0,1),(51,0,2),(52,0.807439333,0),(52,0,1),(52,0,2),(53,1.008290084,0),(53,0,1),(53,0,2),(54,1.075397751,0),(54,0,1),(54,0,2),(55,0.760535417,0),(55,0,1),(55,0,2),(56,0.741815917,0),(56,0,1),(56,0,2),(57,0.777854584,0),(57,0,1),(57,0,2),(58,0.807439333,0),(58,0,1),(58,0,2),(59,0.777854584,0),(59,0,1),(59,0,2),(60,0.807439333,0),(60,0,1),(60,0,2),(61,0.760535417,0),(61,0,1),(61,0,2),(62,0.741815917,0),(62,0,1),(62,0,2),(63,1.008290084,0),(63,0,1),(63,0,2),(64,1.075397751,0),(64,0,1),(64,0,2),(65,0.760535417,0),(65,0,1),(65,0,2),(66,0.793195459,0),(66,0,1),(66,0,2),(67,0.777854584,0),(67,0,1),(67,0,2),(68,0.807439333,0),(68,0,1),(68,0,2),(69,1.008290084,0),(69,0,1),(69,0,2),(70,1.075397751,0),(70,0,1),(70,0,2),(71,0.777854584,0),(71,0,1),(71,0,2),(72,0.807439333,0),(72,0,1),(72,0,2),(73,0.760535417,0),(73,0,1),(73,0,2),(74,0.793195459,0),(74,0,1),(74,0,2),(75,0.760535417,0),(75,0,1),(75,0,2),(76,0.793195459,0),(76,0,1),(76,0,2),(77,0.777854584,0),(77,0,1),(77,0,2),(78,0.807439333,0),(78,0,1),(78,0,2),(79,1.008290084,0),(79,0,1),(79,0,2),(80,1.075397751,0),(80,0,1),(80,0,2),(81,1.008290084,0),(81,0,1),(81,0,2),(82,1.075397751,0),(82,0,1),(82,0,2),(83,0.760535417,0),(83,0,1),(83,0,2),(84,0.793195459,0),(84,0,1),(84,0,2),(85,0.777854584,0),(85,0,1),(85,0,2),(86,0.807439333,0),(86,0,1),(86,0,2),(87,0.941143043,0),(87,0,1),(87,0,2),(88,0.936638292,0),(88,0,1),(88,0,2),(89,1.008290084,0),(89,0,1),(89,0,2),(90,1.075397751,0),(90,0,1),(90,0,2),(91,0.760535417,0),(91,0,1),(91,0,2),(92,0.793195459,0),(92,0,1),(92,0,2),(93,0.941143043,0),(93,0,1),(93,0,2),(94,0.936638292,0),(94,0,1),(94,0,2),(95,1.008290084,0),(95,0,1),(95,0,2),(96,1.075397751,0),(96,0,1),(96,0,2),(97,0.760535417,0),(97,0,1),(97,0,2),(98,0.793195459,0),(98,0,1),(98,0,2),(99,0.941143043,0),(99,0,1),(99,0,2),(100,0.936638292,0),(100,0,1),(100,0,2),(101,0.941143043,0),(101,0,1),(101,0,2),(102,0.936638292,0),(102,0,1),(102,0,2),(103,0.760535417,0),(103,0,1),(103,0,2),(104,0.793195459,0),(104,0,1),(104,0,2),(105,1.008290084,0),(105,0,1),(105,0,2),(106,1.075397751,0),(106,0,1),(106,0,2),(107,0.760535417,0),(107,0,1),(107,0,2),(108,0.793195459,0),(108,0,1),(108,0,2),(109,1.008290084,0),(109,0,1),(109,0,2),(110,1.075397751,0),(110,0,1),(110,0,2),(111,0.941143043,0),(111,0,1),(111,0,2),(112,0.936638292,0),(112,0,1),(112,0,2),(113,0.941143043,0),(113,0,1),(113,0,2),(114,0.936638292,0),(114,0,1),(114,0,2),(115,0.760535417,0),(115,0,1),(115,0,2),(116,0.793195459,0),(116,0,1),(116,0,2),(117,1.008290084,0),(117,0,1),(117,0,2),(118,1.075397751,0),(118,0,1),(118,0,2),(119,1.008290084,0),(119,0,1),(119,0,2),(120,1.075397751,0),(120,0,1),(120,0,2),(121,0.760535417,0),(121,0,1),(121,0,2),(122,0.793195459,0),(122,0,1),(122,0,2),(123,0.941143043,0),(123,0,1),(123,0,2),(124,0.936638292,0),(124,0,1),(124,0,2),(125,1.008290084,0),(125,0,1),(125,0,2),(126,1.075397751,0),(126,0,1),(126,0,2),(127,0.760535417,0),(127,0,1),(127,0,2),(128,0.793195459,0),(128,0,1),(128,0,2),(129,0.941143043,0),(129,0,1),(129,0,2),(130,0.936638292,0),(130,0,1),(130,0,2),(131,1.008290084,0),(131,0,1),(131,0,2),(132,1.075397751,0),(132,0,1),(132,0,2),(133,0.760535417,0),(133,0,1),(133,0,2),(134,0.793195459,0),(134,0,1),(134,0,2),(135,0.941143043,0),(135,0,1),(135,0,2),(136,0.936638292,0),(136,0,1),(136,0,2),(137,0.760535417,0),(137,0.730499001,1),(137,0,2),(138,0.793195459,0),(138,0,1),(138,0,2),(139,1.008290084,0),(139,0,1),(139,0,2),(140,1.075397751,0),(140,0,1),(140,0,2),(141,0.941143043,0),(141,0,1),(141,0,2),(142,0.936638292,0),(142,0,1),(142,0,2),(143,1.008290084,0),(143,0,1),(143,0,2),(144,1.075397751,0),(144,0,1),(144,0,2),(145,0.760535417,0),(145,0.730499001,1),(145,0,2),(146,0.793195459,0),(146,0,1),(146,0,2),(147,0.941143043,0),(147,0,1),(147,0,2),(148,0.936638292,0),(148,0,1),(148,0,2),(149,0.760535417,0),(149,0.730499001,1),(149,0,2),(150,0.793195459,0),(150,0,1),(150,0,2),(151,1.008290084,0),(151,0,1),(151,0,2),(152,1.075397751,0),(152,0,1),(152,0,2),(153,0.941143043,0),(153,0,1),(153,0,2),(154,0.936638292,0),(154,0,1),(154,0,2),(155,0.760535417,0),(155,0.730499001,1),(155,0,2),(156,0.793195459,0),(156,0,1),(156,0,2),(157,0.941143043,0),(157,0,1),(157,0,2),(158,0.936638292,0),(158,0,1),(158,0,2),(159,1.008290084,0),(159,0,1),(159,0,2),(160,1.075397751,0),(160,0,1),(160,0,2),(161,0.760535417,0),(161,0.730499001,1),(161,0,2),(162,0.793195459,0),(162,0,1),(162,0,2),(163,0.941143043,0),(163,0,1),(163,0,2),(164,1.464787209,0),(164,0,1),(164,0,2),(165,1.008290084,0),(165,0,1),(165,0,2),(166,1.075397751,0),(166,0,1),(166,0,2),(167,0.941143043,0),(167,0,1),(167,0,2),(168,1.464787209,0),(168,0,1),(168,0,2),(169,1.008290084,0),(169,0,1),(169,0,2),(170,1.075397751,0),(170,0,1),(170,0,2),(171,0.760535417,0),(171,0.736929167,1),(171,0,2),(172,0.793195459,0),(172,0,1),(172,0,2),(173,1.008290084,0),(173,0,1),(173,0,2),(174,1.075397751,0),(174,0,1),(174,0,2),(175,0.760535417,0),(175,0.736929167,1),(175,0,2),(176,0.793195459,0),(176,0,1),(176,0,2),(177,0.941143043,0),(177,0,1),(177,0,2),(178,1.464787209,0),(178,0,1),(178,0,2),(179,1.008290084,0),(179,0,1),(179,0,2),(180,1.075397751,0),(180,0,1),(180,0,2),(181,0.760535417,0),(181,0.736929167,1),(181,0,2),(182,0.793195459,0),(182,0,1),(182,0,2),(183,0.941143043,0),(183,0,1),(183,0,2),(184,1.464787209,0),(184,0,1),(184,0,2),(185,0.941143043,0),(185,0,1),(185,0,2),(186,1.464787209,0),(186,0,1),(186,0,2),(187,0.760535417,0),(187,0.736929167,1),(187,0,2),(188,0.793195459,0),(188,0,1),(188,0,2),(189,1.008290084,0),(189,0,1),(189,0,2),(190,1.075397751,0),(190,0,1),(190,0,2),(191,1.008290084,0),(191,0,1),(191,0,2),(192,1.075397751,0),(192,0,1),(192,0,2),(193,0.760535417,0),(193,0.736929167,1),(193,0,2),(194,0.793195459,0),(194,0,1),(194,0,2),(195,0.941143043,0),(195,0,1),(195,0,2),(196,1.464787209,0),(196,0,1),(196,0,2);
/*!40000 ALTER TABLE `circuit_breaker_metrics_call_max_duration` ENABLE KEYS */;
UNLOCK TABLES;

--
-- Table structure for table `circuit_breaker_metrics_slow_call_count`
--

DROP TABLE IF EXISTS `circuit_breaker_metrics_slow_call_count`;
/*!40101 SET @saved_cs_client     = @@character_set_client */;
/*!50503 SET character_set_client = utf8mb4 */;
CREATE TABLE `circuit_breaker_metrics_slow_call_count` (
  `circuit_breaker_metrics_id` bigint NOT NULL,
  `slow_call_count` int DEFAULT NULL,
  `slow_call_count_key` int NOT NULL,
  PRIMARY KEY (`circuit_breaker_metrics_id`,`slow_call_count_key`),
  CONSTRAINT `FKaxa0776cdfmdpnxxjqntwicrg` FOREIGN KEY (`circuit_breaker_metrics_id`) REFERENCES `circuit_breaker_metrics` (`id`)
) ENGINE=InnoDB DEFAULT CHARSET=utf8mb4 COLLATE=utf8mb4_0900_ai_ci;
/*!40101 SET character_set_client = @saved_cs_client */;

--
-- Dumping data for table `circuit_breaker_metrics_slow_call_count`
--

LOCK TABLES `circuit_breaker_metrics_slow_call_count` WRITE;
/*!40000 ALTER TABLE `circuit_breaker_metrics_slow_call_count` DISABLE KEYS */;
INSERT INTO `circuit_breaker_metrics_slow_call_count` VALUES (1,0,0),(1,0,1),(2,0,0),(2,0,1),(3,0,0),(3,0,1),(4,0,0),(4,0,1),(5,0,0),(5,0,1),(6,0,0),(6,0,1),(7,0,0),(7,0,1),(8,0,0),(8,0,1),(9,0,0),(9,0,1),(10,0,0),(10,0,1),(11,0,0),(11,0,1),(12,0,0),(12,0,1),(13,0,0),(13,0,1),(14,0,0),(14,0,1),(15,0,0),(15,0,1),(16,0,0),(16,0,1),(17,0,0),(17,0,1),(18,0,0),(18,0,1),(19,0,0),(19,0,1),(20,0,0),(20,0,1),(21,0,0),(21,0,1),(22,0,0),(22,0,1),(23,0,0),(23,0,1),(24,0,0),(24,0,1),(25,0,0),(25,0,1),(26,0,0),(26,0,1),(27,0,0),(27,0,1),(28,0,0),(28,0,1),(29,0,0),(29,0,1),(30,0,0),(30,0,1),(31,0,0),(31,0,1),(32,0,0),(32,0,1),(33,0,0),(33,0,1),(34,0,0),(34,0,1),(35,0,0),(35,0,1),(36,0,0),(36,0,1),(37,0,0),(37,0,1),(38,0,0),(38,0,1),(39,0,0),(39,0,1),(40,0,0),(40,0,1),(41,0,0),(41,0,1),(42,0,0),(42,0,1),(43,0,0),(43,0,1),(44,0,0),(44,0,1),(45,0,0),(45,0,1),(46,0,0),(46,0,1),(47,0,0),(47,0,1),(48,0,0),(48,0,1),(49,0,0),(49,0,1),(50,0,0),(50,0,1),(51,0,0),(51,0,1),(52,0,0),(52,0,1),(53,0,0),(53,0,1),(54,0,0),(54,0,1),(55,0,0),(55,0,1),(56,0,0),(56,0,1),(57,0,0),(57,0,1),(58,0,0),(58,0,1),(59,0,0),(59,0,1),(60,0,0),(60,0,1),(61,0,0),(61,0,1),(62,0,0),(62,0,1),(63,0,0),(63,0,1),(64,0,0),(64,0,1),(65,0,0),(65,0,1),(66,0,0),(66,0,1),(67,0,0),(67,0,1),(68,0,0),(68,0,1),(69,0,0),(69,0,1),(70,0,0),(70,0,1),(71,0,0),(71,0,1),(72,0,0),(72,0,1),(73,0,0),(73,0,1),(74,0,0),(74,0,1),(75,0,0),(75,0,1),(76,0,0),(76,0,1),(77,0,0),(77,0,1),(78,0,0),(78,0,1),(79,0,0),(79,0,1),(80,0,0),(80,0,1),(81,0,0),(81,0,1),(82,0,0),(82,0,1),(83,0,0),(83,0,1),(84,0,0),(84,0,1),(85,0,0),(85,0,1),(86,0,0),(86,0,1),(87,0,0),(87,0,1),(88,0,0),(88,0,1),(89,0,0),(89,0,1),(90,0,0),(90,0,1),(91,0,0),(91,0,1),(92,0,0),(92,0,1),(93,0,0),(93,0,1),(94,0,0),(94,0,1),(95,0,0),(95,0,1),(96,0,0),(96,0,1),(97,0,0),(97,0,1),(98,0,0),(98,0,1),(99,0,0),(99,0,1),(100,0,0),(100,0,1),(101,0,0),(101,0,1),(102,0,0),(102,0,1),(103,0,0),(103,0,1),(104,0,0),(104,0,1),(105,0,0),(105,0,1),(106,0,0),(106,0,1),(107,0,0),(107,0,1),(108,0,0),(108,0,1),(109,0,0),(109,0,1),(110,0,0),(110,0,1),(111,0,0),(111,0,1),(112,0,0),(112,0,1),(113,0,0),(113,0,1),(114,0,0),(114,0,1),(115,0,0),(115,0,1),(116,0,0),(116,0,1),(117,0,0),(117,0,1),(118,0,0),(118,0,1),(119,0,0),(119,0,1),(120,0,0),(120,0,1),(121,0,0),(121,0,1),(122,0,0),(122,0,1),(123,0,0),(123,0,1),(124,0,0),(124,0,1),(125,0,0),(125,0,1),(126,0,0),(126,0,1),(127,0,0),(127,0,1),(128,0,0),(128,0,1),(129,0,0),(129,0,1),(130,0,0),(130,0,1),(131,0,0),(131,0,1),(132,0,0),(132,0,1),(133,0,0),(133,0,1),(134,0,0),(134,0,1),(135,0,0),(135,0,1),(136,0,0),(136,0,1),(137,0,0),(137,0,1),(138,0,0),(138,0,1),(139,0,0),(139,0,1),(140,0,0),(140,0,1),(141,0,0),(141,0,1),(142,0,0),(142,0,1),(143,0,0),(143,0,1),(144,0,0),(144,0,1),(145,0,0),(145,0,1),(146,0,0),(146,0,1),(147,0,0),(147,0,1),(148,0,0),(148,0,1),(149,0,0),(149,0,1),(150,0,0),(150,0,1),(151,0,0),(151,0,1),(152,0,0),(152,0,1),(153,0,0),(153,0,1),(154,0,0),(154,0,1),(155,0,0),(155,0,1),(156,0,0),(156,0,1),(157,0,0),(157,0,1),(158,0,0),(158,0,1),(159,0,0),(159,0,1),(160,0,0),(160,0,1),(161,0,0),(161,0,1),(162,0,0),(162,0,1),(163,0,0),(163,0,1),(164,0,0),(164,0,1),(165,0,0),(165,0,1),(166,0,0),(166,0,1),(167,0,0),(167,0,1),(168,0,0),(168,0,1),(169,0,0),(169,0,1),(170,0,0),(170,0,1),(171,0,0),(171,0,1),(172,0,0),(172,0,1),(173,0,0),(173,0,1),(174,0,0),(174,0,1),(175,0,0),(175,0,1),(176,0,0),(176,0,1),(177,0,0),(177,0,1),(178,0,0),(178,0,1),(179,0,0),(179,0,1),(180,0,0),(180,0,1),(181,0,0),(181,0,1),(182,0,0),(182,0,1),(183,0,0),(183,0,1),(184,0,0),(184,0,1),(185,0,0),(185,0,1),(186,0,0),(186,0,1),(187,0,0),(187,0,1),(188,0,0),(188,0,1),(189,0,0),(189,0,1),(190,0,0),(190,0,1),(191,0,0),(191,0,1),(192,0,0),(192,0,1),(193,0,0),(193,0,1),(194,0,0),(194,0,1),(195,0,0),(195,0,1),(196,0,0),(196,0,1);
/*!40000 ALTER TABLE `circuit_breaker_metrics_slow_call_count` ENABLE KEYS */;
UNLOCK TABLES;

--
-- Table structure for table `http_endpoint_metrics`
--

DROP TABLE IF EXISTS `http_endpoint_metrics`;
/*!40101 SET @saved_cs_client     = @@character_set_client */;
/*!50503 SET character_set_client = utf8mb4 */;
CREATE TABLE `http_endpoint_metrics` (
  `id` bigint NOT NULL AUTO_INCREMENT,
  `endpoint` varchar(255) DEFAULT NULL,
  `http_method` varchar(255) DEFAULT NULL,
  PRIMARY KEY (`id`)
) ENGINE=InnoDB AUTO_INCREMENT=768 DEFAULT CHARSET=utf8mb4 COLLATE=utf8mb4_0900_ai_ci;
/*!40101 SET character_set_client = @saved_cs_client */;

--
-- Dumping data for table `http_endpoint_metrics`
--

LOCK TABLES `http_endpoint_metrics` WRITE;
/*!40000 ALTER TABLE `http_endpoint_metrics` DISABLE KEYS */;
INSERT INTO `http_endpoint_metrics` VALUES (1,'/rest/processPayment','POST'),(2,'/rest/deliverOrder','POST'),(3,'/rest/customer/restaurants','GET'),(4,'/rest/customer/restaurants/{restaurantId}/menu','GET'),(5,'/rest/customer/restaurants/{restaurantId}/notify','POST'),(6,'/rest/customer/restaurants/{restaurantId}/item/{itemId}','GET'),(7,'/rest/{cartId}/addItem','POST'),(8,'/rest/customer/restaurants','GET'),(9,'/rest/customer/restaurants/{restaurantId}/menu','GET'),(10,'/rest/{cartId}/confirmOrder','POST'),(11,'/rest','POST'),(12,'/rest/{cartId}/confirmOrder','POST'),(13,'/rest','POST'),(14,'/rest/{cartId}/addItem','POST'),(15,'/rest/customer/restaurants','GET'),(16,'/rest/customer/restaurants/{restaurantId}/menu','GET'),(17,'/rest/customer/restaurants/{restaurantId}/notify','POST'),(18,'/rest/{cartId}/confirmOrder','POST'),(19,'/rest','POST'),(20,'/rest/{cartId}/addItem','POST'),(21,'/rest/deliverOrder','POST'),(22,'/rest/{cartId}/addItem','POST'),(23,'/rest/customer/restaurants','GET'),(24,'/rest/customer/restaurants/{restaurantId}/menu','GET'),(25,'/rest/customer/restaurants/{restaurantId}/item/{itemId}','GET'),(26,'/rest/processPayment','POST'),(27,'/rest/{cartId}/confirmOrder','POST'),(28,'/rest','POST'),(29,'/rest/{cartId}/addItem','POST'),(30,'/rest/customer/restaurants','GET'),(31,'/rest/customer/restaurants/{restaurantId}/menu','GET'),(32,'/rest/customer/restaurants/{restaurantId}/notify','POST'),(33,'/rest/customer/restaurants/{restaurantId}/item/{itemId}','GET'),(34,'/rest/customer/restaurants','GET'),(35,'/rest/customer/restaurants/{restaurantId}/menu','GET'),(36,'/rest/customer/restaurants/{restaurantId}/notify','POST'),(37,'/rest/customer/restaurants/{restaurantId}/item/{itemId}','GET'),(38,'/rest/{cartId}/confirmOrder','POST'),(39,'/rest','POST'),(40,'/rest/{cartId}/addItem','POST'),(41,'/rest/processPayment','POST'),(42,'/rest/deliverOrder','POST'),(43,'/rest/customer/restaurants','GET'),(44,'/rest/customer/restaurants/{restaurantId}/menu','GET'),(45,'/rest/customer/restaurants/{restaurantId}/notify','POST'),(46,'/rest/customer/restaurants/{restaurantId}/item/{itemId}','GET'),(47,'/rest/customer/restaurants','GET'),(48,'/rest/customer/restaurants/{restaurantId}/menu','GET'),(49,'/rest/customer/restaurants/{restaurantId}/notify','POST'),(50,'/rest/customer/restaurants/{restaurantId}/item/{itemId}','GET'),(51,'/rest/{cartId}/confirmOrder','POST'),(52,'/rest','POST'),(53,'/rest/{cartId}/addItem','POST'),(54,'/rest/customer/restaurants','GET'),(55,'/rest/customer/restaurants/{restaurantId}/menu','GET'),(56,'/rest/customer/restaurants/{restaurantId}/notify','POST'),(57,'/rest/customer/restaurants/{restaurantId}/item/{itemId}','GET'),(58,'/rest/{cartId}/confirmOrder','POST'),(59,'/rest','POST'),(60,'/rest/{cartId}/addItem','POST'),(61,'/rest/processPayment','POST'),(62,'/rest/deliverOrder','POST'),(63,'/rest/customer/restaurants','GET'),(64,'/rest/customer/restaurants/{restaurantId}/menu','GET'),(65,'/rest/customer/restaurants/{restaurantId}/notify','POST'),(66,'/rest/customer/restaurants/{restaurantId}/item/{itemId}','GET'),(67,'/rest/{cartId}/confirmOrder','POST'),(68,'/rest','POST'),(69,'/rest/{cartId}/addItem','POST'),(70,'/rest/customer/restaurants','GET'),(71,'/rest/customer/restaurants/{restaurantId}/menu','GET'),(72,'/rest/customer/restaurants/{restaurantId}/notify','POST'),(73,'/rest/customer/restaurants/{restaurantId}/item/{itemId}','GET'),(74,'/rest/{cartId}/confirmOrder','POST'),(75,'/rest','POST'),(76,'/rest/{cartId}/addItem','POST'),(77,'/rest/customer/restaurants','GET'),(78,'/rest/customer/restaurants/{restaurantId}/menu','GET'),(79,'/rest/customer/restaurants/{restaurantId}/notify','POST'),(80,'/rest/customer/restaurants/{restaurantId}/item/{itemId}','GET'),(81,'/rest/deliverOrder','POST'),(82,'/rest/processPayment','POST'),(83,'/rest/{cartId}/confirmOrder','POST'),(84,'/rest','POST'),(85,'/rest/{cartId}/addItem','POST'),(86,'/rest/customer/restaurants','GET'),(87,'/rest/customer/restaurants/{restaurantId}/menu','GET'),(88,'/rest/customer/restaurants/{restaurantId}/notify','POST'),(89,'/rest/customer/restaurants/{restaurantId}/item/{itemId}','GET'),(90,'/rest/{cartId}/confirmOrder','POST'),(91,'/rest','POST'),(92,'/rest/{cartId}/addItem','POST'),(93,'/rest/customer/restaurants','GET'),(94,'/rest/customer/restaurants/{restaurantId}/menu','GET'),(95,'/rest/customer/restaurants/{restaurantId}/notify','POST'),(96,'/rest/customer/restaurants/{restaurantId}/item/{itemId}','GET'),(97,'/rest/customer/restaurants','GET'),(98,'/rest/customer/restaurants/{restaurantId}/menu','GET'),(99,'/rest/customer/restaurants/{restaurantId}/notify','POST'),(100,'/rest/customer/restaurants/{restaurantId}/item/{itemId}','GET'),(101,'/rest/{cartId}/confirmOrder','POST'),(102,'/rest','POST'),(103,'/rest/{cartId}/addItem','POST'),(104,'/rest/{cartId}/confirmOrder','POST'),(105,'/rest','POST'),(106,'/rest/{cartId}/addItem','POST'),(107,'/rest/processPayment','POST'),(108,'/rest/deliverOrder','POST'),(109,'/rest/{cartId}/confirmOrder','POST'),(110,'/rest','POST'),(111,'/rest/{cartId}/addItem','POST'),(112,'/rest/{cartId}/confirmOrder','POST'),(113,'/rest','POST'),(114,'/rest/{cartId}/addItem','POST'),(115,'/rest/customer/restaurants','GET'),(116,'/rest/customer/restaurants/{restaurantId}/menu','GET'),(117,'/rest/customer/restaurants/{restaurantId}/notify','POST'),(118,'/rest/customer/restaurants/{restaurantId}/item/{itemId}','GET'),(119,'/rest/customer/restaurants','GET'),(120,'/rest/customer/restaurants/{restaurantId}/menu','GET'),(121,'/rest/customer/restaurants/{restaurantId}/notify','POST'),(122,'/rest/customer/restaurants/{restaurantId}/item/{itemId}','GET'),(123,'/rest/customer/restaurants','GET'),(124,'/rest/customer/restaurants/{restaurantId}/menu','GET'),(125,'/rest/customer/restaurants/{restaurantId}/notify','POST'),(126,'/rest/customer/restaurants/{restaurantId}/item/{itemId}','GET'),(127,'/rest/processPayment','POST'),(128,'/rest/deliverOrder','POST'),(129,'/rest/{cartId}/confirmOrder','POST'),(130,'/rest','POST'),(131,'/rest/{cartId}/addItem','POST'),(132,'/rest/{cartId}/confirmOrder','POST'),(133,'/rest','POST'),(134,'/rest/{cartId}/addItem','POST'),(135,'/rest/{cartId}/confirmOrder','POST'),(136,'/rest','POST'),(137,'/rest/{cartId}/addItem','POST'),(138,'/rest/customer/restaurants','GET'),(139,'/rest/customer/restaurants/{restaurantId}/menu','GET'),(140,'/rest/customer/restaurants/{restaurantId}/notify','POST'),(141,'/rest/customer/restaurants/{restaurantId}/item/{itemId}','GET'),(142,'/rest/customer/restaurants','GET'),(143,'/rest/customer/restaurants/{restaurantId}/menu','GET'),(144,'/rest/customer/restaurants/{restaurantId}/notify','POST'),(145,'/rest/customer/restaurants/{restaurantId}/item/{itemId}','GET'),(146,'/rest/customer/restaurants','GET'),(147,'/rest/customer/restaurants/{restaurantId}/menu','GET'),(148,'/rest/customer/restaurants/{restaurantId}/notify','POST'),(149,'/rest/customer/restaurants/{restaurantId}/item/{itemId}','GET'),(150,'/rest/deliverOrder','POST'),(151,'/rest/processPayment','POST'),(152,'/rest/{cartId}/confirmOrder','POST'),(153,'/rest','POST'),(154,'/rest/{cartId}/addItem','POST'),(155,'/rest/customer/restaurants','GET'),(156,'/rest/customer/restaurants/{restaurantId}/menu','GET'),(157,'/rest/customer/restaurants/{restaurantId}/notify','POST'),(158,'/rest/customer/restaurants/{restaurantId}/item/{itemId}','GET'),(159,'/rest/customer/restaurants','GET'),(160,'/rest/customer/restaurants/{restaurantId}/menu','GET'),(161,'/rest/customer/restaurants/{restaurantId}/notify','POST'),(162,'/rest/customer/restaurants/{restaurantId}/item/{itemId}','GET'),(163,'/rest/{cartId}/confirmOrder','POST'),(164,'/rest','POST'),(165,'/rest/{cartId}/addItem','POST'),(166,'/rest/customer/restaurants','GET'),(167,'/rest/customer/restaurants/{restaurantId}/menu','GET'),(168,'/rest/customer/restaurants/{restaurantId}/notify','POST'),(169,'/rest/customer/restaurants/{restaurantId}/item/{itemId}','GET'),(170,'/rest/{cartId}/confirmOrder','POST'),(171,'/rest','POST'),(172,'/rest/{cartId}/addItem','POST'),(173,'/rest/{cartId}/confirmOrder','POST'),(174,'/rest','POST'),(175,'/rest/{cartId}/addItem','POST'),(176,'/rest/deliverOrder','POST'),(177,'/rest/processPayment','POST'),(178,'/rest/customer/restaurants','GET'),(179,'/rest/customer/restaurants/{restaurantId}/menu','GET'),(180,'/rest/customer/restaurants/{restaurantId}/notify','POST'),(181,'/rest/customer/restaurants/{restaurantId}/item/{itemId}','GET'),(182,'/rest/{cartId}/confirmOrder','POST'),(183,'/rest','POST'),(184,'/rest/{cartId}/addItem','POST'),(185,'/rest/customer/restaurants','GET'),(186,'/rest/customer/restaurants/{restaurantId}/menu','GET'),(187,'/rest/customer/restaurants/{restaurantId}/notify','POST'),(188,'/rest/customer/restaurants/{restaurantId}/item/{itemId}','GET'),(189,'/rest/{cartId}/confirmOrder','POST'),(190,'/rest','POST'),(191,'/rest/{cartId}/addItem','POST'),(192,'/rest/customer/restaurants','GET'),(193,'/rest/customer/restaurants/{restaurantId}/menu','GET'),(194,'/rest/customer/restaurants/{restaurantId}/notify','POST'),(195,'/rest/customer/restaurants/{restaurantId}/item/{itemId}','GET'),(196,'/rest/deliverOrder','POST'),(197,'/rest/{cartId}/confirmOrder','POST'),(198,'/rest','POST'),(199,'/rest/{cartId}/addItem','POST'),(200,'/rest/processPayment','POST'),(201,'/rest/customer/restaurants','GET'),(202,'/rest/customer/restaurants/{restaurantId}/menu','GET'),(203,'/rest/customer/restaurants/{restaurantId}/notify','POST'),(204,'/rest/customer/restaurants/{restaurantId}/item/{itemId}','GET'),(205,'/rest/{cartId}/confirmOrder','POST'),(206,'/rest','POST'),(207,'/rest/{cartId}/addItem','POST'),(208,'/rest/{cartId}/confirmOrder','POST'),(209,'/rest','POST'),(210,'/rest/{cartId}/addItem','POST'),(211,'/rest/customer/restaurants','GET'),(212,'/rest/customer/restaurants/{restaurantId}/menu','GET'),(213,'/rest/customer/restaurants/{restaurantId}/notify','POST'),(214,'/rest/customer/restaurants/{restaurantId}/item/{itemId}','GET'),(215,'/rest/customer/restaurants','GET'),(216,'/rest/customer/restaurants/{restaurantId}/menu','GET'),(217,'/rest/customer/restaurants/{restaurantId}/notify','POST'),(218,'/rest/customer/restaurants/{restaurantId}/item/{itemId}','GET'),(219,'/rest/deliverOrder','POST'),(220,'/rest/{cartId}/confirmOrder','POST'),(221,'/rest','POST'),(222,'/rest/{cartId}/addItem','POST'),(223,'/rest/processPayment','POST'),(224,'/rest/customer/restaurants','GET'),(225,'/rest/customer/restaurants/{restaurantId}/menu','GET'),(226,'/rest/customer/restaurants/{restaurantId}/notify','POST'),(227,'/rest/customer/restaurants/{restaurantId}/item/{itemId}','GET'),(228,'/rest/{cartId}/confirmOrder','POST'),(229,'/rest','POST'),(230,'/rest/{cartId}/addItem','POST'),(231,'/rest/{cartId}/confirmOrder','POST'),(232,'/rest','POST'),(233,'/rest/{cartId}/addItem','POST'),(234,'/rest/customer/restaurants','GET'),(235,'/rest/customer/restaurants/{restaurantId}/menu','GET'),(236,'/rest/customer/restaurants/{restaurantId}/notify','POST'),(237,'/rest/customer/restaurants/{restaurantId}/item/{itemId}','GET'),(238,'/rest/customer/restaurants','GET'),(239,'/rest/customer/restaurants/{restaurantId}/menu','GET'),(240,'/rest/customer/restaurants/{restaurantId}/notify','POST'),(241,'/rest/customer/restaurants/{restaurantId}/item/{itemId}','GET'),(242,'/rest/processPayment','POST'),(243,'/rest/deliverOrder','POST'),(244,'/rest/customer/restaurants','GET'),(245,'/rest/customer/restaurants/{restaurantId}/menu','GET'),(246,'/rest/customer/restaurants/{restaurantId}/notify','POST'),(247,'/rest/customer/restaurants/{restaurantId}/item/{itemId}','GET'),(248,'/rest/{cartId}/confirmOrder','POST'),(249,'/rest','POST'),(250,'/rest/{cartId}/addItem','POST'),(251,'/rest/customer/restaurants','GET'),(252,'/rest/customer/restaurants/{restaurantId}/menu','GET'),(253,'/rest/customer/restaurants/{restaurantId}/notify','POST'),(254,'/rest/customer/restaurants/{restaurantId}/item/{itemId}','GET'),(255,'/rest/{cartId}/confirmOrder','POST'),(256,'/rest','POST'),(257,'/rest/{cartId}/addItem','POST'),(258,'/rest/customer/restaurants','GET'),(259,'/rest/customer/restaurants/{restaurantId}/menu','GET'),(260,'/rest/customer/restaurants/{restaurantId}/notify','POST'),(261,'/rest/customer/restaurants/{restaurantId}/item/{itemId}','GET'),(262,'/rest/processPayment','POST'),(263,'/rest/deliverOrder','POST'),(264,'/rest/{cartId}/confirmOrder','POST'),(265,'/rest','POST'),(266,'/rest/{cartId}/addItem','POST'),(267,'/rest/customer/restaurants','GET'),(268,'/rest/customer/restaurants/{restaurantId}/menu','GET'),(269,'/rest/customer/restaurants/{restaurantId}/notify','POST'),(270,'/rest/customer/restaurants/{restaurantId}/item/{itemId}','GET'),(271,'/rest/{cartId}/confirmOrder','POST'),(272,'/rest','POST'),(273,'/rest/{cartId}/addItem','POST'),(274,'/rest/customer/restaurants','GET'),(275,'/rest/customer/restaurants/{restaurantId}/menu','GET'),(276,'/rest/customer/restaurants/{restaurantId}/notify','POST'),(277,'/rest/customer/restaurants/{restaurantId}/item/{itemId}','GET'),(278,'/rest/{cartId}/confirmOrder','POST'),(279,'/rest','POST'),(280,'/rest/{cartId}/addItem','POST'),(281,'/rest/customer/restaurants','GET'),(282,'/rest/customer/restaurants/{restaurantId}/menu','GET'),(283,'/rest/customer/restaurants/{restaurantId}/notify','POST'),(284,'/rest/customer/restaurants/{restaurantId}/item/{itemId}','GET'),(285,'/rest/deliverOrder','POST'),(286,'/rest/{cartId}/confirmOrder','POST'),(287,'/rest','POST'),(288,'/rest/{cartId}/addItem','POST'),(289,'/rest/customer/restaurants','GET'),(290,'/rest/customer/restaurants/{restaurantId}/menu','GET'),(291,'/rest/customer/restaurants/{restaurantId}/notify','POST'),(292,'/rest/customer/restaurants/{restaurantId}/item/{itemId}','GET'),(293,'/rest/processPayment','POST'),(294,'/rest/customer/restaurants','GET'),(295,'/rest/customer/restaurants/{restaurantId}/menu','GET'),(296,'/rest/customer/restaurants/{restaurantId}/notify','POST'),(297,'/rest/customer/restaurants/{restaurantId}/item/{itemId}','GET'),(298,'/rest/customer/restaurants','GET'),(299,'/rest/customer/restaurants/{restaurantId}/menu','GET'),(300,'/rest/customer/restaurants/{restaurantId}/notify','POST'),(301,'/rest/customer/restaurants/{restaurantId}/item/{itemId}','GET'),(302,'/rest/{cartId}/confirmOrder','POST'),(303,'/rest','POST'),(304,'/rest/{cartId}/addItem','POST'),(305,'/rest/{cartId}/confirmOrder','POST'),(306,'/rest','POST'),(307,'/rest/{cartId}/addItem','POST'),(308,'/rest/deliverOrder','POST'),(309,'/rest/processPayment','POST'),(310,'/rest/{cartId}/confirmOrder','POST'),(311,'/rest','POST'),(312,'/rest/{cartId}/addItem','POST'),(313,'/rest/customer/restaurants','GET'),(314,'/rest/customer/restaurants/{restaurantId}/menu','GET'),(315,'/rest/customer/restaurants/{restaurantId}/notify','POST'),(316,'/rest/customer/restaurants/{restaurantId}/item/{itemId}','GET'),(317,'/rest/customer/restaurants','GET'),(318,'/rest/customer/restaurants/{restaurantId}/menu','GET'),(319,'/rest/customer/restaurants/{restaurantId}/notify','POST'),(320,'/rest/customer/restaurants/{restaurantId}/item/{itemId}','GET'),(321,'/rest/{cartId}/confirmOrder','POST'),(322,'/rest','POST'),(323,'/rest/{cartId}/addItem','POST'),(324,'/rest/customer/restaurants','GET'),(325,'/rest/customer/restaurants/{restaurantId}/menu','GET'),(326,'/rest/customer/restaurants/{restaurantId}/notify','POST'),(327,'/rest/customer/restaurants/{restaurantId}/item/{itemId}','GET'),(328,'/rest/{cartId}/confirmOrder','POST'),(329,'/rest','POST'),(330,'/rest/{cartId}/addItem','POST'),(331,'/rest/deliverOrder','POST'),(332,'/rest/processPayment','POST'),(333,'/rest/{cartId}/confirmOrder','POST'),(334,'/rest','POST'),(335,'/rest/{cartId}/addItem','POST'),(336,'/rest/{cartId}/confirmOrder','POST'),(337,'/rest','POST'),(338,'/rest/{cartId}/addItem','POST'),(339,'/rest/customer/restaurants','GET'),(340,'/rest/customer/restaurants/{restaurantId}/menu','GET'),(341,'/rest/customer/restaurants/{restaurantId}/notify','POST'),(342,'/rest/customer/restaurants/{restaurantId}/item/{itemId}','GET'),(343,'/rest/customer/restaurants','GET'),(344,'/rest/customer/restaurants/{restaurantId}/menu','GET'),(345,'/rest/customer/restaurants/{restaurantId}/notify','POST'),(346,'/rest/customer/restaurants/{restaurantId}/item/{itemId}','GET'),(347,'/rest/customer/restaurants','GET'),(348,'/rest/customer/restaurants/{restaurantId}/menu','GET'),(349,'/rest/customer/restaurants/{restaurantId}/notify','POST'),(350,'/rest/customer/restaurants/{restaurantId}/item/{itemId}','GET'),(351,'/rest/deliverOrder','POST'),(352,'/rest/processPayment','POST'),(353,'/rest/customer/restaurants','GET'),(354,'/rest/customer/restaurants/{restaurantId}/menu','GET'),(355,'/rest/customer/restaurants/{restaurantId}/notify','POST'),(356,'/rest/customer/restaurants/{restaurantId}/item/{itemId}','GET'),(357,'/rest/{cartId}/confirmOrder','POST'),(358,'/rest','POST'),(359,'/rest/{cartId}/addItem','POST'),(360,'/rest/customer/restaurants','GET'),(361,'/rest/customer/restaurants/{restaurantId}/menu','GET'),(362,'/rest/customer/restaurants/{restaurantId}/notify','POST'),(363,'/rest/customer/restaurants/{restaurantId}/item/{itemId}','GET'),(364,'/rest/customer/restaurants','GET'),(365,'/rest/customer/restaurants/{restaurantId}/menu','GET'),(366,'/rest/customer/restaurants/{restaurantId}/notify','POST'),(367,'/rest/customer/restaurants/{restaurantId}/item/{itemId}','GET'),(368,'/rest/{cartId}/confirmOrder','POST'),(369,'/rest','POST'),(370,'/rest/{cartId}/addItem','POST'),(371,'/rest/processPayment','POST'),(372,'/rest/deliverOrder','POST'),(373,'/rest/customer/restaurants','GET'),(374,'/rest/customer/restaurants/{restaurantId}/menu','GET'),(375,'/rest/customer/restaurants/{restaurantId}/notify','POST'),(376,'/rest/customer/restaurants/{restaurantId}/item/{itemId}','GET'),(377,'/rest/{cartId}/confirmOrder','POST'),(378,'/rest','POST'),(379,'/rest/{cartId}/addItem','POST'),(380,'/rest/{cartId}/confirmOrder','POST'),(381,'/rest','POST'),(382,'/rest/{cartId}/addItem','POST'),(383,'/rest/customer/restaurants','GET'),(384,'/rest/customer/restaurants/{restaurantId}/menu','GET'),(385,'/rest/customer/restaurants/{restaurantId}/notify','POST'),(386,'/rest/customer/restaurants/{restaurantId}/item/{itemId}','GET'),(387,'/rest/customer/restaurants','GET'),(388,'/rest/customer/restaurants/{restaurantId}/menu','GET'),(389,'/rest/customer/restaurants/{restaurantId}/notify','POST'),(390,'/rest/customer/restaurants/{restaurantId}/item/{itemId}','GET'),(391,'/rest/{cartId}/confirmOrder','POST'),(392,'/rest','POST'),(393,'/rest/{cartId}/addItem','POST'),(394,'/rest/deliverOrder','POST'),(395,'/rest/processPayment','POST'),(396,'/rest/{cartId}/confirmOrder','POST'),(397,'/rest','POST'),(398,'/rest/{cartId}/addItem','POST'),(399,'/rest/customer/restaurants','GET'),(400,'/rest/customer/restaurants/{restaurantId}/menu','GET'),(401,'/rest/customer/restaurants/{restaurantId}/notify','POST'),(402,'/rest/customer/restaurants/{restaurantId}/item/{itemId}','GET'),(403,'/rest/customer/restaurants','GET'),(404,'/rest/customer/restaurants/{restaurantId}/menu','GET'),(405,'/rest/customer/restaurants/{restaurantId}/notify','POST'),(406,'/rest/customer/restaurants/{restaurantId}/item/{itemId}','GET'),(407,'/rest/{cartId}/confirmOrder','POST'),(408,'/rest','POST'),(409,'/rest/{cartId}/addItem','POST'),(410,'/rest/customer/restaurants','GET'),(411,'/rest/customer/restaurants/{restaurantId}/menu','GET'),(412,'/rest/customer/restaurants/{restaurantId}/notify','POST'),(413,'/rest/customer/restaurants/{restaurantId}/item/{itemId}','GET'),(414,'/rest/{cartId}/confirmOrder','POST'),(415,'/rest','POST'),(416,'/rest/{cartId}/addItem','POST'),(417,'/rest/deliverOrder','POST'),(418,'/rest/customer/restaurants','GET'),(419,'/rest/customer/restaurants/{restaurantId}/menu','GET'),(420,'/rest/customer/restaurants/{restaurantId}/notify','POST'),(421,'/rest/customer/restaurants/{restaurantId}/item/{itemId}','GET'),(422,'/rest/{cartId}/confirmOrder','POST'),(423,'/rest','POST'),(424,'/rest/{cartId}/addItem','POST'),(425,'/rest/processPayment','POST'),(426,'/rest/{cartId}/confirmOrder','POST'),(427,'/rest','POST'),(428,'/rest/{cartId}/addItem','POST'),(429,'/rest/customer/restaurants','GET'),(430,'/rest/customer/restaurants/{restaurantId}/menu','GET'),(431,'/rest/customer/restaurants/{restaurantId}/notify','POST'),(432,'/rest/customer/restaurants/{restaurantId}/item/{itemId}','GET'),(433,'/rest/{cartId}/confirmOrder','POST'),(434,'/rest','POST'),(435,'/rest/{cartId}/addItem','POST'),(436,'/rest/customer/restaurants','GET'),(437,'/rest/customer/restaurants/{restaurantId}/menu','GET'),(438,'/rest/customer/restaurants/{restaurantId}/notify','POST'),(439,'/rest/customer/restaurants/{restaurantId}/item/{itemId}','GET'),(440,'/rest/processPayment','POST'),(441,'/rest/deliverOrder','POST'),(442,'/rest/{cartId}/confirmOrder','POST'),(443,'/rest','POST'),(444,'/rest/{cartId}/addItem','POST'),(445,'/rest/customer/restaurants','GET'),(446,'/rest/customer/restaurants/{restaurantId}/menu','GET'),(447,'/rest/customer/restaurants/{restaurantId}/notify','POST'),(448,'/rest/customer/restaurants/{restaurantId}/item/{itemId}','GET'),(449,'/rest/customer/restaurants','GET'),(450,'/rest/customer/restaurants/{restaurantId}/menu','GET'),(451,'/rest/customer/restaurants/{restaurantId}/notify','POST'),(452,'/rest/customer/restaurants/{restaurantId}/item/{itemId}','GET'),(453,'/rest/{cartId}/confirmOrder','POST'),(454,'/rest','POST'),(455,'/rest/{cartId}/addItem','POST'),(456,'/rest/{cartId}/confirmOrder','POST'),(457,'/rest','POST'),(458,'/rest/{cartId}/addItem','POST'),(459,'/rest/customer/restaurants','GET'),(460,'/rest/customer/restaurants/{restaurantId}/menu','GET'),(461,'/rest/customer/restaurants/{restaurantId}/notify','POST'),(462,'/rest/customer/restaurants/{restaurantId}/item/{itemId}','GET'),(463,'/rest/deliverOrder','POST'),(464,'/rest/processPayment','POST'),(465,'/rest/{cartId}/confirmOrder','POST'),(466,'/rest','POST'),(467,'/rest/{cartId}/addItem','POST'),(468,'/rest/customer/restaurants','GET'),(469,'/rest/customer/restaurants/{restaurantId}/menu','GET'),(470,'/rest/customer/restaurants/{restaurantId}/notify','POST'),(471,'/rest/customer/restaurants/{restaurantId}/item/{itemId}','GET'),(472,'/rest/{cartId}/confirmOrder','POST'),(473,'/rest','POST'),(474,'/rest/{cartId}/addItem','POST'),(475,'/rest/{cartId}/confirmOrder','POST'),(476,'/rest','POST'),(477,'/rest/{cartId}/addItem','POST'),(478,'/rest/customer/restaurants','GET'),(479,'/rest/customer/restaurants/{restaurantId}/menu','GET'),(480,'/rest/customer/restaurants/{restaurantId}/notify','POST'),(481,'/rest/customer/restaurants/{restaurantId}/item/{itemId}','GET'),(482,'/rest/customer/restaurants','GET'),(483,'/rest/customer/restaurants/{restaurantId}/menu','GET'),(484,'/rest/customer/restaurants/{restaurantId}/notify','POST'),(485,'/rest/customer/restaurants/{restaurantId}/item/{itemId}','GET'),(486,'/rest/customer/restaurants','GET'),(487,'/rest/customer/restaurants/{restaurantId}/menu','GET'),(488,'/rest/customer/restaurants/{restaurantId}/notify','POST'),(489,'/rest/customer/restaurants/{restaurantId}/item/{itemId}','GET'),(490,'/rest/deliverOrder','POST'),(491,'/rest/processPayment','POST'),(492,'/rest/{cartId}/confirmOrder','POST'),(493,'/rest','POST'),(494,'/rest/{cartId}/addItem','POST'),(495,'/rest/customer/restaurants','GET'),(496,'/rest/customer/restaurants/{restaurantId}/menu','GET'),(497,'/rest/customer/restaurants/{restaurantId}/notify','POST'),(498,'/rest/customer/restaurants/{restaurantId}/item/{itemId}','GET'),(499,'/rest/customer/restaurants','GET'),(500,'/rest/customer/restaurants/{restaurantId}/menu','GET'),(501,'/rest/customer/restaurants/{restaurantId}/notify','POST'),(502,'/rest/customer/restaurants/{restaurantId}/item/{itemId}','GET'),(503,'/rest/{cartId}/confirmOrder','POST'),(504,'/rest','POST'),(505,'/rest/{cartId}/addItem','POST'),(506,'/rest/{cartId}/confirmOrder','POST'),(507,'/rest','POST'),(508,'/rest/{cartId}/addItem','POST'),(509,'/rest/processPayment','POST'),(510,'/rest/customer/restaurants','GET'),(511,'/rest/customer/restaurants/{restaurantId}/menu','GET'),(512,'/rest/customer/restaurants/{restaurantId}/notify','POST'),(513,'/rest/customer/restaurants/{restaurantId}/item/{itemId}','GET'),(514,'/rest/{cartId}/confirmOrder','POST'),(515,'/rest','POST'),(516,'/rest/{cartId}/addItem','POST'),(517,'/rest/{cartId}/confirmOrder','POST'),(518,'/rest','POST'),(519,'/rest/{cartId}/addItem','POST'),(520,'/rest/deliverOrder','POST'),(521,'/rest/customer/restaurants','GET'),(522,'/rest/customer/restaurants/{restaurantId}/menu','GET'),(523,'/rest/customer/restaurants/{restaurantId}/notify','POST'),(524,'/rest/customer/restaurants/{restaurantId}/item/{itemId}','GET'),(525,'/rest/{cartId}/confirmOrder','POST'),(526,'/rest','POST'),(527,'/rest/{cartId}/addItem','POST'),(528,'/rest/customer/restaurants','GET'),(529,'/rest/customer/restaurants/{restaurantId}/menu','GET'),(530,'/rest/customer/restaurants/{restaurantId}/notify','POST'),(531,'/rest/customer/restaurants/{restaurantId}/item/{itemId}','GET'),(532,'/rest/customer/restaurants','GET'),(533,'/rest/customer/restaurants/{restaurantId}/menu','GET'),(534,'/rest/customer/restaurants/{restaurantId}/notify','POST'),(535,'/rest/customer/restaurants/{restaurantId}/item/{itemId}','GET'),(536,'/rest/processPayment','POST'),(537,'/rest/deliverOrder','POST'),(538,'/rest/customer/restaurants','GET'),(539,'/rest/customer/restaurants/{restaurantId}/menu','GET'),(540,'/rest/customer/restaurants/{restaurantId}/notify','POST'),(541,'/rest/customer/restaurants/{restaurantId}/item/{itemId}','GET'),(542,'/rest/{cartId}/confirmOrder','POST'),(543,'/rest','POST'),(544,'/rest/{cartId}/addItem','POST'),(545,'/rest/{cartId}/confirmOrder','POST'),(546,'/rest','POST'),(547,'/rest/{cartId}/confirmTakeAway','POST'),(548,'/rest/{cartId}/addItem','POST'),(549,'/rest/{cartId}/confirmOrder','POST'),(550,'/rest','POST'),(551,'/rest/{cartId}/addItem','POST'),(552,'/rest/customer/restaurants','GET'),(553,'/rest/customer/restaurants/{restaurantId}/menu','GET'),(554,'/rest/customer/restaurants/{restaurantId}/notify','POST'),(555,'/rest/customer/restaurants/{restaurantId}/item/{itemId}','GET'),(556,'/rest/{cartId}/confirmOrder','POST'),(557,'/rest','POST'),(558,'/rest/{cartId}/confirmTakeAway','POST'),(559,'/rest/{cartId}/addItem','POST'),(560,'/rest/deliverOrder','POST'),(561,'/rest/processPayment','POST'),(562,'/rest/customer/restaurants','GET'),(563,'/rest/customer/restaurants/{restaurantId}/menu','GET'),(564,'/rest/customer/restaurants/{restaurantId}/notify','POST'),(565,'/rest/customer/restaurants/{restaurantId}/item/{itemId}','GET'),(566,'/rest/{cartId}/confirmOrder','POST'),(567,'/rest','POST'),(568,'/rest/{cartId}/addItem','POST'),(569,'/rest/customer/restaurants','GET'),(570,'/rest/customer/restaurants/{restaurantId}/menu','GET'),(571,'/rest/customer/restaurants/{restaurantId}/notify','POST'),(572,'/rest/customer/restaurants/{restaurantId}/item/{itemId}','GET'),(573,'/rest/{cartId}/confirmOrder','POST'),(574,'/rest','POST'),(575,'/rest/{cartId}/addItem','POST'),(576,'/rest/customer/restaurants','GET'),(577,'/rest/customer/restaurants/{restaurantId}/menu','GET'),(578,'/rest/customer/restaurants/{restaurantId}/notify','POST'),(579,'/rest/customer/restaurants/{restaurantId}/item/{itemId}','GET'),(580,'/rest/processPayment','POST'),(581,'/rest/deliverOrder','POST'),(582,'/rest/customer/restaurants','GET'),(583,'/rest/customer/restaurants/{restaurantId}/menu','GET'),(584,'/rest/customer/restaurants/{restaurantId}/notify','POST'),(585,'/rest/customer/restaurants/{restaurantId}/item/{itemId}','GET'),(586,'/rest/{cartId}/confirmOrder','POST'),(587,'/rest','POST'),(588,'/rest/{cartId}/addItem','POST'),(589,'/rest/{cartId}/confirmOrder','POST'),(590,'/rest','POST'),(591,'/rest/{cartId}/confirmTakeAway','POST'),(592,'/rest/{cartId}/addItem','POST'),(593,'/rest/customer/restaurants','GET'),(594,'/rest/customer/restaurants/{restaurantId}/menu','GET'),(595,'/rest/customer/restaurants/{restaurantId}/notify','POST'),(596,'/rest/customer/restaurants/{restaurantId}/item/{itemId}','GET'),(597,'/rest/{cartId}/confirmOrder','POST'),(598,'/rest','POST'),(599,'/rest/{cartId}/addItem','POST'),(600,'/rest/customer/restaurants','GET'),(601,'/rest/customer/restaurants/{restaurantId}/menu','GET'),(602,'/rest/customer/restaurants/{restaurantId}/notify','POST'),(603,'/rest/customer/restaurants/{restaurantId}/item/{itemId}','GET'),(604,'/rest/deliverOrder','POST'),(605,'/rest/{cartId}/confirmOrder','POST'),(606,'/rest','POST'),(607,'/rest/{cartId}/addItem','POST'),(608,'/rest/processPayment','POST'),(609,'/rest/customer/restaurants','GET'),(610,'/rest/customer/restaurants/{restaurantId}/menu','GET'),(611,'/rest/customer/restaurants/{restaurantId}/notify','POST'),(612,'/rest/customer/restaurants/{restaurantId}/item/{itemId}','GET'),(613,'/rest/customer/restaurants','GET'),(614,'/rest/customer/restaurants/{restaurantId}/menu','GET'),(615,'/rest/customer/restaurants/{restaurantId}/notify','POST'),(616,'/rest/customer/restaurants/{restaurantId}/item/{itemId}','GET'),(617,'/rest/customer/restaurants','GET'),(618,'/rest/customer/restaurants/{restaurantId}/menu','GET'),(619,'/rest/customer/restaurants/{restaurantId}/notify','POST'),(620,'/rest/customer/restaurants/{restaurantId}/item/{itemId}','GET'),(621,'/rest/{cartId}/confirmOrder','POST'),(622,'/rest','POST'),(623,'/rest/{cartId}/addItem','POST'),(624,'/rest/{cartId}/confirmOrder','POST'),(625,'/rest','POST'),(626,'/rest/{cartId}/confirmTakeAway','POST'),(627,'/rest/{cartId}/addItem','POST'),(628,'/rest/deliverOrder','POST'),(629,'/rest/customer/restaurants','GET'),(630,'/rest/customer/restaurants/{restaurantId}/menu','GET'),(631,'/rest/customer/restaurants/{restaurantId}/notify','POST'),(632,'/rest/customer/restaurants/{restaurantId}/item/{itemId}','GET'),(633,'/rest/{cartId}/confirmOrder','POST'),(634,'/rest','POST'),(635,'/rest/{cartId}/addItem','POST'),(636,'/rest/processPayment','POST'),(637,'/rest/{cartId}/confirmOrder','POST'),(638,'/rest','POST'),(639,'/rest/{cartId}/addItem','POST'),(640,'/rest/customer/restaurants','GET'),(641,'/rest/customer/restaurants/{restaurantId}/menu','GET'),(642,'/rest/customer/restaurants/{restaurantId}/notify','POST'),(643,'/rest/customer/restaurants/{restaurantId}/item/{itemId}','GET'),(644,'/rest/{cartId}/confirmOrder','POST'),(645,'/rest','POST'),(646,'/rest/{cartId}/confirmTakeAway','POST'),(647,'/rest/{cartId}/addItem','POST'),(648,'/rest/customer/restaurants','GET'),(649,'/rest/customer/restaurants/{restaurantId}/menu','GET'),(650,'/rest/customer/restaurants/{restaurantId}/notify','POST'),(651,'/rest/customer/restaurants/{restaurantId}/item/{itemId}','GET'),(652,'/rest/processPayment','POST'),(653,'/rest/deliverOrder','POST'),(654,'/rest/customer/restaurants','GET'),(655,'/rest/customer/restaurants/{restaurantId}/menu','GET'),(656,'/rest/customer/restaurants/{restaurantId}/notify','POST'),(657,'/rest/customer/restaurants/{restaurantId}/item/{itemId}','GET'),(658,'/rest/{cartId}/confirmOrder','POST'),(659,'/rest','POST'),(660,'/rest/{cartId}/addItem','POST'),(661,'/rest/{cartId}/confirmOrder','POST'),(662,'/rest','POST'),(663,'/rest/{cartId}/confirmTakeAway','POST'),(664,'/rest/{cartId}/addItem','POST'),(665,'/rest/{cartId}/confirmOrder','POST'),(666,'/rest','POST'),(667,'/rest/{cartId}/addItem','POST'),(668,'/rest/customer/restaurants','GET'),(669,'/rest/customer/restaurants/{restaurantId}/menu','GET'),(670,'/rest/customer/restaurants/{restaurantId}/notify','POST'),(671,'/rest/customer/restaurants/{restaurantId}/item/{itemId}','GET'),(672,'/rest/customer/restaurants','GET'),(673,'/rest/customer/restaurants/{restaurantId}/menu','GET'),(674,'/rest/customer/restaurants/{restaurantId}/notify','POST'),(675,'/rest/customer/restaurants/{restaurantId}/item/{itemId}','GET'),(676,'/rest/deliverOrder','POST'),(677,'/rest/customer/restaurants','GET'),(678,'/rest/customer/restaurants/{restaurantId}/menu','GET'),(679,'/rest/customer/restaurants/{restaurantId}/notify','POST'),(680,'/rest/customer/restaurants/{restaurantId}/item/{itemId}','GET'),(681,'/rest/processPayment','POST'),(682,'/rest/{cartId}/confirmOrder','POST'),(683,'/rest','POST'),(684,'/rest/{cartId}/confirmTakeAway','POST'),(685,'/rest/{cartId}/addItem','POST'),(686,'/rest/{cartId}/confirmOrder','POST'),(687,'/rest','POST'),(688,'/rest/{cartId}/addItem','POST'),(689,'/rest/customer/restaurants','GET'),(690,'/rest/customer/restaurants/{restaurantId}/menu','GET'),(691,'/rest/customer/restaurants/{restaurantId}/notify','POST'),(692,'/rest/customer/restaurants/{restaurantId}/item/{itemId}','GET'),(693,'/rest/{cartId}/confirmOrder','POST'),(694,'/rest','POST'),(695,'/rest/{cartId}/addItem','POST'),(696,'/rest/customer/restaurants','GET'),(697,'/rest/customer/restaurants/{restaurantId}/menu','GET'),(698,'/rest/customer/restaurants/{restaurantId}/notify','POST'),(699,'/rest/customer/restaurants/{restaurantId}/item/{itemId}','GET'),(700,'/rest/processPayment','POST'),(701,'/rest/deliverOrder','POST'),(702,'/rest/{cartId}/confirmOrder','POST'),(703,'/rest','POST'),(704,'/rest/{cartId}/confirmTakeAway','POST'),(705,'/rest/{cartId}/addItem','POST'),(706,'/rest/customer/restaurants','GET'),(707,'/rest/customer/restaurants/{restaurantId}/menu','GET'),(708,'/rest/customer/restaurants/{restaurantId}/notify','POST'),(709,'/rest/customer/restaurants/{restaurantId}/item/{itemId}','GET'),(710,'/rest/{cartId}/confirmOrder','POST'),(711,'/rest','POST'),(712,'/rest/{cartId}/addItem','POST'),(713,'/rest/{cartId}/confirmOrder','POST'),(714,'/rest','POST'),(715,'/rest/{cartId}/addItem','POST'),(716,'/rest/customer/restaurants','GET'),(717,'/rest/customer/restaurants/{restaurantId}/menu','GET'),(718,'/rest/customer/restaurants/{restaurantId}/notify','POST'),(719,'/rest/customer/restaurants/{restaurantId}/item/{itemId}','GET'),(720,'/rest/deliverOrder','POST'),(721,'/rest/customer/restaurants','GET'),(722,'/rest/customer/restaurants/{restaurantId}/menu','GET'),(723,'/rest/customer/restaurants/{restaurantId}/notify','POST'),(724,'/rest/customer/restaurants/{restaurantId}/item/{itemId}','GET'),(725,'/rest/processPayment','POST'),(726,'/rest/{cartId}/confirmOrder','POST'),(727,'/rest','POST'),(728,'/rest/{cartId}/addItem','POST'),(729,'/rest/customer/restaurants','GET'),(730,'/rest/customer/restaurants/{restaurantId}/menu','GET'),(731,'/rest/customer/restaurants/{restaurantId}/notify','POST'),(732,'/rest/customer/restaurants/{restaurantId}/item/{itemId}','GET'),(733,'/rest/{cartId}/confirmOrder','POST'),(734,'/rest','POST'),(735,'/rest/{cartId}/addItem','POST'),(736,'/rest/customer/restaurants','GET'),(737,'/rest/customer/restaurants/{restaurantId}/menu','GET'),(738,'/rest/customer/restaurants/{restaurantId}/notify','POST'),(739,'/rest/customer/restaurants/{restaurantId}/item/{itemId}','GET'),(740,'/rest/{cartId}/confirmOrder','POST'),(741,'/rest','POST'),(742,'/rest/{cartId}/confirmTakeAway','POST'),(743,'/rest/{cartId}/addItem','POST'),(744,'/rest/processPayment','POST'),(745,'/rest/deliverOrder','POST'),(746,'/rest/customer/restaurants','GET'),(747,'/rest/customer/restaurants/{restaurantId}/menu','GET'),(748,'/rest/customer/restaurants/{restaurantId}/notify','POST'),(749,'/rest/customer/restaurants/{restaurantId}/item/{itemId}','GET'),(750,'/rest/customer/restaurants','GET'),(751,'/rest/customer/restaurants/{restaurantId}/menu','GET'),(752,'/rest/customer/restaurants/{restaurantId}/notify','POST'),(753,'/rest/customer/restaurants/{restaurantId}/item/{itemId}','GET'),(754,'/rest/{cartId}/confirmOrder','POST'),(755,'/rest','POST'),(756,'/rest/{cartId}/confirmTakeAway','POST'),(757,'/rest/{cartId}/addItem','POST'),(758,'/rest/{cartId}/confirmOrder','POST'),(759,'/rest','POST'),(760,'/rest/{cartId}/addItem','POST'),(761,'/rest/customer/restaurants','GET'),(762,'/rest/customer/restaurants/{restaurantId}/menu','GET'),(763,'/rest/customer/restaurants/{restaurantId}/notify','POST'),(764,'/rest/customer/restaurants/{restaurantId}/item/{itemId}','GET'),(765,'/rest/{cartId}/confirmOrder','POST'),(766,'/rest','POST'),(767,'/rest/{cartId}/addItem','POST');
/*!40000 ALTER TABLE `http_endpoint_metrics` ENABLE KEYS */;
UNLOCK TABLES;

--
-- Table structure for table `http_endpoint_metrics_outcome_metrics`
--

DROP TABLE IF EXISTS `http_endpoint_metrics_outcome_metrics`;
/*!40101 SET @saved_cs_client     = @@character_set_client */;
/*!50503 SET character_set_client = utf8mb4 */;
CREATE TABLE `http_endpoint_metrics_outcome_metrics` (
  `http_endpoint_metrics_id` bigint NOT NULL,
  `count` bigint NOT NULL,
  `max_duration` double NOT NULL,
  `outcome` varchar(255) DEFAULT NULL,
  `status` int NOT NULL,
  `total_duration` double NOT NULL,
  `outcome_metrics_key` varchar(255) NOT NULL,
  PRIMARY KEY (`http_endpoint_metrics_id`,`outcome_metrics_key`),
  CONSTRAINT `FK90lk1gu1ptkjbi3wbeegqbr8f` FOREIGN KEY (`http_endpoint_metrics_id`) REFERENCES `http_endpoint_metrics` (`id`)
) ENGINE=InnoDB DEFAULT CHARSET=utf8mb4 COLLATE=utf8mb4_0900_ai_ci;
/*!40101 SET character_set_client = @saved_cs_client */;

--
-- Dumping data for table `http_endpoint_metrics_outcome_metrics`
--

LOCK TABLES `http_endpoint_metrics_outcome_metrics` WRITE;
/*!40000 ALTER TABLE `http_endpoint_metrics_outcome_metrics` DISABLE KEYS */;
INSERT INTO `http_endpoint_metrics_outcome_metrics` VALUES (1,2,968.423542,'SUCCESS',200,1176.727334,'SUCCESS'),(2,2,877.487292,'SUCCESS',200,1081.581584,'SUCCESS'),(3,3,74.541375,'SERVER_ERROR',500,186.828,'SERVER_ERROR'),(3,1,70.829791,'SUCCESS',200,70.829791,'SUCCESS'),(4,4,60.216875,'SERVER_ERROR',500,236.270499,'SERVER_ERROR'),(5,1,18.179791,'SUCCESS',200,18.179791,'SUCCESS'),(6,2,237.00241699999998,'SUCCESS',200,294.902626,'SUCCESS'),(7,1,872.240834,'SUCCESS',200,872.240834,'SUCCESS'),(8,2,44.142417,'SUCCESS',200,54.219,'SUCCESS'),(9,1,155.258458,'SUCCESS',200,155.258458,'SUCCESS'),(10,1,1931.700459,'SUCCESS',200,1931.700459,'SUCCESS'),(11,2,559.2586670000001,'SUCCESS',200,980.991751,'SUCCESS'),(12,1,2137.463042,'SUCCESS',200,2137.463042,'SUCCESS'),(13,1,15.055709,'SUCCESS',200,15.055709,'SUCCESS'),(14,1,616.910667,'SUCCESS',200,616.910667,'SUCCESS'),(15,6,312.032584,'SUCCESS',200,905.9937930000001,'SUCCESS'),(16,2,112.844375,'SERVER_ERROR',500,220.633417,'SERVER_ERROR'),(16,2,125.61191699999999,'SUCCESS',200,241.019667,'SUCCESS'),(17,1,14.341375,'SUCCESS',200,14.341375,'SUCCESS'),(18,3,2137.463042,'SUCCESS',200,3033.071751,'SUCCESS'),(19,4,15.055709,'SUCCESS',200,36.488209,'SUCCESS'),(20,1,616.910667,'SUCCESS',200,616.910667,'SUCCESS'),(21,5,877.487292,'SUCCESS',200,1719.278001,'SUCCESS'),(22,3,872.240834,'SUCCESS',200,2118.65121,'SUCCESS'),(23,4,44.142417,'SUCCESS',200,87.784125,'SUCCESS'),(24,3,155.258458,'SUCCESS',200,173.79091699999998,'SUCCESS'),(25,1,29.898291,'SUCCESS',200,29.898291,'SUCCESS'),(26,5,968.423542,'SUCCESS',200,1788.220959,'SUCCESS'),(27,1,1760.562126,'SERVER_ERROR',500,1760.562126,'SERVER_ERROR'),(27,1,1931.700459,'SUCCESS',200,1931.700459,'SUCCESS'),(28,2,559.2586670000001,'SUCCESS',200,980.991751,'SUCCESS'),(29,1,591.5020410000001,'SUCCESS',200,591.5020410000001,'SUCCESS'),(30,1,109.968333,'SERVER_ERROR',500,109.968333,'SERVER_ERROR'),(30,8,312.032584,'SUCCESS',200,1146.946001,'SUCCESS'),(31,3,113.549208,'SERVER_ERROR',500,334.18262500000003,'SERVER_ERROR'),(31,2,125.61191699999999,'SUCCESS',200,241.019667,'SUCCESS'),(32,3,14.341375,'SUCCESS',200,24.971292,'SUCCESS'),(33,2,132.261583,'SUCCESS',200,257.188124,'SUCCESS'),(34,6,74.541375,'SERVER_ERROR',500,370.090501,'SERVER_ERROR'),(34,1,70.829791,'SUCCESS',200,70.829791,'SUCCESS'),(35,4,60.216875,'SERVER_ERROR',500,236.270499,'SERVER_ERROR'),(35,1,64.896167,'SUCCESS',200,64.896167,'SUCCESS'),(36,2,18.179791,'SUCCESS',200,22.518456999999998,'SUCCESS'),(37,2,237.00241699999998,'SUCCESS',200,294.902626,'SUCCESS'),(38,1,1760.562126,'SERVER_ERROR',500,1760.562126,'SERVER_ERROR'),(38,1,1931.700459,'SUCCESS',200,1931.700459,'SUCCESS'),(39,2,559.2586670000001,'SUCCESS',200,980.991751,'SUCCESS'),(40,1,480.96691699999997,'SERVER_ERROR',500,480.96691699999997,'SERVER_ERROR'),(40,2,591.5020410000001,'SUCCESS',200,1152.672083,'SUCCESS'),(41,6,968.423542,'SUCCESS',200,1994.955585,'SUCCESS'),(42,6,877.487292,'SUCCESS',200,1911.4977509999999,'SUCCESS'),(43,7,74.541375,'SERVER_ERROR',500,429.893626,'SERVER_ERROR'),(43,1,70.829791,'SUCCESS',200,70.829791,'SUCCESS'),(44,6,60.216875,'SERVER_ERROR',500,350.941749,'SERVER_ERROR'),(44,2,64.896167,'SUCCESS',200,120.811,'SUCCESS'),(45,2,18.179791,'SUCCESS',200,22.518456999999998,'SUCCESS'),(46,2,61.306125,'SERVER_ERROR',500,120.230375,'SERVER_ERROR'),(46,2,237.00241699999998,'SUCCESS',200,294.902626,'SUCCESS'),(47,7,44.142417,'SUCCESS',200,122.787667,'SUCCESS'),(48,4,155.258458,'SUCCESS',200,182.583917,'SUCCESS'),(49,1,6.949916,'SUCCESS',200,6.949916,'SUCCESS'),(50,1,29.898291,'SUCCESS',200,29.898291,'SUCCESS'),(51,1,2025.177168,'SUCCESS',200,2025.177168,'SUCCESS'),(52,1,544.342167,'SUCCESS',200,544.342167,'SUCCESS'),(53,1,617.0984579999999,'SERVER_ERROR',500,617.0984579999999,'SERVER_ERROR'),(53,3,872.240834,'SUCCESS',200,2118.65121,'SUCCESS'),(54,2,110.522417,'SERVER_ERROR',500,220.49075000000002,'SERVER_ERROR'),(54,10,312.032584,'SUCCESS',200,1392.228668,'SUCCESS'),(55,4,128.02795799999998,'SERVER_ERROR',500,462.210583,'SERVER_ERROR'),(55,2,125.61191699999999,'SUCCESS',200,241.019667,'SUCCESS'),(56,3,14.341375,'SUCCESS',200,24.971292,'SUCCESS'),(57,3,132.261583,'SUCCESS',200,379.40358200000003,'SUCCESS'),(58,3,2137.463042,'SUCCESS',200,3033.071751,'SUCCESS'),(59,5,15.055709,'SUCCESS',200,44.961833999999996,'SUCCESS'),(60,1,616.910667,'SUCCESS',200,616.910667,'SUCCESS'),(61,7,968.423542,'SUCCESS',200,2369.246252,'SUCCESS'),(62,7,877.487292,'SUCCESS',200,2269.950585,'SUCCESS'),(63,8,44.142417,'SUCCESS',200,132.833709,'SUCCESS'),(64,7,155.258458,'SUCCESS',200,212.456584,'SUCCESS'),(65,1,6.949916,'SUCCESS',200,6.949916,'SUCCESS'),(66,1,29.898291,'SUCCESS',200,29.898291,'SUCCESS'),(67,1,2025.177168,'SUCCESS',200,2025.177168,'SUCCESS'),(68,2,544.342167,'SUCCESS',200,1063.3618330000002,'SUCCESS'),(69,2,617.0984579999999,'SERVER_ERROR',500,1230.150875,'SERVER_ERROR'),(69,4,872.240834,'SUCCESS',200,2781.638836,'SUCCESS'),(70,2,110.522417,'SERVER_ERROR',500,220.49075000000002,'SERVER_ERROR'),(70,13,312.032584,'SUCCESS',200,1787.0495429999999,'SUCCESS'),(71,4,128.02795799999998,'SERVER_ERROR',500,462.210583,'SERVER_ERROR'),(71,2,125.61191699999999,'SUCCESS',200,241.019667,'SUCCESS'),(72,4,14.341375,'SUCCESS',200,31.999459,'SUCCESS'),(73,4,132.261583,'SUCCESS',200,503.446791,'SUCCESS'),(74,1,1760.562126,'SERVER_ERROR',500,1760.562126,'SERVER_ERROR'),(74,2,2025.409334,'SUCCESS',200,3957.109793,'SUCCESS'),(75,3,559.2586670000001,'SUCCESS',200,1394.524834,'SUCCESS'),(76,1,480.96691699999997,'SERVER_ERROR',500,480.96691699999997,'SERVER_ERROR'),(76,2,591.5020410000001,'SUCCESS',200,1152.672083,'SUCCESS'),(77,8,74.541375,'SERVER_ERROR',500,485.28279299999997,'SERVER_ERROR'),(77,1,70.829791,'SUCCESS',200,70.829791,'SUCCESS'),(78,7,61.37625,'SERVER_ERROR',500,412.317999,'SERVER_ERROR'),(78,2,64.896167,'SUCCESS',200,120.811,'SUCCESS'),(79,2,18.179791,'SUCCESS',200,22.518456999999998,'SUCCESS'),(80,3,77.759625,'SERVER_ERROR',500,197.99,'SERVER_ERROR'),(80,2,237.00241699999998,'SUCCESS',200,294.902626,'SUCCESS'),(81,9,877.487292,'SUCCESS',200,2712.444501,'SUCCESS'),(82,9,968.423542,'SUCCESS',200,2765.066669,'SUCCESS'),(83,1,1760.562126,'SERVER_ERROR',500,1760.562126,'SERVER_ERROR'),(83,2,2025.409334,'SUCCESS',200,3957.109793,'SUCCESS'),(84,4,559.2586670000001,'SUCCESS',200,1806.150792,'SUCCESS'),(85,2,512.148292,'SERVER_ERROR',500,993.115209,'SERVER_ERROR'),(85,2,591.5020410000001,'SUCCESS',200,1152.672083,'SUCCESS'),(86,2,110.522417,'SERVER_ERROR',500,220.49075000000002,'SERVER_ERROR'),(86,14,312.032584,'SUCCESS',200,1912.365377,'SUCCESS'),(87,4,128.02795799999998,'SERVER_ERROR',500,462.210583,'SERVER_ERROR'),(87,2,125.61191699999999,'SUCCESS',200,241.019667,'SUCCESS'),(88,5,14.341375,'SUCCESS',200,38.927209,'SUCCESS'),(89,5,132.261583,'SUCCESS',200,608.496458,'SUCCESS'),(90,2,2036.662001,'SUCCESS',200,4061.839169,'SUCCESS'),(91,4,544.342167,'SUCCESS',200,2104.737459,'SUCCESS'),(92,2,617.0984579999999,'SERVER_ERROR',500,1230.150875,'SERVER_ERROR'),(92,4,872.240834,'SUCCESS',200,2781.638836,'SUCCESS'),(93,10,44.142417,'SUCCESS',200,165.224792,'SUCCESS'),(94,9,155.258458,'SUCCESS',200,226.46295899999998,'SUCCESS'),(95,2,6.949916,'SUCCESS',200,12.166291,'SUCCESS'),(96,2,29.898291,'SUCCESS',200,39.310333,'SUCCESS'),(97,9,74.541375,'SERVER_ERROR',500,548.384294,'SERVER_ERROR'),(97,2,70.829791,'SUCCESS',200,134.417082,'SUCCESS'),(98,8,61.37625,'SERVER_ERROR',500,471.949791,'SERVER_ERROR'),(98,3,69.36229200000001,'SUCCESS',200,190.173292,'SUCCESS'),(99,2,18.179791,'SUCCESS',200,22.518456999999998,'SUCCESS'),(100,4,77.759625,'SERVER_ERROR',500,275.287959,'SERVER_ERROR'),(100,2,237.00241699999998,'SUCCESS',200,294.902626,'SUCCESS'),(101,4,2137.463042,'SUCCESS',200,3476.868918,'SUCCESS'),(102,5,15.055709,'SUCCESS',200,44.961833999999996,'SUCCESS'),(103,3,616.910667,'SUCCESS',200,779.6091670000001,'SUCCESS'),(104,5,2137.463042,'SUCCESS',200,3930.4164180000002,'SUCCESS'),(105,8,38.369875,'SUCCESS',200,97.176334,'SUCCESS'),(106,6,616.910667,'SUCCESS',200,901.1523340000001,'SUCCESS'),(107,12,968.423542,'SUCCESS',200,3367.7775859999997,'SUCCESS'),(108,11,877.487292,'SUCCESS',200,3131.525959,'SUCCESS'),(109,1,1760.562126,'SERVER_ERROR',500,1760.562126,'SERVER_ERROR'),(109,3,2025.409334,'SUCCESS',200,5655.146419000001,'SUCCESS'),(110,4,559.2586670000001,'SUCCESS',200,1806.150792,'SUCCESS'),(111,2,512.148292,'SERVER_ERROR',500,993.115209,'SERVER_ERROR'),(111,2,591.5020410000001,'SUCCESS',200,1152.672083,'SUCCESS'),(112,2,2036.662001,'SUCCESS',200,4061.839169,'SUCCESS'),(113,5,544.342167,'SUCCESS',200,2631.842918,'SUCCESS'),(114,3,642.421584,'SERVER_ERROR',500,1872.572459,'SERVER_ERROR'),(114,4,872.240834,'SUCCESS',200,2781.638836,'SUCCESS'),(115,2,110.522417,'SERVER_ERROR',500,220.49075000000002,'SERVER_ERROR'),(115,17,312.032584,'SUCCESS',200,2275.647544,'SUCCESS'),(116,4,128.02795799999998,'SERVER_ERROR',500,462.210583,'SERVER_ERROR'),(116,2,125.61191699999999,'SUCCESS',200,241.019667,'SUCCESS'),(117,7,14.341375,'SUCCESS',200,45.466126,'SUCCESS'),(118,1,111.810458,'SERVER_ERROR',500,111.810458,'SERVER_ERROR'),(118,5,132.261583,'SUCCESS',200,608.496458,'SUCCESS'),(119,11,74.541375,'SERVER_ERROR',500,666.4199189999999,'SERVER_ERROR'),(119,2,70.829791,'SUCCESS',200,134.417082,'SUCCESS'),(120,8,61.37625,'SERVER_ERROR',500,471.949791,'SERVER_ERROR'),(120,4,69.36229200000001,'SUCCESS',200,257.257708,'SUCCESS'),(121,2,18.179791,'SUCCESS',200,22.518456999999998,'SUCCESS'),(122,4,77.759625,'SERVER_ERROR',500,275.287959,'SERVER_ERROR'),(122,3,237.00241699999998,'SUCCESS',200,351.749376,'SUCCESS'),(123,10,44.142417,'SUCCESS',200,165.224792,'SUCCESS'),(124,11,155.258458,'SUCCESS',200,238.651667,'SUCCESS'),(125,2,6.949916,'SUCCESS',200,12.166291,'SUCCESS'),(126,4,29.898291,'SUCCESS',200,55.637125000000005,'SUCCESS'),(127,13,968.423542,'SUCCESS',200,3568.219878,'SUCCESS'),(128,13,877.487292,'SUCCESS',200,3558.111627,'SUCCESS'),(129,6,2137.463042,'SUCCESS',200,4406.938126,'SUCCESS'),(130,9,38.369875,'SUCCESS',200,105.43295900000001,'SUCCESS'),(131,6,616.910667,'SUCCESS',200,901.1523340000001,'SUCCESS'),(132,1,1760.562126,'SERVER_ERROR',500,1760.562126,'SERVER_ERROR'),(132,3,2025.409334,'SUCCESS',200,5655.146419000001,'SUCCESS'),(133,4,559.2586670000001,'SUCCESS',200,1806.150792,'SUCCESS'),(134,3,512.148292,'SERVER_ERROR',500,1468.224626,'SERVER_ERROR'),(134,2,591.5020410000001,'SUCCESS',200,1152.672083,'SUCCESS'),(135,3,2036.662001,'SUCCESS',200,6073.600962,'SUCCESS'),(136,7,544.342167,'SUCCESS',200,3686.501627,'SUCCESS'),(137,3,642.421584,'SERVER_ERROR',500,1872.572459,'SERVER_ERROR'),(137,5,872.240834,'SUCCESS',200,3467.345087,'SUCCESS'),(138,13,44.142417,'SUCCESS',200,195.43371000000002,'SUCCESS'),(139,13,155.258458,'SUCCESS',200,249.85808300000002,'SUCCESS'),(140,3,6.949916,'SUCCESS',200,18.239083,'SUCCESS'),(141,4,29.898291,'SUCCESS',200,55.637125000000005,'SUCCESS'),(142,3,110.522417,'SERVER_ERROR',500,326.848291,'SERVER_ERROR'),(142,19,312.032584,'SUCCESS',200,2521.5878780000003,'SUCCESS'),(143,4,128.02795799999998,'SERVER_ERROR',500,462.210583,'SERVER_ERROR'),(143,3,125.61191699999999,'SUCCESS',200,350.981001,'SUCCESS'),(144,7,14.341375,'SUCCESS',200,45.466126,'SUCCESS'),(145,1,111.810458,'SERVER_ERROR',500,111.810458,'SERVER_ERROR'),(145,6,149.4325,'SUCCESS',200,757.9289580000001,'SUCCESS'),(146,13,74.541375,'SERVER_ERROR',500,785.710543,'SERVER_ERROR'),(146,2,70.829791,'SUCCESS',200,134.417082,'SUCCESS'),(147,10,66.522208,'SERVER_ERROR',500,599.7860820000001,'SERVER_ERROR'),(147,4,69.36229200000001,'SUCCESS',200,257.257708,'SUCCESS'),(148,3,18.179791,'SUCCESS',200,27.668207,'SUCCESS'),(149,5,77.759625,'SERVER_ERROR',500,333.12016700000004,'SERVER_ERROR'),(149,3,237.00241699999998,'SUCCESS',200,351.749376,'SUCCESS'),(150,15,877.487292,'SUCCESS',200,3964.2380030000004,'SUCCESS'),(151,16,968.423542,'SUCCESS',200,4203.688712,'SUCCESS'),(152,3,2036.662001,'SUCCESS',200,6073.600962,'SUCCESS'),(153,7,544.342167,'SUCCESS',200,3686.501627,'SUCCESS'),(154,3,642.421584,'SERVER_ERROR',500,1872.572459,'SERVER_ERROR'),(154,6,872.240834,'SUCCESS',200,4114.2894209999995,'SUCCESS'),(155,16,44.142417,'SUCCESS',200,239.88141900000002,'SUCCESS'),(156,13,155.258458,'SUCCESS',200,249.85808300000002,'SUCCESS'),(157,4,6.949916,'SUCCESS',200,21.567249,'SUCCESS'),(158,6,29.898291,'SUCCESS',200,73.80125,'SUCCESS'),(159,6,122.182958,'SERVER_ERROR',500,671.933416,'SERVER_ERROR'),(159,19,312.032584,'SUCCESS',200,2521.5878780000003,'SUCCESS'),(160,4,128.02795799999998,'SERVER_ERROR',500,462.210583,'SERVER_ERROR'),(160,5,125.61191699999999,'SUCCESS',200,568.984876,'SUCCESS'),(161,8,14.341375,'SUCCESS',200,48.253584000000004,'SUCCESS'),(162,1,111.810458,'SERVER_ERROR',500,111.810458,'SERVER_ERROR'),(162,7,149.4325,'SUCCESS',200,876.154667,'SUCCESS'),(163,7,2137.463042,'SUCCESS',200,4872.963793,'SUCCESS'),(164,9,38.369875,'SUCCESS',200,105.43295900000001,'SUCCESS'),(165,8,616.910667,'SUCCESS',200,962.767127,'SUCCESS'),(166,14,74.541375,'SERVER_ERROR',500,850.880835,'SERVER_ERROR'),(166,2,70.829791,'SUCCESS',200,134.417082,'SUCCESS'),(167,11,66.522208,'SERVER_ERROR',500,657.8689989999999,'SERVER_ERROR'),(167,4,69.36229200000001,'SUCCESS',200,257.257708,'SUCCESS'),(168,3,18.179791,'SUCCESS',200,27.668207,'SUCCESS'),(169,5,77.759625,'SERVER_ERROR',500,333.12016700000004,'SERVER_ERROR'),(169,3,237.00241699999998,'SUCCESS',200,351.749376,'SUCCESS'),(170,1,1760.562126,'SERVER_ERROR',500,1760.562126,'SERVER_ERROR'),(170,4,2025.409334,'SUCCESS',200,7366.446711,'SUCCESS'),(171,6,559.2586670000001,'SUCCESS',200,2650.990376,'SUCCESS'),(172,3,512.148292,'SERVER_ERROR',500,1468.224626,'SERVER_ERROR'),(172,2,591.5020410000001,'SUCCESS',200,1152.672083,'SUCCESS'),(173,4,2036.662001,'SUCCESS',200,8085.546130000001,'SUCCESS'),(174,9,544.342167,'SUCCESS',200,4729.239461,'SUCCESS'),(175,3,642.421584,'SERVER_ERROR',500,1872.572459,'SERVER_ERROR'),(175,6,872.240834,'SUCCESS',200,4114.2894209999995,'SUCCESS'),(176,16,877.487292,'SUCCESS',200,4178.407753,'SUCCESS'),(177,17,968.423542,'SUCCESS',200,4410.7842120000005,'SUCCESS'),(178,16,74.541375,'SERVER_ERROR',500,968.053418,'SERVER_ERROR'),(178,2,70.829791,'SUCCESS',200,134.417082,'SUCCESS'),(179,11,66.522208,'SERVER_ERROR',500,657.8689989999999,'SERVER_ERROR'),(179,4,69.36229200000001,'SUCCESS',200,257.257708,'SUCCESS'),(180,3,18.179791,'SUCCESS',200,27.668207,'SUCCESS'),(181,6,77.759625,'SERVER_ERROR',500,407.941001,'SERVER_ERROR'),(181,3,237.00241699999998,'SUCCESS',200,351.749376,'SUCCESS'),(182,7,2137.463042,'SUCCESS',200,4872.963793,'SUCCESS'),(183,9,38.369875,'SUCCESS',200,105.43295900000001,'SUCCESS'),(184,9,616.910667,'SUCCESS',200,989.238877,'SUCCESS'),(185,18,44.142417,'SUCCESS',200,261.61754399999995,'SUCCESS'),(186,14,155.258458,'SUCCESS',200,255.471249,'SUCCESS'),(187,5,7.195125,'SUCCESS',200,28.762374,'SUCCESS'),(188,8,29.898291,'SUCCESS',200,97.49466699999999,'SUCCESS'),(189,1,1760.562126,'SERVER_ERROR',500,1760.562126,'SERVER_ERROR'),(189,4,2025.409334,'SUCCESS',200,7366.446711,'SUCCESS'),(190,7,559.2586670000001,'SUCCESS',200,3075.764417,'SUCCESS'),(191,5,512.148292,'SERVER_ERROR',500,2430.730334,'SERVER_ERROR'),(191,2,591.5020410000001,'SUCCESS',200,1152.672083,'SUCCESS'),(192,6,122.182958,'SERVER_ERROR',500,671.933416,'SERVER_ERROR'),(192,20,312.032584,'SUCCESS',200,2635.340586,'SUCCESS'),(193,4,128.02795799999998,'SERVER_ERROR',500,462.210583,'SERVER_ERROR'),(193,7,125.61191699999999,'SUCCESS',200,787.112583,'SUCCESS'),(194,8,14.341375,'SUCCESS',200,48.253584000000004,'SUCCESS'),(195,1,111.810458,'SERVER_ERROR',500,111.810458,'SERVER_ERROR'),(195,7,149.4325,'SUCCESS',200,876.154667,'SUCCESS'),(196,18,877.487292,'SUCCESS',200,4599.24992,'SUCCESS'),(197,8,2137.463042,'SUCCESS',200,5344.783042999999,'SUCCESS'),(198,9,38.369875,'SUCCESS',200,105.43295900000001,'SUCCESS'),(199,10,616.910667,'SUCCESS',200,1020.117127,'SUCCESS'),(200,18,968.423542,'SUCCESS',200,4603.892795,'SUCCESS'),(201,21,44.142417,'SUCCESS',200,318.49291800000003,'SUCCESS'),(202,16,155.258458,'SUCCESS',200,272.254082,'SUCCESS'),(203,5,7.195125,'SUCCESS',200,28.762374,'SUCCESS'),(204,10,29.898291,'SUCCESS',200,122.098,'SUCCESS'),(205,4,2036.662001,'SUCCESS',200,8085.546130000001,'SUCCESS'),(206,11,544.342167,'SUCCESS',200,5780.357752999999,'SUCCESS'),(207,3,642.421584,'SERVER_ERROR',500,1872.572459,'SERVER_ERROR'),(207,7,872.240834,'SUCCESS',200,4666.207338,'SUCCESS'),(208,1,1760.562126,'SERVER_ERROR',500,1760.562126,'SERVER_ERROR'),(208,5,2025.409334,'SUCCESS',200,9066.944462,'SUCCESS'),(209,8,559.2586670000001,'SUCCESS',200,3496.1582080000003,'SUCCESS'),(210,6,515.597167,'SERVER_ERROR',500,2946.3275009999998,'SERVER_ERROR'),(210,2,591.5020410000001,'SUCCESS',200,1152.672083,'SUCCESS'),(211,18,74.541375,'SERVER_ERROR',500,1084.297543,'SERVER_ERROR'),(211,3,70.829791,'SUCCESS',200,195.765916,'SUCCESS'),(212,14,66.522208,'SERVER_ERROR',500,829.91675,'SERVER_ERROR'),(212,4,69.36229200000001,'SUCCESS',200,257.257708,'SUCCESS'),(213,5,18.179791,'SUCCESS',200,36.394624,'SUCCESS'),(214,7,79.601084,'SERVER_ERROR',500,487.542085,'SERVER_ERROR'),(214,3,237.00241699999998,'SUCCESS',200,351.749376,'SUCCESS'),(215,6,122.182958,'SERVER_ERROR',500,671.933416,'SERVER_ERROR'),(215,22,312.032584,'SUCCESS',200,2864.28196,'SUCCESS'),(216,4,128.02795799999998,'SERVER_ERROR',500,462.210583,'SERVER_ERROR'),(216,8,125.61191699999999,'SUCCESS',200,899.187583,'SUCCESS'),(217,8,14.341375,'SUCCESS',200,48.253584000000004,'SUCCESS'),(218,1,111.810458,'SERVER_ERROR',500,111.810458,'SERVER_ERROR'),(218,7,149.4325,'SUCCESS',200,876.154667,'SUCCESS'),(219,19,877.487292,'SUCCESS',200,4805.186712000001,'SUCCESS'),(220,1,1760.562126,'SERVER_ERROR',500,1760.562126,'SERVER_ERROR'),(220,5,2025.409334,'SUCCESS',200,9066.944462,'SUCCESS'),(221,8,559.2586670000001,'SUCCESS',200,3496.1582080000003,'SUCCESS'),(222,7,515.597167,'SERVER_ERROR',500,3417.676918,'SERVER_ERROR'),(222,3,591.5020410000001,'SUCCESS',200,1710.083,'SUCCESS'),(223,20,968.423542,'SUCCESS',200,4997.32317,'SUCCESS'),(224,23,44.142417,'SUCCESS',200,340.744377,'SUCCESS'),(225,18,155.258458,'SUCCESS',200,289.39933299999996,'SUCCESS'),(226,5,7.195125,'SUCCESS',200,28.762374,'SUCCESS'),(227,10,29.898291,'SUCCESS',200,122.098,'SUCCESS'),(228,5,2036.662001,'SUCCESS',200,10066.461381,'SUCCESS'),(229,11,544.342167,'SUCCESS',200,5780.357752999999,'SUCCESS'),(230,4,642.421584,'SERVER_ERROR',500,2476.7785010000002,'SERVER_ERROR'),(230,7,872.240834,'SUCCESS',200,4666.207338,'SUCCESS'),(231,8,2137.463042,'SUCCESS',200,5344.783042999999,'SUCCESS'),(232,12,38.369875,'SUCCESS',200,128.778167,'SUCCESS'),(233,10,616.910667,'SUCCESS',200,1020.117127,'SUCCESS'),(234,8,122.182958,'SERVER_ERROR',500,896.766165,'SERVER_ERROR'),(234,23,312.032584,'SUCCESS',200,2993.337752,'SUCCESS'),(235,4,128.02795799999998,'SERVER_ERROR',500,462.210583,'SERVER_ERROR'),(235,8,125.61191699999999,'SUCCESS',200,899.187583,'SUCCESS'),(236,8,14.341375,'SUCCESS',200,48.253584000000004,'SUCCESS'),(237,1,111.810458,'SERVER_ERROR',500,111.810458,'SERVER_ERROR'),(237,8,149.4325,'SUCCESS',200,998.368876,'SUCCESS'),(238,20,74.541375,'SERVER_ERROR',500,1199.488752,'SERVER_ERROR'),(238,3,70.829791,'SUCCESS',200,195.765916,'SUCCESS'),(239,14,66.522208,'SERVER_ERROR',500,829.91675,'SERVER_ERROR'),(239,5,69.36229200000001,'SUCCESS',200,319.11616599999996,'SUCCESS'),(240,6,18.179791,'SUCCESS',200,42.314165,'SUCCESS'),(241,9,79.601084,'SERVER_ERROR',500,623.7715010000001,'SERVER_ERROR'),(241,3,237.00241699999998,'SUCCESS',200,351.749376,'SUCCESS'),(242,21,968.423542,'SUCCESS',200,5254.746169999999,'SUCCESS'),(243,21,877.487292,'SUCCESS',200,5225.9823799999995,'SUCCESS'),(244,27,44.142417,'SUCCESS',200,395.485254,'SUCCESS'),(245,19,155.258458,'SUCCESS',200,296.671874,'SUCCESS'),(246,5,7.195125,'SUCCESS',200,28.762374,'SUCCESS'),(247,11,29.898291,'SUCCESS',200,137.037083,'SUCCESS'),(248,7,2070.7316260000002,'SUCCESS',200,14117.669549,'SUCCESS'),(249,11,544.342167,'SUCCESS',200,5780.357752999999,'SUCCESS'),(250,4,642.421584,'SERVER_ERROR',500,2476.7785010000002,'SERVER_ERROR'),(250,7,872.240834,'SUCCESS',200,4666.207338,'SUCCESS'),(251,8,122.182958,'SERVER_ERROR',500,896.766165,'SERVER_ERROR'),(251,23,312.032584,'SUCCESS',200,2993.337752,'SUCCESS'),(252,5,128.02795799999998,'SERVER_ERROR',500,576.936208,'SERVER_ERROR'),(252,10,125.61191699999999,'SUCCESS',200,1123.3826680000002,'SUCCESS'),(253,10,14.341375,'SUCCESS',200,58.276876,'SUCCESS'),(254,1,111.810458,'SERVER_ERROR',500,111.810458,'SERVER_ERROR'),(254,8,149.4325,'SUCCESS',200,998.368876,'SUCCESS'),(255,1,1760.562126,'SERVER_ERROR',500,1760.562126,'SERVER_ERROR'),(255,5,2025.409334,'SUCCESS',200,9066.944462,'SUCCESS'),(256,1,423.45570799999996,'SERVER_ERROR',500,423.45570799999996,'SERVER_ERROR'),(256,9,559.2586670000001,'SUCCESS',200,3918.390083,'SUCCESS'),(257,7,515.597167,'SERVER_ERROR',500,3417.676918,'SERVER_ERROR'),(257,4,591.5020410000001,'SUCCESS',200,2159.949209,'SUCCESS'),(258,20,74.541375,'SERVER_ERROR',500,1199.488752,'SERVER_ERROR'),(258,4,71.212709,'SUCCESS',200,266.978625,'SUCCESS'),(259,15,66.522208,'SERVER_ERROR',500,889.7574579999999,'SERVER_ERROR'),(259,5,69.36229200000001,'SUCCESS',200,319.11616599999996,'SUCCESS'),(260,6,18.179791,'SUCCESS',200,42.314165,'SUCCESS'),(261,9,79.601084,'SERVER_ERROR',500,623.7715010000001,'SERVER_ERROR'),(261,3,237.00241699999998,'SUCCESS',200,351.749376,'SUCCESS'),(262,23,968.423542,'SUCCESS',200,5660.657046,'SUCCESS'),(263,23,877.487292,'SUCCESS',200,5618.477172000001,'SUCCESS'),(264,10,2137.463042,'SUCCESS',200,6258.803627,'SUCCESS'),(265,14,38.369875,'SUCCESS',200,143.93883399999999,'SUCCESS'),(266,1,158.235667,'SERVER_ERROR',500,158.235667,'SERVER_ERROR'),(266,11,616.910667,'SUCCESS',200,1153.063377,'SUCCESS'),(267,29,44.142417,'SUCCESS',200,415.067504,'SUCCESS'),(268,20,155.258458,'SUCCESS',200,305.26437400000003,'SUCCESS'),(269,5,7.195125,'SUCCESS',200,28.762374,'SUCCESS'),(270,11,29.898291,'SUCCESS',200,137.037083,'SUCCESS'),(271,1,1760.562126,'SERVER_ERROR',500,1760.562126,'SERVER_ERROR'),(271,5,2025.409334,'SUCCESS',200,9066.944462,'SUCCESS'),(272,1,423.45570799999996,'SERVER_ERROR',500,423.45570799999996,'SERVER_ERROR'),(272,11,559.2586670000001,'SUCCESS',200,4755.77175,'SUCCESS'),(273,7,515.597167,'SERVER_ERROR',500,3417.676918,'SERVER_ERROR'),(273,5,591.5020410000001,'SUCCESS',200,2719.999709,'SUCCESS'),(274,8,122.182958,'SERVER_ERROR',500,896.766165,'SERVER_ERROR'),(274,27,312.032584,'SUCCESS',200,3512.874377,'SUCCESS'),(275,6,128.02795799999998,'SERVER_ERROR',500,684.978667,'SERVER_ERROR'),(275,12,125.61191699999999,'SUCCESS',200,1355.56521,'SUCCESS'),(276,10,14.341375,'SUCCESS',200,58.276876,'SUCCESS'),(277,2,121.06658300000001,'SERVER_ERROR',500,232.87704100000002,'SERVER_ERROR'),(277,10,149.4325,'SUCCESS',200,1231.467168,'SUCCESS'),(278,7,2070.7316260000002,'SUCCESS',200,14117.669549,'SUCCESS'),(279,11,544.342167,'SUCCESS',200,5780.357752999999,'SUCCESS'),(280,5,642.421584,'SERVER_ERROR',500,3081.982585,'SERVER_ERROR'),(280,7,872.240834,'SUCCESS',200,4666.207338,'SUCCESS'),(281,21,74.541375,'SERVER_ERROR',500,1260.140252,'SERVER_ERROR'),(281,5,71.212709,'SUCCESS',200,326.951958,'SUCCESS'),(282,17,66.522208,'SERVER_ERROR',500,1011.33004,'SERVER_ERROR'),(282,6,69.36229200000001,'SUCCESS',200,378.10445799999997,'SUCCESS'),(283,8,18.179791,'SUCCESS',200,46.87979,'SUCCESS'),(284,10,79.601084,'SERVER_ERROR',500,695.775834,'SERVER_ERROR'),(284,3,237.00241699999998,'SUCCESS',200,351.749376,'SUCCESS'),(285,25,877.487292,'SUCCESS',200,6035.835631,'SUCCESS'),(286,8,2070.7316260000002,'SUCCESS',200,16167.688633000002,'SUCCESS'),(287,13,544.342167,'SUCCESS',200,6808.7680869999995,'SUCCESS'),(288,5,642.421584,'SERVER_ERROR',500,3081.982585,'SERVER_ERROR'),(288,7,872.240834,'SUCCESS',200,4666.207338,'SUCCESS'),(289,30,44.142417,'SUCCESS',200,426.93967100000003,'SUCCESS'),(290,21,155.258458,'SUCCESS',200,311.64879,'SUCCESS'),(291,5,7.195125,'SUCCESS',200,28.762374,'SUCCESS'),(292,13,29.898291,'SUCCESS',200,168.927917,'SUCCESS'),(293,25,968.423542,'SUCCESS',200,6098.694088,'SUCCESS'),(294,8,122.182958,'SERVER_ERROR',500,896.766165,'SERVER_ERROR'),(294,28,312.032584,'SUCCESS',200,3639.8364189999998,'SUCCESS'),(295,6,128.02795799999998,'SERVER_ERROR',500,684.978667,'SERVER_ERROR'),(295,12,125.61191699999999,'SUCCESS',200,1355.56521,'SUCCESS'),(296,11,14.341375,'SUCCESS',200,64.498584,'SUCCESS'),(297,2,121.06658300000001,'SERVER_ERROR',500,232.87704100000002,'SERVER_ERROR'),(297,11,149.4325,'SUCCESS',200,1353.926418,'SUCCESS'),(298,21,74.541375,'SERVER_ERROR',500,1260.140252,'SERVER_ERROR'),(298,5,71.212709,'SUCCESS',200,326.951958,'SUCCESS'),(299,17,66.522208,'SERVER_ERROR',500,1011.33004,'SERVER_ERROR'),(299,7,69.36229200000001,'SUCCESS',200,439.514208,'SUCCESS'),(300,9,18.179791,'SUCCESS',200,50.463457000000005,'SUCCESS'),(301,10,79.601084,'SERVER_ERROR',500,695.775834,'SERVER_ERROR'),(301,3,237.00241699999998,'SUCCESS',200,351.749376,'SUCCESS'),(302,1,1760.562126,'SERVER_ERROR',500,1760.562126,'SERVER_ERROR'),(302,5,2025.409334,'SUCCESS',200,9066.944462,'SUCCESS'),(303,1,423.45570799999996,'SERVER_ERROR',500,423.45570799999996,'SERVER_ERROR'),(303,11,559.2586670000001,'SUCCESS',200,4755.77175,'SUCCESS'),(304,7,515.597167,'SERVER_ERROR',500,3417.676918,'SERVER_ERROR'),(304,8,591.5020410000001,'SUCCESS',200,4182.511626,'SUCCESS'),(305,11,2137.463042,'SUCCESS',200,6721.900460999999,'SUCCESS'),(306,15,38.369875,'SUCCESS',200,149.301376,'SUCCESS'),(307,1,158.235667,'SERVER_ERROR',500,158.235667,'SERVER_ERROR'),(307,11,616.910667,'SUCCESS',200,1153.063377,'SUCCESS'),(308,26,877.487292,'SUCCESS',200,6226.005964999999,'SUCCESS'),(309,26,968.423542,'SUCCESS',200,6316.402422,'SUCCESS'),(310,12,2137.463042,'SUCCESS',200,7170.684418999999,'SUCCESS'),(311,17,38.369875,'SUCCESS',200,171.803709,'SUCCESS'),(312,1,158.235667,'SERVER_ERROR',500,158.235667,'SERVER_ERROR'),(312,11,616.910667,'SUCCESS',200,1153.063377,'SUCCESS'),(313,23,74.541375,'SERVER_ERROR',500,1374.272127,'SERVER_ERROR'),(313,5,71.212709,'SUCCESS',200,326.951958,'SUCCESS'),(314,17,66.522208,'SERVER_ERROR',500,1011.33004,'SERVER_ERROR'),(314,7,69.36229200000001,'SUCCESS',200,439.514208,'SUCCESS'),(315,9,18.179791,'SUCCESS',200,50.463457000000005,'SUCCESS'),(316,13,79.601084,'SERVER_ERROR',500,876.932375,'SERVER_ERROR'),(316,3,237.00241699999998,'SUCCESS',200,351.749376,'SUCCESS'),(317,31,44.142417,'SUCCESS',200,434.902421,'SUCCESS'),(318,23,155.258458,'SUCCESS',200,325.615749,'SUCCESS'),(319,6,7.195125,'SUCCESS',200,30.438457,'SUCCESS'),(320,13,29.898291,'SUCCESS',200,168.927917,'SUCCESS'),(321,8,2070.7316260000002,'SUCCESS',200,16167.688633000002,'SUCCESS'),(322,14,544.342167,'SUCCESS',200,7328.275587,'SUCCESS'),(323,8,642.421584,'SERVER_ERROR',500,4832.223545,'SERVER_ERROR'),(323,7,872.240834,'SUCCESS',200,4666.207338,'SUCCESS'),(324,8,122.182958,'SERVER_ERROR',500,896.766165,'SERVER_ERROR'),(324,32,312.032584,'SUCCESS',200,4115.634712,'SUCCESS'),(325,6,128.02795799999998,'SERVER_ERROR',500,684.978667,'SERVER_ERROR'),(325,15,125.61191699999999,'SUCCESS',200,1692.42021,'SUCCESS'),(326,11,14.341375,'SUCCESS',200,64.498584,'SUCCESS'),(327,3,121.06658300000001,'SERVER_ERROR',500,353.10054099999996,'SERVER_ERROR'),(327,11,149.4325,'SUCCESS',200,1353.926418,'SUCCESS'),(328,1,1760.562126,'SERVER_ERROR',500,1760.562126,'SERVER_ERROR'),(328,5,2025.409334,'SUCCESS',200,9066.944462,'SUCCESS'),(329,1,423.45570799999996,'SERVER_ERROR',500,423.45570799999996,'SERVER_ERROR'),(329,13,559.2586670000001,'SUCCESS',200,5586.672208999999,'SUCCESS'),(330,8,550.274209,'SERVER_ERROR',500,3967.951127,'SERVER_ERROR'),(330,8,591.5020410000001,'SUCCESS',200,4182.511626,'SUCCESS'),(331,28,877.487292,'SUCCESS',200,6960.055715,'SUCCESS'),(332,28,968.423542,'SUCCESS',200,7014.569173,'SUCCESS'),(333,1,1760.562126,'SERVER_ERROR',500,1760.562126,'SERVER_ERROR'),(333,6,2300.200584,'SUCCESS',200,11367.145046,'SUCCESS'),(334,2,423.45570799999996,'SERVER_ERROR',500,841.6664579999999,'SERVER_ERROR'),(334,14,559.2586670000001,'SUCCESS',200,6008.107876,'SUCCESS'),(335,8,550.274209,'SERVER_ERROR',500,3967.951127,'SERVER_ERROR'),(335,9,591.5020410000001,'SUCCESS',200,4749.522416999999,'SUCCESS'),(336,13,2137.463042,'SUCCESS',200,7630.824878,'SUCCESS'),(337,18,38.369875,'SUCCESS',200,179.306043,'SUCCESS'),(338,1,158.235667,'SERVER_ERROR',500,158.235667,'SERVER_ERROR'),(338,12,616.910667,'SUCCESS',200,1220.967752,'SUCCESS'),(339,34,44.142417,'SUCCESS',200,471.686962,'SUCCESS'),(340,24,155.258458,'SUCCESS',200,333.29754099999997,'SUCCESS'),(341,7,7.195125,'SUCCESS',200,33.941791,'SUCCESS'),(342,13,29.898291,'SUCCESS',200,168.927917,'SUCCESS'),(343,24,74.541375,'SERVER_ERROR',500,1437.6826270000001,'SERVER_ERROR'),(343,5,71.212709,'SUCCESS',200,326.951958,'SUCCESS'),(344,17,66.522208,'SERVER_ERROR',500,1011.33004,'SERVER_ERROR'),(344,7,69.36229200000001,'SUCCESS',200,439.514208,'SUCCESS'),(345,9,18.179791,'SUCCESS',200,50.463457000000005,'SUCCESS'),(346,13,79.601084,'SERVER_ERROR',500,876.932375,'SERVER_ERROR'),(346,4,237.00241699999998,'SUCCESS',200,408.773543,'SUCCESS'),(347,8,122.182958,'SERVER_ERROR',500,896.766165,'SERVER_ERROR'),(347,32,312.032584,'SUCCESS',200,4115.634712,'SUCCESS'),(348,6,128.02795799999998,'SERVER_ERROR',500,684.978667,'SERVER_ERROR'),(348,17,125.61191699999999,'SUCCESS',200,1910.333002,'SUCCESS'),(349,12,14.341375,'SUCCESS',200,66.572584,'SUCCESS'),(350,3,121.06658300000001,'SERVER_ERROR',500,353.10054099999996,'SERVER_ERROR'),(350,12,149.4325,'SUCCESS',200,1476.3023349999999,'SUCCESS'),(351,29,877.487292,'SUCCESS',200,7177.783673999999,'SUCCESS'),(352,30,968.423542,'SUCCESS',200,7437.701923,'SUCCESS'),(353,35,44.142417,'SUCCESS',200,486.634753,'SUCCESS'),(354,25,155.258458,'SUCCESS',200,338.622874,'SUCCESS'),(355,7,7.195125,'SUCCESS',200,33.941791,'SUCCESS'),(356,13,29.898291,'SUCCESS',200,168.927917,'SUCCESS'),(357,9,2070.7316260000002,'SUCCESS',200,18191.104259,'SUCCESS'),(358,15,544.342167,'SUCCESS',200,7850.507504,'SUCCESS'),(359,8,642.421584,'SERVER_ERROR',500,4832.223545,'SERVER_ERROR'),(359,8,872.240834,'SUCCESS',200,5292.698421,'SUCCESS'),(360,24,74.541375,'SERVER_ERROR',500,1437.6826270000001,'SERVER_ERROR'),(360,5,71.212709,'SUCCESS',200,326.951958,'SUCCESS'),(361,18,66.522208,'SERVER_ERROR',500,1069.210498,'SERVER_ERROR'),(361,7,69.36229200000001,'SUCCESS',200,439.514208,'SUCCESS'),(362,9,18.179791,'SUCCESS',200,50.463457000000005,'SUCCESS'),(363,13,79.601084,'SERVER_ERROR',500,876.932375,'SERVER_ERROR'),(363,4,237.00241699999998,'SUCCESS',200,408.773543,'SUCCESS'),(364,9,122.182958,'SERVER_ERROR',500,1007.2054989999999,'SERVER_ERROR'),(364,33,312.032584,'SUCCESS',200,4225.832421,'SUCCESS'),(365,6,128.02795799999998,'SERVER_ERROR',500,684.978667,'SERVER_ERROR'),(365,17,125.61191699999999,'SUCCESS',200,1910.333002,'SUCCESS'),(366,13,14.341375,'SUCCESS',200,71.60279299999999,'SUCCESS'),(367,3,121.06658300000001,'SERVER_ERROR',500,353.10054099999996,'SERVER_ERROR'),(367,14,149.4325,'SUCCESS',200,1704.37321,'SUCCESS'),(368,1,1760.562126,'SERVER_ERROR',500,1760.562126,'SERVER_ERROR'),(368,6,2300.200584,'SUCCESS',200,11367.145046,'SUCCESS'),(369,2,423.45570799999996,'SERVER_ERROR',500,841.6664579999999,'SERVER_ERROR'),(369,14,559.2586670000001,'SUCCESS',200,6008.107876,'SUCCESS'),(370,8,550.274209,'SERVER_ERROR',500,3967.951127,'SERVER_ERROR'),(370,10,591.5020410000001,'SUCCESS',200,5309.667584,'SUCCESS'),(371,31,968.423542,'SUCCESS',200,7645.586089,'SUCCESS'),(372,31,877.487292,'SUCCESS',200,7603.1648829999995,'SUCCESS'),(373,36,44.142417,'SUCCESS',200,499.46891999999997,'SUCCESS'),(374,25,155.258458,'SUCCESS',200,338.622874,'SUCCESS'),(375,8,7.195125,'SUCCESS',200,39.617082999999994,'SUCCESS'),(376,14,29.898291,'SUCCESS',200,185.854625,'SUCCESS'),(377,13,2137.463042,'SUCCESS',200,7630.824878,'SUCCESS'),(378,19,38.369875,'SUCCESS',200,194.805085,'SUCCESS'),(379,1,158.235667,'SERVER_ERROR',500,158.235667,'SERVER_ERROR'),(379,12,616.910667,'SUCCESS',200,1220.967752,'SUCCESS'),(380,11,2070.7316260000002,'SUCCESS',200,22254.145845,'SUCCESS'),(381,16,544.342167,'SUCCESS',200,8379.569295,'SUCCESS'),(382,8,642.421584,'SERVER_ERROR',500,4832.223545,'SERVER_ERROR'),(382,9,872.240834,'SUCCESS',200,5947.765047,'SUCCESS'),(383,9,122.182958,'SERVER_ERROR',500,1007.2054989999999,'SERVER_ERROR'),(383,34,312.032584,'SUCCESS',200,4354.66338,'SUCCESS'),(384,6,128.02795799999998,'SERVER_ERROR',500,684.978667,'SERVER_ERROR'),(384,19,125.61191699999999,'SUCCESS',200,2144.3855869999998,'SUCCESS'),(385,14,14.341375,'SUCCESS',200,81.592918,'SUCCESS'),(386,3,121.06658300000001,'SERVER_ERROR',500,353.10054099999996,'SERVER_ERROR'),(386,15,149.4325,'SUCCESS',200,1829.019752,'SUCCESS'),(387,26,74.541375,'SERVER_ERROR',500,1554.679919,'SERVER_ERROR'),(387,5,71.212709,'SUCCESS',200,326.951958,'SUCCESS'),(388,18,66.522208,'SERVER_ERROR',500,1069.210498,'SERVER_ERROR'),(388,7,69.36229200000001,'SUCCESS',200,439.514208,'SUCCESS'),(389,9,18.179791,'SUCCESS',200,50.463457000000005,'SUCCESS'),(390,13,79.601084,'SERVER_ERROR',500,876.932375,'SERVER_ERROR'),(390,4,237.00241699999998,'SUCCESS',200,408.773543,'SUCCESS'),(391,1,1760.562126,'SERVER_ERROR',500,1760.562126,'SERVER_ERROR'),(391,6,2300.200584,'SUCCESS',200,11367.145046,'SUCCESS'),(392,2,423.45570799999996,'SERVER_ERROR',500,841.6664579999999,'SERVER_ERROR'),(392,14,559.2586670000001,'SUCCESS',200,6008.107876,'SUCCESS'),(393,8,550.274209,'SERVER_ERROR',500,3967.951127,'SERVER_ERROR'),(393,11,591.5020410000001,'SUCCESS',200,5765.398043,'SUCCESS'),(394,33,877.487292,'SUCCESS',200,8021.445633000001,'SUCCESS'),(395,33,968.423542,'SUCCESS',200,8046.913589000001,'SUCCESS'),(396,1,1760.562126,'SERVER_ERROR',500,1760.562126,'SERVER_ERROR'),(396,8,2300.200584,'SUCCESS',200,14738.644756,'SUCCESS'),(397,2,423.45570799999996,'SERVER_ERROR',500,841.6664579999999,'SERVER_ERROR'),(397,15,559.2586670000001,'SUCCESS',200,6431.464959999999,'SUCCESS'),(398,8,550.274209,'SERVER_ERROR',500,3967.951127,'SERVER_ERROR'),(398,11,591.5020410000001,'SUCCESS',200,5765.398043,'SUCCESS'),(399,27,74.541375,'SERVER_ERROR',500,1611.287836,'SERVER_ERROR'),(399,5,71.212709,'SUCCESS',200,326.951958,'SUCCESS'),(400,18,66.522208,'SERVER_ERROR',500,1069.210498,'SERVER_ERROR'),(400,8,69.36229200000001,'SUCCESS',200,496.632749,'SUCCESS'),(401,10,18.179791,'SUCCESS',200,56.291457,'SUCCESS'),(402,13,79.601084,'SERVER_ERROR',500,876.932375,'SERVER_ERROR'),(402,4,237.00241699999998,'SUCCESS',200,408.773543,'SUCCESS'),(403,37,44.142417,'SUCCESS',200,507.921254,'SUCCESS'),(404,25,155.258458,'SUCCESS',200,338.622874,'SUCCESS'),(405,9,7.195125,'SUCCESS',200,45.020042000000004,'SUCCESS'),(406,15,29.898291,'SUCCESS',200,195.641708,'SUCCESS'),(407,11,2070.7316260000002,'SUCCESS',200,22254.145845,'SUCCESS'),(408,17,544.342167,'SUCCESS',200,8899.381795,'SUCCESS'),(409,8,642.421584,'SERVER_ERROR',500,4832.223545,'SERVER_ERROR'),(409,9,872.240834,'SUCCESS',200,5947.765047,'SUCCESS'),(410,9,122.182958,'SERVER_ERROR',500,1007.2054989999999,'SERVER_ERROR'),(410,35,312.032584,'SUCCESS',200,4487.529714,'SUCCESS'),(411,6,128.02795799999998,'SERVER_ERROR',500,684.978667,'SERVER_ERROR'),(411,20,125.61191699999999,'SUCCESS',200,2265.879129,'SUCCESS'),(412,14,14.341375,'SUCCESS',200,81.592918,'SUCCESS'),(413,3,121.06658300000001,'SERVER_ERROR',500,353.10054099999996,'SERVER_ERROR'),(413,15,149.4325,'SUCCESS',200,1829.019752,'SUCCESS'),(414,13,2137.463042,'SUCCESS',200,7630.824878,'SUCCESS'),(415,19,38.369875,'SUCCESS',200,194.805085,'SUCCESS'),(416,1,158.235667,'SERVER_ERROR',500,158.235667,'SERVER_ERROR'),(416,13,616.910667,'SUCCESS',200,1254.705543,'SUCCESS'),(417,34,877.487292,'SUCCESS',200,8225.04005,'SUCCESS'),(418,10,122.182958,'SERVER_ERROR',500,1119.420957,'SERVER_ERROR'),(418,39,312.032584,'SUCCESS',200,4957.476879,'SUCCESS'),(419,6,128.02795799999998,'SERVER_ERROR',500,684.978667,'SERVER_ERROR'),(419,20,125.61191699999999,'SUCCESS',200,2265.879129,'SUCCESS'),(420,15,14.341375,'SUCCESS',200,88.900001,'SUCCESS'),(421,4,121.06658300000001,'SERVER_ERROR',500,461.75925,'SERVER_ERROR'),(421,16,149.4325,'SUCCESS',200,1939.347918,'SUCCESS'),(422,12,2070.7316260000002,'SUCCESS',200,24246.737012,'SUCCESS'),(423,17,544.342167,'SUCCESS',200,8899.381795,'SUCCESS'),(424,8,642.421584,'SERVER_ERROR',500,4832.223545,'SERVER_ERROR'),(424,9,872.240834,'SUCCESS',200,5947.765047,'SUCCESS'),(425,34,968.423542,'SUCCESS',200,8255.247088999999,'SUCCESS'),(426,13,2137.463042,'SUCCESS',200,7630.824878,'SUCCESS'),(427,21,38.369875,'SUCCESS',200,212.023294,'SUCCESS'),(428,2,158.235667,'SERVER_ERROR',500,297.976083,'SERVER_ERROR'),(428,13,616.910667,'SUCCESS',200,1254.705543,'SUCCESS'),(429,40,44.142417,'SUCCESS',200,546.0531709999999,'SUCCESS'),(430,28,155.258458,'SUCCESS',200,362.41904000000005,'SUCCESS'),(431,9,7.195125,'SUCCESS',200,45.020042000000004,'SUCCESS'),(432,16,29.898291,'SUCCESS',200,209.075333,'SUCCESS'),(433,1,1760.562126,'SERVER_ERROR',500,1760.562126,'SERVER_ERROR'),(433,8,2300.200584,'SUCCESS',200,14738.644756,'SUCCESS'),(434,2,423.45570799999996,'SERVER_ERROR',500,841.6664579999999,'SERVER_ERROR'),(434,16,559.2586670000001,'SUCCESS',200,6857.51771,'SUCCESS'),(435,9,550.274209,'SERVER_ERROR',500,4474.511836000001,'SERVER_ERROR'),(435,13,591.5020410000001,'SUCCESS',200,6753.271294,'SUCCESS'),(436,29,74.541375,'SERVER_ERROR',500,1731.332169,'SERVER_ERROR'),(436,6,71.212709,'SUCCESS',200,387.64991599999996,'SUCCESS'),(437,23,66.522208,'SERVER_ERROR',500,1367.021207,'SERVER_ERROR'),(437,8,69.36229200000001,'SUCCESS',200,496.632749,'SUCCESS'),(438,10,18.179791,'SUCCESS',200,56.291457,'SUCCESS'),(439,14,79.601084,'SERVER_ERROR',500,948.053,'SERVER_ERROR'),(439,4,237.00241699999998,'SUCCESS',200,408.773543,'SUCCESS'),(440,36,968.423542,'SUCCESS',200,8663.428048,'SUCCESS'),(441,36,877.487292,'SUCCESS',200,8643.571051,'SUCCESS'),(442,1,1760.562126,'SERVER_ERROR',500,1760.562126,'SERVER_ERROR'),(442,9,2300.200584,'SUCCESS',200,16420.907339999998,'SUCCESS'),(443,2,423.45570799999996,'SERVER_ERROR',500,841.6664579999999,'SERVER_ERROR'),(443,17,559.2586670000001,'SUCCESS',200,7293.518669,'SUCCESS'),(444,9,550.274209,'SERVER_ERROR',500,4474.511836000001,'SERVER_ERROR'),(444,13,591.5020410000001,'SUCCESS',200,6753.271294,'SUCCESS'),(445,31,74.541375,'SERVER_ERROR',500,1846.776251,'SERVER_ERROR'),(445,7,71.212709,'SUCCESS',200,449.306541,'SUCCESS'),(446,23,66.522208,'SERVER_ERROR',500,1367.021207,'SERVER_ERROR'),(446,9,69.36229200000001,'SUCCESS',200,559.093624,'SUCCESS'),(447,11,18.179791,'SUCCESS',200,62.895706999999994,'SUCCESS'),(448,14,79.601084,'SERVER_ERROR',500,948.053,'SERVER_ERROR'),(448,4,237.00241699999998,'SUCCESS',200,408.773543,'SUCCESS'),(449,41,44.142417,'SUCCESS',200,559.3736710000001,'SUCCESS'),(450,29,155.258458,'SUCCESS',200,369.428207,'SUCCESS'),(451,9,7.195125,'SUCCESS',200,45.020042000000004,'SUCCESS'),(452,17,29.898291,'SUCCESS',200,224.472374,'SUCCESS'),(453,12,2070.7316260000002,'SUCCESS',200,24246.737012,'SUCCESS'),(454,18,544.342167,'SUCCESS',200,9412.824504,'SUCCESS'),(455,8,642.421584,'SERVER_ERROR',500,4832.223545,'SERVER_ERROR'),(455,10,872.240834,'SUCCESS',200,6504.2663809999995,'SUCCESS'),(456,13,2137.463042,'SUCCESS',200,7630.824878,'SUCCESS'),(457,21,38.369875,'SUCCESS',200,212.023294,'SUCCESS'),(458,3,158.235667,'SERVER_ERROR',500,415.362958,'SERVER_ERROR'),(458,13,616.910667,'SUCCESS',200,1254.705543,'SUCCESS'),(459,10,122.182958,'SERVER_ERROR',500,1119.420957,'SERVER_ERROR'),(459,39,312.032584,'SUCCESS',200,4957.476879,'SUCCESS'),(460,6,128.02795799999998,'SERVER_ERROR',500,684.978667,'SERVER_ERROR'),(460,20,125.61191699999999,'SUCCESS',200,2265.879129,'SUCCESS'),(461,15,14.341375,'SUCCESS',200,88.900001,'SUCCESS'),(462,5,121.06658300000001,'SERVER_ERROR',500,568.530666,'SERVER_ERROR'),(462,16,149.4325,'SUCCESS',200,1939.347918,'SUCCESS'),(463,37,877.487292,'SUCCESS',200,8838.936843000001,'SUCCESS'),(464,38,968.423542,'SUCCESS',200,9074.389881000001,'SUCCESS'),(465,13,2137.463042,'SUCCESS',200,7630.824878,'SUCCESS'),(466,22,38.369875,'SUCCESS',200,217.976211,'SUCCESS'),(467,3,158.235667,'SERVER_ERROR',500,415.362958,'SERVER_ERROR'),(467,13,616.910667,'SUCCESS',200,1254.705543,'SUCCESS'),(468,42,44.142417,'SUCCESS',200,572.381005,'SUCCESS'),(469,31,155.258458,'SUCCESS',200,380.308749,'SUCCESS'),(470,10,7.195125,'SUCCESS',200,47.285042,'SUCCESS'),(471,18,29.898291,'SUCCESS',200,239.238374,'SUCCESS'),(472,13,2070.7316260000002,'SUCCESS',200,26223.675388,'SUCCESS'),(473,19,544.342167,'SUCCESS',200,9930.735088000001,'SUCCESS'),(474,8,642.421584,'SERVER_ERROR',500,4832.223545,'SERVER_ERROR'),(474,10,872.240834,'SUCCESS',200,6504.2663809999995,'SUCCESS'),(475,1,1760.562126,'SERVER_ERROR',500,1760.562126,'SERVER_ERROR'),(475,10,2300.200584,'SUCCESS',200,18112.06859,'SUCCESS'),(476,2,423.45570799999996,'SERVER_ERROR',500,841.6664579999999,'SERVER_ERROR'),(476,17,559.2586670000001,'SUCCESS',200,7293.518669,'SUCCESS'),(477,9,550.274209,'SERVER_ERROR',500,4474.511836000001,'SERVER_ERROR'),(477,15,591.5020410000001,'SUCCESS',200,7713.510752,'SUCCESS'),(478,31,74.541375,'SERVER_ERROR',500,1846.776251,'SERVER_ERROR'),(478,7,71.212709,'SUCCESS',200,449.306541,'SUCCESS'),(479,24,66.522208,'SERVER_ERROR',500,1431.682333,'SERVER_ERROR'),(479,9,69.36229200000001,'SUCCESS',200,559.093624,'SUCCESS'),(480,11,18.179791,'SUCCESS',200,62.895706999999994,'SUCCESS'),(481,14,79.601084,'SERVER_ERROR',500,948.053,'SERVER_ERROR'),(481,5,237.00241699999998,'SUCCESS',200,482.12562599999995,'SUCCESS'),(482,10,122.182958,'SERVER_ERROR',500,1119.420957,'SERVER_ERROR'),(482,41,312.032584,'SUCCESS',200,5214.880838,'SUCCESS'),(483,6,128.02795799999998,'SERVER_ERROR',500,684.978667,'SERVER_ERROR'),(483,20,125.61191699999999,'SUCCESS',200,2265.879129,'SUCCESS'),(484,16,14.341375,'SUCCESS',200,97.525959,'SUCCESS'),(485,5,121.06658300000001,'SERVER_ERROR',500,568.530666,'SERVER_ERROR'),(485,16,149.4325,'SUCCESS',200,1939.347918,'SUCCESS'),(486,43,44.142417,'SUCCESS',200,579.446047,'SUCCESS'),(487,33,155.258458,'SUCCESS',200,408.360415,'SUCCESS'),(488,12,7.195125,'SUCCESS',200,53.316958,'SUCCESS'),(489,19,29.898291,'SUCCESS',200,253.499957,'SUCCESS'),(490,39,877.487292,'SUCCESS',200,9224.390010000001,'SUCCESS'),(491,40,968.423542,'SUCCESS',200,9489.969173000001,'SUCCESS'),(492,14,2137.463042,'SUCCESS',200,8061.881545,'SUCCESS'),(493,22,38.369875,'SUCCESS',200,217.976211,'SUCCESS'),(494,3,158.235667,'SERVER_ERROR',500,415.362958,'SERVER_ERROR'),(494,14,616.910667,'SUCCESS',200,1408.252084,'SUCCESS'),(495,11,122.182958,'SERVER_ERROR',500,1229.105082,'SERVER_ERROR'),(495,43,312.032584,'SUCCESS',200,5442.343879,'SUCCESS'),(496,6,128.02795799999998,'SERVER_ERROR',500,684.978667,'SERVER_ERROR'),(496,20,125.61191699999999,'SUCCESS',200,2265.879129,'SUCCESS'),(497,16,14.341375,'SUCCESS',200,97.525959,'SUCCESS'),(498,5,121.06658300000001,'SERVER_ERROR',500,568.530666,'SERVER_ERROR'),(498,17,149.4325,'SUCCESS',200,2060.915835,'SUCCESS'),(499,32,74.541375,'SERVER_ERROR',500,1904.469418,'SERVER_ERROR'),(499,8,78.431084,'SUCCESS',200,527.737625,'SUCCESS'),(500,26,66.522208,'SERVER_ERROR',500,1544.420082,'SERVER_ERROR'),(500,9,69.36229200000001,'SUCCESS',200,559.093624,'SUCCESS'),(501,11,18.179791,'SUCCESS',200,62.895706999999994,'SUCCESS'),(502,14,79.601084,'SERVER_ERROR',500,948.053,'SERVER_ERROR'),(502,5,237.00241699999998,'SUCCESS',200,482.12562599999995,'SUCCESS'),(503,14,2070.7316260000002,'SUCCESS',200,28194.074972,'SUCCESS'),(504,20,544.342167,'SUCCESS',200,10454.649421999999,'SUCCESS'),(505,8,642.421584,'SERVER_ERROR',500,4832.223545,'SERVER_ERROR'),(505,11,872.240834,'SUCCESS',200,7049.405506,'SUCCESS'),(506,1,1760.562126,'SERVER_ERROR',500,1760.562126,'SERVER_ERROR'),(506,10,2300.200584,'SUCCESS',200,18112.06859,'SUCCESS'),(507,2,423.45570799999996,'SERVER_ERROR',500,841.6664579999999,'SERVER_ERROR'),(507,18,559.2586670000001,'SUCCESS',200,7713.428043999999,'SUCCESS'),(508,9,550.274209,'SERVER_ERROR',500,4474.511836000001,'SERVER_ERROR'),(508,15,591.5020410000001,'SUCCESS',200,7713.510752,'SUCCESS'),(509,43,968.423542,'SUCCESS',200,10118.607964,'SUCCESS'),(510,46,44.142417,'SUCCESS',200,610.2693810000001,'SUCCESS'),(511,34,155.258458,'SUCCESS',200,412.158081,'SUCCESS'),(512,13,7.195125,'SUCCESS',200,55.086583000000005,'SUCCESS'),(513,21,29.898291,'SUCCESS',200,272.48812300000003,'SUCCESS'),(514,17,2137.463042,'SUCCESS',200,9471.224296,'SUCCESS'),(515,25,38.369875,'SUCCESS',200,254.642504,'SUCCESS'),(516,3,158.235667,'SERVER_ERROR',500,415.362958,'SERVER_ERROR'),(516,16,616.910667,'SUCCESS',200,1585.519667,'SUCCESS'),(517,15,2070.7316260000002,'SUCCESS',200,30212.274848,'SUCCESS'),(518,21,544.342167,'SUCCESS',200,10975.971921999999,'SUCCESS'),(519,9,648.0394590000001,'SERVER_ERROR',500,5480.263004,'SERVER_ERROR'),(519,11,872.240834,'SUCCESS',200,7049.405506,'SUCCESS'),(520,43,877.487292,'SUCCESS',200,10048.434760999999,'SUCCESS'),(521,33,74.541375,'SERVER_ERROR',500,1965.868335,'SERVER_ERROR'),(521,8,78.431084,'SUCCESS',200,527.737625,'SUCCESS'),(522,26,66.522208,'SERVER_ERROR',500,1544.420082,'SERVER_ERROR'),(522,9,69.36229200000001,'SUCCESS',200,559.093624,'SUCCESS'),(523,12,18.179791,'SUCCESS',200,66.68804,'SUCCESS'),(524,14,79.601084,'SERVER_ERROR',500,948.053,'SERVER_ERROR'),(524,5,237.00241699999998,'SUCCESS',200,482.12562599999995,'SUCCESS'),(525,1,1760.562126,'SERVER_ERROR',500,1760.562126,'SERVER_ERROR'),(525,10,2300.200584,'SUCCESS',200,18112.06859,'SUCCESS'),(526,2,423.45570799999996,'SERVER_ERROR',500,841.6664579999999,'SERVER_ERROR'),(526,18,559.2586670000001,'SUCCESS',200,7713.428043999999,'SUCCESS'),(527,9,550.274209,'SERVER_ERROR',500,4474.511836000001,'SERVER_ERROR'),(527,16,591.5020410000001,'SUCCESS',200,8161.423919000001,'SUCCESS'),(528,11,122.182958,'SERVER_ERROR',500,1229.105082,'SERVER_ERROR'),(528,45,312.032584,'SUCCESS',200,5707.054546,'SUCCESS'),(529,6,128.02795799999998,'SERVER_ERROR',500,684.978667,'SERVER_ERROR'),(529,24,125.61191699999999,'SUCCESS',200,2726.436004,'SUCCESS'),(530,18,14.341375,'SUCCESS',200,106.307001,'SUCCESS'),(531,6,122.010959,'SERVER_ERROR',500,690.5416250000001,'SERVER_ERROR'),(531,18,149.4325,'SUCCESS',200,2181.585502,'SUCCESS'),(532,48,44.142417,'SUCCESS',200,632.7716730000001,'SUCCESS'),(533,34,155.258458,'SUCCESS',200,412.158081,'SUCCESS'),(534,13,7.195125,'SUCCESS',200,55.086583000000005,'SUCCESS'),(535,22,29.898291,'SUCCESS',200,277.717164,'SUCCESS'),(536,45,968.423542,'SUCCESS',200,10523.815923,'SUCCESS'),(537,45,877.487292,'SUCCESS',200,10461.798513,'SUCCESS'),(538,11,122.182958,'SERVER_ERROR',500,1229.105082,'SERVER_ERROR'),(538,45,312.032584,'SUCCESS',200,5707.054546,'SUCCESS'),(539,6,128.02795799999998,'SERVER_ERROR',500,684.978667,'SERVER_ERROR'),(539,24,125.61191699999999,'SUCCESS',200,2726.436004,'SUCCESS'),(540,19,14.341375,'SUCCESS',200,109.150126,'SUCCESS'),(541,6,122.010959,'SERVER_ERROR',500,690.5416250000001,'SERVER_ERROR'),(541,19,149.4325,'SUCCESS',200,2307.127127,'SUCCESS'),(542,17,2070.7316260000002,'SUCCESS',200,34198.384725,'SUCCESS'),(543,21,544.342167,'SUCCESS',200,10975.971921999999,'SUCCESS'),(544,9,648.0394590000001,'SERVER_ERROR',500,5480.263004,'SERVER_ERROR'),(544,12,872.240834,'SUCCESS',200,7716.692631,'SUCCESS'),(545,17,2137.463042,'SUCCESS',200,9471.224296,'SUCCESS'),(546,26,38.369875,'SUCCESS',200,262.453212,'SUCCESS'),(547,1,27.786458,'SUCCESS',200,27.786458,'SUCCESS'),(548,3,158.235667,'SERVER_ERROR',500,415.362958,'SERVER_ERROR'),(548,17,616.910667,'SUCCESS',200,1603.27925,'SUCCESS'),(549,1,1760.562126,'SERVER_ERROR',500,1760.562126,'SERVER_ERROR'),(549,10,2300.200584,'SUCCESS',200,18112.06859,'SUCCESS'),(550,2,423.45570799999996,'SERVER_ERROR',500,841.6664579999999,'SERVER_ERROR'),(550,19,559.2586670000001,'SUCCESS',200,8118.28867,'SUCCESS'),(551,9,550.274209,'SERVER_ERROR',500,4474.511836000001,'SERVER_ERROR'),(551,16,591.5020410000001,'SUCCESS',200,8161.423919000001,'SUCCESS'),(552,33,74.541375,'SERVER_ERROR',500,1965.868335,'SERVER_ERROR'),(552,8,78.431084,'SUCCESS',200,527.737625,'SUCCESS'),(553,26,66.522208,'SERVER_ERROR',500,1544.420082,'SERVER_ERROR'),(553,10,69.36229200000001,'SUCCESS',200,619.6139579999999,'SUCCESS'),(554,13,18.179791,'SUCCESS',200,72.684915,'SUCCESS'),(555,14,79.601084,'SERVER_ERROR',500,948.053,'SERVER_ERROR'),(555,5,237.00241699999998,'SUCCESS',200,482.12562599999995,'SUCCESS'),(556,18,2137.463042,'SUCCESS',200,9897.471254,'SUCCESS'),(557,26,38.369875,'SUCCESS',200,262.453212,'SUCCESS'),(558,1,27.786458,'SUCCESS',200,27.786458,'SUCCESS'),(559,3,158.235667,'SERVER_ERROR',500,415.362958,'SERVER_ERROR'),(559,17,616.910667,'SUCCESS',200,1603.27925,'SUCCESS'),(560,47,877.487292,'SUCCESS',200,10890.88493,'SUCCESS'),(561,47,968.423542,'SUCCESS',200,10929.303797999999,'SUCCESS'),(562,48,44.142417,'SUCCESS',200,632.7716730000001,'SUCCESS'),(563,36,155.258458,'SUCCESS',200,426.683122,'SUCCESS'),(564,13,7.195125,'SUCCESS',200,55.086583000000005,'SUCCESS'),(565,23,29.898291,'SUCCESS',200,291.78020599999996,'SUCCESS'),(566,17,2070.7316260000002,'SUCCESS',200,34198.384725,'SUCCESS'),(567,21,544.342167,'SUCCESS',200,10975.971921999999,'SUCCESS'),(568,9,648.0394590000001,'SERVER_ERROR',500,5480.263004,'SERVER_ERROR'),(568,14,872.240834,'SUCCESS',200,8925.611589,'SUCCESS'),(569,35,74.541375,'SERVER_ERROR',500,2082.971127,'SERVER_ERROR'),(569,8,78.431084,'SUCCESS',200,527.737625,'SUCCESS'),(570,28,72.65783400000001,'SERVER_ERROR',500,1676.180333,'SERVER_ERROR'),(570,10,69.36229200000001,'SUCCESS',200,619.6139579999999,'SUCCESS'),(571,13,18.179791,'SUCCESS',200,72.684915,'SUCCESS'),(572,14,79.601084,'SERVER_ERROR',500,948.053,'SERVER_ERROR'),(572,5,237.00241699999998,'SUCCESS',200,482.12562599999995,'SUCCESS'),(573,1,1760.562126,'SERVER_ERROR',500,1760.562126,'SERVER_ERROR'),(573,10,2300.200584,'SUCCESS',200,18112.06859,'SUCCESS'),(574,2,423.45570799999996,'SERVER_ERROR',500,841.6664579999999,'SERVER_ERROR'),(574,21,559.2586670000001,'SUCCESS',200,8956.266712,'SUCCESS'),(575,9,550.274209,'SERVER_ERROR',500,4474.511836000001,'SERVER_ERROR'),(575,16,591.5020410000001,'SUCCESS',200,8161.423919000001,'SUCCESS'),(576,11,122.182958,'SERVER_ERROR',500,1229.105082,'SERVER_ERROR'),(576,49,312.032584,'SUCCESS',200,6176.490505000001,'SUCCESS'),(577,7,128.02795799999998,'SERVER_ERROR',500,792.764501,'SERVER_ERROR'),(577,24,125.61191699999999,'SUCCESS',200,2726.436004,'SUCCESS'),(578,20,14.341375,'SUCCESS',200,111.50212599999999,'SUCCESS'),(579,6,122.010959,'SERVER_ERROR',500,690.5416250000001,'SERVER_ERROR'),(579,20,149.4325,'SUCCESS',200,2426.752419,'SUCCESS'),(580,48,968.423542,'SUCCESS',200,11132.234714999999,'SUCCESS'),(581,48,877.487292,'SUCCESS',200,11095.317138,'SUCCESS'),(582,53,44.142417,'SUCCESS',200,688.866007,'SUCCESS'),(583,38,155.258458,'SUCCESS',200,437.213497,'SUCCESS'),(584,13,7.195125,'SUCCESS',200,55.086583000000005,'SUCCESS'),(585,24,29.898291,'SUCCESS',200,300.492248,'SUCCESS'),(586,19,2070.7316260000002,'SUCCESS',200,38189.44731,'SUCCESS'),(587,22,544.342167,'SUCCESS',200,11494.734714,'SUCCESS'),(588,9,648.0394590000001,'SERVER_ERROR',500,5480.263004,'SERVER_ERROR'),(588,14,872.240834,'SUCCESS',200,8925.611589,'SUCCESS'),(589,18,2137.463042,'SUCCESS',200,9897.471254,'SUCCESS'),(590,26,38.369875,'SUCCESS',200,262.453212,'SUCCESS'),(591,1,27.786458,'SUCCESS',200,27.786458,'SUCCESS'),(592,3,158.235667,'SERVER_ERROR',500,415.362958,'SERVER_ERROR'),(592,18,616.910667,'SUCCESS',200,1634.532791,'SUCCESS'),(593,35,74.541375,'SERVER_ERROR',500,2082.971127,'SERVER_ERROR'),(593,9,78.431084,'SUCCESS',200,589.702084,'SUCCESS'),(594,32,72.65783400000001,'SERVER_ERROR',500,1907.325501,'SERVER_ERROR'),(594,10,69.36229200000001,'SUCCESS',200,619.6139579999999,'SUCCESS'),(595,14,18.179791,'SUCCESS',200,75.042874,'SUCCESS'),(596,14,79.601084,'SERVER_ERROR',500,948.053,'SERVER_ERROR'),(596,5,237.00241699999998,'SUCCESS',200,482.12562599999995,'SUCCESS'),(597,1,1760.562126,'SERVER_ERROR',500,1760.562126,'SERVER_ERROR'),(597,10,2300.200584,'SUCCESS',200,18112.06859,'SUCCESS'),(598,2,423.45570799999996,'SERVER_ERROR',500,841.6664579999999,'SERVER_ERROR'),(598,22,559.2586670000001,'SUCCESS',200,9374.16442,'SUCCESS'),(599,10,553.988917,'SERVER_ERROR',500,5028.500752999999,'SERVER_ERROR'),(599,16,591.5020410000001,'SUCCESS',200,8161.423919000001,'SUCCESS'),(600,11,122.182958,'SERVER_ERROR',500,1229.105082,'SERVER_ERROR'),(600,51,312.032584,'SUCCESS',200,6403.535338000001,'SUCCESS'),(601,8,128.02795799999998,'SERVER_ERROR',500,908.823001,'SERVER_ERROR'),(601,25,125.61191699999999,'SUCCESS',200,2836.034545,'SUCCESS'),(602,21,14.341375,'SUCCESS',200,113.855001,'SUCCESS'),(603,7,122.010959,'SERVER_ERROR',500,810.3987089999999,'SERVER_ERROR'),(603,20,149.4325,'SUCCESS',200,2426.752419,'SUCCESS'),(604,50,877.487292,'SUCCESS',200,11507.553805000001,'SUCCESS'),(605,20,2070.7316260000002,'SUCCESS',200,40181.180769,'SUCCESS'),(606,23,544.342167,'SUCCESS',200,12011.788047,'SUCCESS'),(607,9,648.0394590000001,'SERVER_ERROR',500,5480.263004,'SERVER_ERROR'),(607,15,872.240834,'SUCCESS',200,9479.411923000001,'SUCCESS'),(608,50,968.423542,'SUCCESS',200,11535.955799,'SUCCESS'),(609,35,74.541375,'SERVER_ERROR',500,2082.971127,'SERVER_ERROR'),(609,9,78.431084,'SUCCESS',200,589.702084,'SUCCESS'),(610,33,72.65783400000001,'SERVER_ERROR',500,1964.941251,'SERVER_ERROR'),(610,10,69.36229200000001,'SUCCESS',200,619.6139579999999,'SUCCESS'),(611,14,18.179791,'SUCCESS',200,75.042874,'SUCCESS'),(612,14,79.601084,'SERVER_ERROR',500,948.053,'SERVER_ERROR'),(612,6,237.00241699999998,'SUCCESS',200,539.229251,'SUCCESS'),(613,54,44.142417,'SUCCESS',200,701.494091,'SUCCESS'),(614,39,155.258458,'SUCCESS',200,447.483706,'SUCCESS'),(615,13,7.195125,'SUCCESS',200,55.086583000000005,'SUCCESS'),(616,25,29.898291,'SUCCESS',200,321.559498,'SUCCESS'),(617,11,122.182958,'SERVER_ERROR',500,1229.105082,'SERVER_ERROR'),(617,52,312.032584,'SUCCESS',200,6528.719421,'SUCCESS'),(618,8,128.02795799999998,'SERVER_ERROR',500,908.823001,'SERVER_ERROR'),(618,25,125.61191699999999,'SUCCESS',200,2836.034545,'SUCCESS'),(619,22,14.341375,'SUCCESS',200,119.15571,'SUCCESS'),(620,7,122.010959,'SERVER_ERROR',500,810.3987089999999,'SERVER_ERROR'),(620,20,149.4325,'SUCCESS',200,2426.752419,'SUCCESS'),(621,1,1760.562126,'SERVER_ERROR',500,1760.562126,'SERVER_ERROR'),(621,10,2300.200584,'SUCCESS',200,18112.06859,'SUCCESS'),(622,2,423.45570799999996,'SERVER_ERROR',500,841.6664579999999,'SERVER_ERROR'),(622,23,559.2586670000001,'SUCCESS',200,9782.514045999998,'SUCCESS'),(623,10,553.988917,'SERVER_ERROR',500,5028.500752999999,'SERVER_ERROR'),(623,16,591.5020410000001,'SUCCESS',200,8161.423919000001,'SUCCESS'),(624,18,2137.463042,'SUCCESS',200,9897.471254,'SUCCESS'),(625,26,38.369875,'SUCCESS',200,262.453212,'SUCCESS'),(626,1,27.786458,'SUCCESS',200,27.786458,'SUCCESS'),(627,3,158.235667,'SERVER_ERROR',500,415.362958,'SERVER_ERROR'),(627,19,616.910667,'SUCCESS',200,1702.895374,'SUCCESS'),(628,52,877.487292,'SUCCESS',200,11919.195721,'SUCCESS'),(629,55,44.142417,'SUCCESS',200,715.5256330000001,'SUCCESS'),(630,40,155.258458,'SUCCESS',200,452.839206,'SUCCESS'),(631,13,7.195125,'SUCCESS',200,55.086583000000005,'SUCCESS'),(632,27,29.898291,'SUCCESS',200,351.29462299999994,'SUCCESS'),(633,20,2070.7316260000002,'SUCCESS',200,40181.180769,'SUCCESS'),(634,23,544.342167,'SUCCESS',200,12011.788047,'SUCCESS'),(635,9,648.0394590000001,'SERVER_ERROR',500,5480.263004,'SERVER_ERROR'),(635,17,872.240834,'SUCCESS',200,10577.757549,'SUCCESS'),(636,52,1042.463542,'SUCCESS',200,12781.00955,'SUCCESS'),(637,1,1760.562126,'SERVER_ERROR',500,1760.562126,'SERVER_ERROR'),(637,12,2523.287126,'SUCCESS',200,22327.058717,'SUCCESS'),(638,2,423.45570799999996,'SERVER_ERROR',500,841.6664579999999,'SERVER_ERROR'),(638,24,559.2586670000001,'SUCCESS',200,10206.338338,'SUCCESS'),(639,10,553.988917,'SERVER_ERROR',500,5028.500752999999,'SERVER_ERROR'),(639,16,591.5020410000001,'SUCCESS',200,8161.423919000001,'SUCCESS'),(640,37,74.541375,'SERVER_ERROR',500,2201.494336,'SERVER_ERROR'),(640,9,78.431084,'SUCCESS',200,589.702084,'SUCCESS'),(641,33,72.65783400000001,'SERVER_ERROR',500,1964.941251,'SERVER_ERROR'),(641,11,69.36229200000001,'SUCCESS',200,680.374291,'SUCCESS'),(642,17,18.179791,'SUCCESS',200,92.332708,'SUCCESS'),(643,14,79.601084,'SERVER_ERROR',500,948.053,'SERVER_ERROR'),(643,6,237.00241699999998,'SUCCESS',200,539.229251,'SUCCESS'),(644,19,2137.463042,'SUCCESS',200,10356.489838,'SUCCESS'),(645,27,38.369875,'SUCCESS',200,268.44992099999996,'SUCCESS'),(646,1,27.786458,'SUCCESS',200,27.786458,'SUCCESS'),(647,3,158.235667,'SERVER_ERROR',500,415.362958,'SERVER_ERROR'),(647,19,616.910667,'SUCCESS',200,1702.895374,'SUCCESS'),(648,11,122.182958,'SERVER_ERROR',500,1229.105082,'SERVER_ERROR'),(648,53,312.032584,'SUCCESS',200,6642.279296,'SUCCESS'),(649,8,128.02795799999998,'SERVER_ERROR',500,908.823001,'SERVER_ERROR'),(649,25,125.61191699999999,'SUCCESS',200,2836.034545,'SUCCESS'),(650,22,14.341375,'SUCCESS',200,119.15571,'SUCCESS'),(651,7,122.010959,'SERVER_ERROR',500,810.3987089999999,'SERVER_ERROR'),(651,20,149.4325,'SUCCESS',200,2426.752419,'SUCCESS'),(652,54,1042.463542,'SUCCESS',200,13180.732467,'SUCCESS'),(653,54,877.487292,'SUCCESS',200,12342.59672,'SUCCESS'),(654,56,44.142417,'SUCCESS',200,724.3306739999999,'SUCCESS'),(655,40,155.258458,'SUCCESS',200,452.839206,'SUCCESS'),(656,14,7.195125,'SUCCESS',200,58.445707999999996,'SUCCESS'),(657,29,29.898291,'SUCCESS',200,371.998248,'SUCCESS'),(658,1,1760.562126,'SERVER_ERROR',500,1760.562126,'SERVER_ERROR'),(658,12,2523.287126,'SUCCESS',200,22327.058717,'SUCCESS'),(659,2,423.45570799999996,'SERVER_ERROR',500,841.6664579999999,'SERVER_ERROR'),(659,25,559.2586670000001,'SUCCESS',200,10625.973213,'SUCCESS'),(660,10,553.988917,'SERVER_ERROR',500,5028.500752999999,'SERVER_ERROR'),(660,16,591.5020410000001,'SUCCESS',200,8161.423919000001,'SUCCESS'),(661,20,2137.463042,'SUCCESS',200,10806.547005,'SUCCESS'),(662,29,38.369875,'SUCCESS',200,284.60233800000003,'SUCCESS'),(663,2,33.612458999999994,'SUCCESS',200,61.398917,'SUCCESS'),(664,3,158.235667,'SERVER_ERROR',500,415.362958,'SERVER_ERROR'),(664,20,616.910667,'SUCCESS',200,1718.7547080000002,'SUCCESS'),(665,21,2070.7316260000002,'SUCCESS',200,42170.035686,'SUCCESS'),(666,23,544.342167,'SUCCESS',200,12011.788047,'SUCCESS'),(667,9,648.0394590000001,'SERVER_ERROR',500,5480.263004,'SERVER_ERROR'),(667,18,872.240834,'SUCCESS',200,11121.576299,'SUCCESS'),(668,13,122.182958,'SERVER_ERROR',500,1458.229998,'SERVER_ERROR'),(668,55,312.032584,'SUCCESS',200,6916.872171999999,'SUCCESS'),(669,8,128.02795799999998,'SERVER_ERROR',500,908.823001,'SERVER_ERROR'),(669,28,125.61191699999999,'SUCCESS',200,3170.545504,'SUCCESS'),(670,23,14.341375,'SUCCESS',200,123.817585,'SUCCESS'),(671,7,122.010959,'SERVER_ERROR',500,810.3987089999999,'SERVER_ERROR'),(671,20,149.4325,'SUCCESS',200,2426.752419,'SUCCESS'),(672,40,74.541375,'SERVER_ERROR',500,2379.5158779999997,'SERVER_ERROR'),(672,9,78.431084,'SUCCESS',200,589.702084,'SUCCESS'),(673,33,72.65783400000001,'SERVER_ERROR',500,1964.941251,'SERVER_ERROR'),(673,11,69.36229200000001,'SUCCESS',200,680.374291,'SUCCESS'),(674,17,18.179791,'SUCCESS',200,92.332708,'SUCCESS'),(675,14,79.601084,'SERVER_ERROR',500,948.053,'SERVER_ERROR'),(675,6,237.00241699999998,'SUCCESS',200,539.229251,'SUCCESS'),(676,55,877.487292,'SUCCESS',200,12561.585137,'SUCCESS'),(677,57,44.142417,'SUCCESS',200,733.037466,'SUCCESS'),(678,40,155.258458,'SUCCESS',200,452.839206,'SUCCESS'),(679,14,7.195125,'SUCCESS',200,58.445707999999996,'SUCCESS'),(680,31,29.898291,'SUCCESS',200,398.254956,'SUCCESS'),(681,56,1042.463542,'SUCCESS',200,13595.668092,'SUCCESS'),(682,20,2137.463042,'SUCCESS',200,10806.547005,'SUCCESS'),(683,29,38.369875,'SUCCESS',200,284.60233800000003,'SUCCESS'),(684,2,33.612458999999994,'SUCCESS',200,61.398917,'SUCCESS'),(685,3,158.235667,'SERVER_ERROR',500,415.362958,'SERVER_ERROR'),(685,21,616.910667,'SUCCESS',200,1789.2375410000002,'SUCCESS'),(686,21,2070.7316260000002,'SUCCESS',200,42170.035686,'SUCCESS'),(687,25,544.342167,'SUCCESS',200,13036.684921999999,'SUCCESS'),(688,10,648.0394590000001,'SERVER_ERROR',500,6002.561796,'SERVER_ERROR'),(688,19,872.240834,'SUCCESS',200,11670.733841000001,'SUCCESS'),(689,40,74.541375,'SERVER_ERROR',500,2379.5158779999997,'SERVER_ERROR'),(689,10,78.431084,'SUCCESS',200,666.140459,'SUCCESS'),(690,34,72.65783400000001,'SERVER_ERROR',500,2023.6819179999998,'SERVER_ERROR'),(690,12,69.36229200000001,'SUCCESS',200,740.092499,'SUCCESS'),(691,18,18.179791,'SUCCESS',200,97.101208,'SUCCESS'),(692,14,79.601084,'SERVER_ERROR',500,948.053,'SERVER_ERROR'),(692,7,237.00241699999998,'SUCCESS',200,598.4524180000001,'SUCCESS'),(693,1,1760.562126,'SERVER_ERROR',500,1760.562126,'SERVER_ERROR'),(693,13,2523.287126,'SUCCESS',200,24039.481634,'SUCCESS'),(694,2,423.45570799999996,'SERVER_ERROR',500,841.6664579999999,'SERVER_ERROR'),(694,25,559.2586670000001,'SUCCESS',200,10625.973213,'SUCCESS'),(695,10,553.988917,'SERVER_ERROR',500,5028.500752999999,'SERVER_ERROR'),(695,16,591.5020410000001,'SUCCESS',200,8161.423919000001,'SUCCESS'),(696,13,122.182958,'SERVER_ERROR',500,1458.229998,'SERVER_ERROR'),(696,56,312.032584,'SUCCESS',200,7024.3657969999995,'SUCCESS'),(697,8,128.02795799999998,'SERVER_ERROR',500,908.823001,'SERVER_ERROR'),(697,29,125.61191699999999,'SUCCESS',200,3281.996129,'SUCCESS'),(698,23,14.341375,'SUCCESS',200,123.817585,'SUCCESS'),(699,7,122.010959,'SERVER_ERROR',500,810.3987089999999,'SERVER_ERROR'),(699,20,149.4325,'SUCCESS',200,2426.752419,'SUCCESS'),(700,58,1042.463542,'SUCCESS',200,14015.499259,'SUCCESS'),(701,58,877.487292,'SUCCESS',200,13169.989804,'SUCCESS'),(702,21,2137.463042,'SUCCESS',200,11271.642755,'SUCCESS'),(703,29,38.369875,'SUCCESS',200,284.60233800000003,'SUCCESS'),(704,2,33.612458999999994,'SUCCESS',200,61.398917,'SUCCESS'),(705,3,158.235667,'SERVER_ERROR',500,415.362958,'SERVER_ERROR'),(705,22,616.910667,'SUCCESS',200,1832.015916,'SUCCESS'),(706,13,122.182958,'SERVER_ERROR',500,1458.229998,'SERVER_ERROR'),(706,57,312.032584,'SUCCESS',200,7134.421297,'SUCCESS'),(707,8,128.02795799999998,'SERVER_ERROR',500,908.823001,'SERVER_ERROR'),(707,30,125.61191699999999,'SUCCESS',200,3397.514921,'SUCCESS'),(708,24,14.341375,'SUCCESS',200,126.964335,'SUCCESS'),(709,7,122.010959,'SERVER_ERROR',500,810.3987089999999,'SERVER_ERROR'),(709,20,149.4325,'SUCCESS',200,2426.752419,'SUCCESS'),(710,22,2070.7316260000002,'SUCCESS',200,44138.453354,'SUCCESS'),(711,25,544.342167,'SUCCESS',200,13036.684921999999,'SUCCESS'),(712,10,648.0394590000001,'SERVER_ERROR',500,6002.561796,'SERVER_ERROR'),(712,20,872.240834,'SUCCESS',200,12212.853299,'SUCCESS'),(713,1,1760.562126,'SERVER_ERROR',500,1760.562126,'SERVER_ERROR'),(713,14,2523.287126,'SUCCESS',200,25740.932468,'SUCCESS'),(714,2,423.45570799999996,'SERVER_ERROR',500,841.6664579999999,'SERVER_ERROR'),(714,27,559.2586670000001,'SUCCESS',200,11472.420422000001,'SUCCESS'),(715,10,553.988917,'SERVER_ERROR',500,5028.500752999999,'SERVER_ERROR'),(715,16,591.5020410000001,'SUCCESS',200,8161.423919000001,'SUCCESS'),(716,59,44.142417,'SUCCESS',200,753.3654250000001,'SUCCESS'),(717,42,155.258458,'SUCCESS',200,461.602081,'SUCCESS'),(718,16,8.0905,'SUCCESS',200,71.992833,'SUCCESS'),(719,33,29.898291,'SUCCESS',200,417.276331,'SUCCESS'),(720,60,877.487292,'SUCCESS',200,13566.129637,'SUCCESS'),(721,60,44.142417,'SUCCESS',200,767.537092,'SUCCESS'),(722,43,155.258458,'SUCCESS',200,474.81112199999995,'SUCCESS'),(723,16,8.0905,'SUCCESS',200,71.992833,'SUCCESS'),(724,34,29.898291,'SUCCESS',200,429.617456,'SUCCESS'),(725,60,1042.463542,'SUCCESS',200,14453.427676000001,'SUCCESS'),(726,1,1760.562126,'SERVER_ERROR',500,1760.562126,'SERVER_ERROR'),(726,15,2523.287126,'SUCCESS',200,27464.827344,'SUCCESS'),(727,2,423.45570799999996,'SERVER_ERROR',500,841.6664579999999,'SERVER_ERROR'),(727,27,559.2586670000001,'SUCCESS',200,11472.420422000001,'SUCCESS'),(728,10,553.988917,'SERVER_ERROR',500,5028.500752999999,'SERVER_ERROR'),(728,16,591.5020410000001,'SUCCESS',200,8161.423919000001,'SUCCESS'),(729,13,122.182958,'SERVER_ERROR',500,1458.229998,'SERVER_ERROR'),(729,60,312.032584,'SUCCESS',200,7516.842839,'SUCCESS'),(730,9,128.02795799999998,'SERVER_ERROR',500,1022.619293,'SERVER_ERROR'),(730,31,125.61191699999999,'SUCCESS',200,3510.014671,'SUCCESS'),(731,25,14.341375,'SUCCESS',200,133.530335,'SUCCESS'),(732,7,122.010959,'SERVER_ERROR',500,810.3987089999999,'SERVER_ERROR'),(732,21,149.4325,'SUCCESS',200,2537.5445440000003,'SUCCESS'),(733,22,2070.7316260000002,'SUCCESS',200,44138.453354,'SUCCESS'),(734,26,544.342167,'SUCCESS',200,13543.059212999999,'SUCCESS'),(735,10,648.0394590000001,'SERVER_ERROR',500,6002.561796,'SERVER_ERROR'),(735,22,872.240834,'SUCCESS',200,13387.947425,'SUCCESS'),(736,41,74.541375,'SERVER_ERROR',500,2450.5453359999997,'SERVER_ERROR'),(736,11,78.431084,'SUCCESS',200,742.120584,'SUCCESS'),(737,36,72.65783400000001,'SERVER_ERROR',500,2151.62671,'SERVER_ERROR'),(737,12,69.36229200000001,'SUCCESS',200,740.092499,'SUCCESS'),(738,19,18.179791,'SUCCESS',200,101.703458,'SUCCESS'),(739,14,79.601084,'SERVER_ERROR',500,948.053,'SERVER_ERROR'),(739,7,237.00241699999998,'SUCCESS',200,598.4524180000001,'SUCCESS'),(740,22,2137.463042,'SUCCESS',200,11730.631297,'SUCCESS'),(741,30,38.369875,'SUCCESS',200,305.489629,'SUCCESS'),(742,2,33.612458999999994,'SUCCESS',200,61.398917,'SUCCESS'),(743,3,158.235667,'SERVER_ERROR',500,415.362958,'SERVER_ERROR'),(743,22,616.910667,'SUCCESS',200,1832.015916,'SUCCESS'),(744,62,1042.463542,'SUCCESS',200,14838.878801,'SUCCESS'),(745,62,877.487292,'SUCCESS',200,13984.776345,'SUCCESS'),(746,13,122.182958,'SERVER_ERROR',500,1458.229998,'SERVER_ERROR'),(746,61,312.032584,'SUCCESS',200,7647.195631,'SUCCESS'),(747,9,128.02795799999998,'SERVER_ERROR',500,1022.619293,'SERVER_ERROR'),(747,34,125.61191699999999,'SUCCESS',200,3849.4143799999997,'SUCCESS'),(748,26,14.341375,'SUCCESS',200,138.37287700000002,'SUCCESS'),(749,8,122.010959,'SERVER_ERROR',500,929.462001,'SERVER_ERROR'),(749,22,149.4325,'SUCCESS',200,2648.142586,'SUCCESS'),(750,63,44.142417,'SUCCESS',200,800.8760080000001,'SUCCESS'),(751,43,155.258458,'SUCCESS',200,474.81112199999995,'SUCCESS'),(752,17,8.0905,'SUCCESS',200,78.040583,'SUCCESS'),(753,35,29.898291,'SUCCESS',200,443.120123,'SUCCESS'),(754,23,2137.463042,'SUCCESS',200,12198.602464,'SUCCESS'),(755,31,38.369875,'SUCCESS',200,319.65117,'SUCCESS'),(756,2,33.612458999999994,'SUCCESS',200,61.398917,'SUCCESS'),(757,4,158.235667,'SERVER_ERROR',500,551.708709,'SERVER_ERROR'),(757,22,616.910667,'SUCCESS',200,1832.015916,'SUCCESS'),(758,23,2070.7316260000002,'SUCCESS',200,46109.448439,'SUCCESS'),(759,28,544.342167,'SUCCESS',200,14579.658338,'SUCCESS'),(760,10,648.0394590000001,'SERVER_ERROR',500,6002.561796,'SERVER_ERROR'),(760,22,872.240834,'SUCCESS',200,13387.947425,'SUCCESS'),(761,43,74.541375,'SERVER_ERROR',500,2576.552502,'SERVER_ERROR'),(761,11,78.431084,'SUCCESS',200,742.120584,'SUCCESS'),(762,37,72.65783400000001,'SERVER_ERROR',500,2208.9756270000003,'SERVER_ERROR'),(762,12,69.36229200000001,'SUCCESS',200,740.092499,'SUCCESS'),(763,19,18.179791,'SUCCESS',200,101.703458,'SUCCESS'),(764,14,79.601084,'SERVER_ERROR',500,948.053,'SERVER_ERROR'),(764,7,237.00241699999998,'SUCCESS',200,598.4524180000001,'SUCCESS'),(765,1,1760.562126,'SERVER_ERROR',500,1760.562126,'SERVER_ERROR'),(765,15,2523.287126,'SUCCESS',200,27464.827344,'SUCCESS'),(766,2,423.45570799999996,'SERVER_ERROR',500,841.6664579999999,'SERVER_ERROR'),(766,27,559.2586670000001,'SUCCESS',200,11472.420422000001,'SUCCESS'),(767,10,553.988917,'SERVER_ERROR',500,5028.500752999999,'SERVER_ERROR'),(767,18,591.5020410000001,'SUCCESS',200,9139.474334999999,'SUCCESS');
/*!40000 ALTER TABLE `http_endpoint_metrics_outcome_metrics` ENABLE KEYS */;
UNLOCK TABLES;

--
-- Table structure for table `instance_metrics_snapshot`
--

DROP TABLE IF EXISTS `instance_metrics_snapshot`;
/*!40101 SET @saved_cs_client     = @@character_set_client */;
/*!50503 SET character_set_client = utf8mb4 */;
CREATE TABLE `instance_metrics_snapshot` (
  `id` bigint NOT NULL AUTO_INCREMENT,
  `cpu_usage` double DEFAULT NULL,
  `disk_free_space` double DEFAULT NULL,
  `disk_total_space` double DEFAULT NULL,
  `instance_id` varchar(255) DEFAULT NULL,
  `service_id` varchar(255) DEFAULT NULL,
  `status` varchar(255) DEFAULT NULL,
  `timestamp` datetime DEFAULT NULL,
  PRIMARY KEY (`id`)
) ENGINE=InnoDB AUTO_INCREMENT=268 DEFAULT CHARSET=utf8mb4 COLLATE=utf8mb4_0900_ai_ci;
/*!40101 SET character_set_client = @saved_cs_client */;

--
-- Dumping data for table `instance_metrics_snapshot`
--

LOCK TABLES `instance_metrics_snapshot` WRITE;
/*!40000 ALTER TABLE `instance_metrics_snapshot` DISABLE KEYS */;
INSERT INTO `instance_metrics_snapshot` VALUES (1,0,27832696832,33634926592,'payment-proxy-1-service@192.168.1.18:58090','PAYMENT-PROXY-SERVICE','ACTIVE','2022-10-25 19:57:08'),(2,0.6666666666666666,27832696832,33634926592,'delivery-proxy-1-service@192.168.1.18:58095','DELIVERY-PROXY-SERVICE','ACTIVE','2022-10-25 19:57:08'),(3,0.16666666666666666,27832696832,33634926592,'restaurant-service@192.168.1.18:60947','RESTAURANT-SERVICE','ACTIVE','2022-10-25 19:57:08'),(4,0,27832696832,33634926592,'ordering-service@192.168.1.18:61009','ORDERING-SERVICE','ACTIVE','2022-10-25 19:57:08'),(5,1,27832696832,33634926592,'restaurant-service@192.168.1.18:58085','RESTAURANT-SERVICE','ACTIVE','2022-10-25 19:57:08'),(6,0,27832696832,33634926592,'ordering-service@192.168.1.18:61027','ORDERING-SERVICE','ACTIVE','2022-10-25 19:57:08'),(7,0.5,27832696832,33634926592,'ordering-service@192.168.1.18:58086','ORDERING-SERVICE','ACTIVE','2022-10-25 19:57:08'),(8,0.7638888888888888,27832696832,33634926592,'restaurant-service@192.168.1.18:60990','RESTAURANT-SERVICE','ACTIVE','2022-10-25 19:57:08'),(9,0.09021114623344345,27832631296,33634926592,'ordering-service@192.168.1.18:58086','ORDERING-SERVICE','ACTIVE','2022-10-25 19:57:13'),(10,0.09402682789562748,27832631296,33634926592,'delivery-proxy-1-service@192.168.1.18:58095','DELIVERY-PROXY-SERVICE','ACTIVE','2022-10-25 19:57:13'),(11,0.09021756445114686,27832631296,33634926592,'ordering-service@192.168.1.18:61009','ORDERING-SERVICE','ACTIVE','2022-10-25 19:57:13'),(12,0.0893350477539801,27832631296,33634926592,'restaurant-service@192.168.1.18:58085','RESTAURANT-SERVICE','ACTIVE','2022-10-25 19:57:13'),(13,0.09665254675004158,27832631296,33634926592,'payment-proxy-1-service@192.168.1.18:58090','PAYMENT-PROXY-SERVICE','ACTIVE','2022-10-25 19:57:13'),(14,0.09313127672950688,27832631296,33634926592,'ordering-service@192.168.1.18:61027','ORDERING-SERVICE','ACTIVE','2022-10-25 19:57:13'),(15,0.08736116077670963,27832631296,33634926592,'restaurant-service@192.168.1.18:60990','RESTAURANT-SERVICE','ACTIVE','2022-10-25 19:57:13'),(16,0.10062483241130654,27832631296,33634926592,'restaurant-service@192.168.1.18:60947','RESTAURANT-SERVICE','ACTIVE','2022-10-25 19:57:13'),(17,0.10151339755439352,27832557568,33634926592,'ordering-service@192.168.1.18:61027','ORDERING-SERVICE','ACTIVE','2022-10-25 19:57:18'),(18,0.10411512680120782,27832557568,33634926592,'payment-proxy-1-service@192.168.1.18:58090','PAYMENT-PROXY-SERVICE','ACTIVE','2022-10-25 19:57:18'),(19,0.10586540985221714,27832557568,33634926592,'delivery-proxy-1-service@192.168.1.18:58095','DELIVERY-PROXY-SERVICE','ACTIVE','2022-10-25 19:57:18'),(20,0.10182794566220617,27832557568,33634926592,'restaurant-service@192.168.1.18:60947','RESTAURANT-SERVICE','ACTIVE','2022-10-25 19:57:18'),(21,0.10411512680120782,27832557568,33634926592,'restaurant-service@192.168.1.18:58085','RESTAURANT-SERVICE','ACTIVE','2022-10-25 19:57:18'),(22,0.10872982412750432,27832557568,33634926592,'ordering-service@192.168.1.18:61009','ORDERING-SERVICE','ACTIVE','2022-10-25 19:57:18'),(23,0.10706592835813868,27832557568,33634926592,'restaurant-service@192.168.1.18:60990','RESTAURANT-SERVICE','ACTIVE','2022-10-25 19:57:18'),(24,0.1035281010374256,27832557568,33634926592,'ordering-service@192.168.1.18:58086','ORDERING-SERVICE','ACTIVE','2022-10-25 19:57:18'),(25,0.07132943772636373,27832504320,33634926592,'payment-proxy-1-service@192.168.1.18:58090','PAYMENT-PROXY-SERVICE','ACTIVE','2022-10-25 19:57:23'),(26,0.07041463002287765,27832504320,33634926592,'delivery-proxy-1-service@192.168.1.18:58095','DELIVERY-PROXY-SERVICE','ACTIVE','2022-10-25 19:57:23'),(27,0.07403512567788369,27832504320,33634926592,'restaurant-service@192.168.1.18:58085','RESTAURANT-SERVICE','ACTIVE','2022-10-25 19:57:23'),(28,0.06646882592214726,27832504320,33634926592,'ordering-service@192.168.1.18:61009','ORDERING-SERVICE','ACTIVE','2022-10-25 19:57:23'),(29,0.06707182241453659,27832504320,33634926592,'restaurant-service@192.168.1.18:60990','RESTAURANT-SERVICE','ACTIVE','2022-10-25 19:57:23'),(30,0.07492490479379366,27832504320,33634926592,'ordering-service@192.168.1.18:61027','ORDERING-SERVICE','ACTIVE','2022-10-25 19:57:23'),(31,0.06889181297045036,27832504320,33634926592,'restaurant-service@192.168.1.18:60947','RESTAURANT-SERVICE','ACTIVE','2022-10-25 19:57:23'),(32,0.06776250170405228,27832438784,33634926592,'delivery-proxy-1-service@192.168.1.18:58095','DELIVERY-PROXY-SERVICE','ACTIVE','2022-10-25 19:57:28'),(33,0.07082047418216246,27832438784,33634926592,'payment-proxy-1-service@192.168.1.18:58090','PAYMENT-PROXY-SERVICE','ACTIVE','2022-10-25 19:57:28'),(34,0.0656084422724063,27832438784,33634926592,'ordering-service@192.168.1.18:61027','ORDERING-SERVICE','ACTIVE','2022-10-25 19:57:28'),(35,0.06838152202677751,27832438784,33634926592,'restaurant-service@192.168.1.18:60990','RESTAURANT-SERVICE','ACTIVE','2022-10-25 19:57:28'),(36,0.06868510541571103,27832438784,33634926592,'ordering-service@192.168.1.18:61009','ORDERING-SERVICE','ACTIVE','2022-10-25 19:57:28'),(37,0.06774088465082821,27832438784,33634926592,'restaurant-service@192.168.1.18:58085','RESTAURANT-SERVICE','ACTIVE','2022-10-25 19:57:28'),(38,0.0708039724197383,27832438784,33634926592,'restaurant-service@192.168.1.18:60947','RESTAURANT-SERVICE','ACTIVE','2022-10-25 19:57:28'),(39,0.06986670297839535,27832438784,33634926592,'ordering-service@192.168.1.18:58086','ORDERING-SERVICE','ACTIVE','2022-10-25 19:57:28'),(40,0.06534084933756681,27832365056,33634926592,'ordering-service@192.168.1.18:58086','ORDERING-SERVICE','ACTIVE','2022-10-25 19:57:33'),(41,0.06927058852382022,27832365056,33634926592,'payment-proxy-1-service@192.168.1.18:58090','PAYMENT-PROXY-SERVICE','ACTIVE','2022-10-25 19:57:33'),(42,0.07381821787370818,27832365056,33634926592,'delivery-proxy-1-service@192.168.1.18:58095','DELIVERY-PROXY-SERVICE','ACTIVE','2022-10-25 19:57:33'),(43,0.06956862743701245,27832365056,33634926592,'ordering-service@192.168.1.18:61027','ORDERING-SERVICE','ACTIVE','2022-10-25 19:57:33'),(44,0.07169647902519977,27832365056,33634926592,'ordering-service@192.168.1.18:61009','ORDERING-SERVICE','ACTIVE','2022-10-25 19:57:33'),(45,0.07259912097983602,27832365056,33634926592,'restaurant-service@192.168.1.18:60990','RESTAURANT-SERVICE','ACTIVE','2022-10-25 19:57:33'),(46,0.06746250880026376,27832365056,33634926592,'restaurant-service@192.168.1.18:60947','RESTAURANT-SERVICE','ACTIVE','2022-10-25 19:57:33'),(47,0.07141625813234838,27832365056,33634926592,'restaurant-service@192.168.1.18:58085','RESTAURANT-SERVICE','ACTIVE','2022-10-25 19:57:33'),(48,0.0744064761331011,27832295424,33634926592,'payment-proxy-1-service@192.168.1.18:58090','PAYMENT-PROXY-SERVICE','ACTIVE','2022-10-25 19:57:39'),(49,0.07168215888113803,27832295424,33634926592,'delivery-proxy-1-service@192.168.1.18:58095','DELIVERY-PROXY-SERVICE','ACTIVE','2022-10-25 19:57:39'),(50,0.07741530089079003,27832295424,33634926592,'ordering-service@192.168.1.18:58086','ORDERING-SERVICE','ACTIVE','2022-10-25 19:57:39'),(51,0.07591232509141925,27832295424,33634926592,'ordering-service@192.168.1.18:61027','ORDERING-SERVICE','ACTIVE','2022-10-25 19:57:39'),(52,0.07228639599310678,27832295424,33634926592,'ordering-service@192.168.1.18:61009','ORDERING-SERVICE','ACTIVE','2022-10-25 19:57:39'),(53,0.07410369182707081,27832295424,33634926592,'restaurant-service@192.168.1.18:58085','RESTAURANT-SERVICE','ACTIVE','2022-10-25 19:57:39'),(54,0.074714914107813,27832295424,33634926592,'restaurant-service@192.168.1.18:60990','RESTAURANT-SERVICE','ACTIVE','2022-10-25 19:57:39'),(55,0.07651523527300161,27832295424,33634926592,'restaurant-service@192.168.1.18:60947','RESTAURANT-SERVICE','ACTIVE','2022-10-25 19:57:39'),(56,0.06392550229795663,27832246272,33634926592,'delivery-proxy-1-service@192.168.1.18:58095','DELIVERY-PROXY-SERVICE','ACTIVE','2022-10-25 19:57:44'),(57,0.06576274072258506,27832246272,33634926592,'payment-proxy-1-service@192.168.1.18:58090','PAYMENT-PROXY-SERVICE','ACTIVE','2022-10-25 19:57:44'),(58,0.06576274072258506,27832246272,33634926592,'ordering-service@192.168.1.18:61009','ORDERING-SERVICE','ACTIVE','2022-10-25 19:57:44'),(59,0.06514518855395734,27832246272,33634926592,'restaurant-service@192.168.1.18:58085','RESTAURANT-SERVICE','ACTIVE','2022-10-25 19:57:44'),(60,0.06391889086925084,27832246272,33634926592,'restaurant-service@192.168.1.18:60990','RESTAURANT-SERVICE','ACTIVE','2022-10-25 19:57:44'),(61,0.06880293857224673,27832246272,33634926592,'ordering-service@192.168.1.18:58086','ORDERING-SERVICE','ACTIVE','2022-10-25 19:57:44'),(62,0.06330551645409621,27832246272,33634926592,'restaurant-service@192.168.1.18:60947','RESTAURANT-SERVICE','ACTIVE','2022-10-25 19:57:44'),(63,0.06880293857224673,27832246272,33634926592,'ordering-service@192.168.1.18:61027','ORDERING-SERVICE','ACTIVE','2022-10-25 19:57:44'),(64,0.05968830336973698,27832197120,33634926592,'ordering-service@192.168.1.18:61009','ORDERING-SERVICE','ACTIVE','2022-10-25 19:57:49'),(65,0.0633746250091019,27832197120,33634926592,'delivery-proxy-1-service@192.168.1.18:58095','DELIVERY-PROXY-SERVICE','ACTIVE','2022-10-25 19:57:49'),(66,0.06245122598258241,27832197120,33634926592,'payment-proxy-1-service@192.168.1.18:58090','PAYMENT-PROXY-SERVICE','ACTIVE','2022-10-25 19:57:49'),(67,0.06155306125658782,27832197120,33634926592,'restaurant-service@192.168.1.18:60947','RESTAURANT-SERVICE','ACTIVE','2022-10-25 19:57:49'),(68,0.05844715059696897,27832197120,33634926592,'ordering-service@192.168.1.18:58086','ORDERING-SERVICE','ACTIVE','2022-10-25 19:57:49'),(69,0.061834376965762106,27832197120,33634926592,'restaurant-service@192.168.1.18:58085','RESTAURANT-SERVICE','ACTIVE','2022-10-25 19:57:49'),(70,0.05875718674421873,27832197120,33634926592,'ordering-service@192.168.1.18:61027','ORDERING-SERVICE','ACTIVE','2022-10-25 19:57:49'),(71,0.06365856665177126,27832197120,33634926592,'restaurant-service@192.168.1.18:60990','RESTAURANT-SERVICE','ACTIVE','2022-10-25 19:57:49'),(72,0.058288982555075274,27832115200,33634926592,'delivery-proxy-1-service@192.168.1.18:58095','DELIVERY-PROXY-SERVICE','ACTIVE','2022-10-25 19:57:54'),(73,0.05614264095143928,27832115200,33634926592,'ordering-service@192.168.1.18:58086','ORDERING-SERVICE','ACTIVE','2022-10-25 19:57:54'),(74,0.05767210818638069,27832115200,33634926592,'payment-proxy-1-service@192.168.1.18:58090','PAYMENT-PROXY-SERVICE','ACTIVE','2022-10-25 19:57:54'),(75,0.05797636814464672,27832115200,33634926592,'restaurant-service@192.168.1.18:58085','RESTAURANT-SERVICE','ACTIVE','2022-10-25 19:57:54'),(76,0.06013611449997742,27832115200,33634926592,'ordering-service@192.168.1.18:61009','ORDERING-SERVICE','ACTIVE','2022-10-25 19:57:54'),(77,0.057673326168196676,27832115200,33634926592,'ordering-service@192.168.1.18:61027','ORDERING-SERVICE','ACTIVE','2022-10-25 19:57:54'),(78,0.061035461824523685,27832115200,33634926592,'restaurant-service@192.168.1.18:60947','RESTAURANT-SERVICE','ACTIVE','2022-10-25 19:57:54'),(79,0.05861391956182993,27832115200,33634926592,'restaurant-service@192.168.1.18:60990','RESTAURANT-SERVICE','ACTIVE','2022-10-25 19:57:54'),(80,0.060517389663531984,27832045568,33634926592,'delivery-proxy-1-service@192.168.1.18:58095','DELIVERY-PROXY-SERVICE','ACTIVE','2022-10-25 19:57:59'),(81,0.060827703057423556,27832045568,33634926592,'ordering-service@192.168.1.18:61027','ORDERING-SERVICE','ACTIVE','2022-10-25 19:57:59'),(82,0.059942276154426516,27832045568,33634926592,'payment-proxy-1-service@192.168.1.18:58090','PAYMENT-PROXY-SERVICE','ACTIVE','2022-10-25 19:57:59'),(83,0.061136450073083916,27832045568,33634926592,'restaurant-service@192.168.1.18:58085','RESTAURANT-SERVICE','ACTIVE','2022-10-25 19:57:59'),(84,0.0629658241721346,27832045568,33634926592,'ordering-service@192.168.1.18:61009','ORDERING-SERVICE','ACTIVE','2022-10-25 19:57:59'),(85,0.06446818325413832,27832045568,33634926592,'ordering-service@192.168.1.18:58086','ORDERING-SERVICE','ACTIVE','2022-10-25 19:57:59'),(86,0.05960063815552468,27832045568,33634926592,'restaurant-service@192.168.1.18:60990','RESTAURANT-SERVICE','ACTIVE','2022-10-25 19:57:59'),(87,0.06266259928628985,27832045568,33634926592,'restaurant-service@192.168.1.18:60947','RESTAURANT-SERVICE','ACTIVE','2022-10-25 19:57:59'),(88,0.05205913494316042,27831996416,33634926592,'payment-proxy-1-service@192.168.1.18:58090','PAYMENT-PROXY-SERVICE','ACTIVE','2022-10-25 19:58:04'),(89,0.05207289574947469,27831996416,33634926592,'delivery-proxy-1-service@192.168.1.18:58095','DELIVERY-PROXY-SERVICE','ACTIVE','2022-10-25 19:58:04'),(90,0.04833530095229197,27831996416,33634926592,'restaurant-service@192.168.1.18:58085','RESTAURANT-SERVICE','ACTIVE','2022-10-25 19:58:04'),(91,0.04958199074626015,27831996416,33634926592,'ordering-service@192.168.1.18:61009','ORDERING-SERVICE','ACTIVE','2022-10-25 19:58:04'),(92,0.04926603172693806,27831996416,33634926592,'restaurant-service@192.168.1.18:60990','RESTAURANT-SERVICE','ACTIVE','2022-10-25 19:58:04'),(93,0.05331005085061705,27831996416,33634926592,'ordering-service@192.168.1.18:61027','ORDERING-SERVICE','ACTIVE','2022-10-25 19:58:04'),(94,0.047100397297009766,27831996416,33634926592,'restaurant-service@192.168.1.18:60947','RESTAURANT-SERVICE','ACTIVE','2022-10-25 19:58:04'),(95,0.06166973716426886,27831898112,33634926592,'payment-proxy-1-service@192.168.1.18:58090','PAYMENT-PROXY-SERVICE','ACTIVE','2022-10-25 19:58:09'),(96,0.06137977151752442,27831898112,33634926592,'delivery-proxy-1-service@192.168.1.18:58095','DELIVERY-PROXY-SERVICE','ACTIVE','2022-10-25 19:58:09'),(97,0.06137984962814719,27831898112,33634926592,'ordering-service@192.168.1.18:58086','ORDERING-SERVICE','ACTIVE','2022-10-25 19:58:09'),(98,0.06385333203895076,27831898112,33634926592,'restaurant-service@192.168.1.18:58085','RESTAURANT-SERVICE','ACTIVE','2022-10-25 19:58:09'),(99,0.060139654475869664,27831898112,33634926592,'ordering-service@192.168.1.18:61027','ORDERING-SERVICE','ACTIVE','2022-10-25 19:58:09'),(100,0.06262033763068565,27831898112,33634926592,'restaurant-service@192.168.1.18:60990','RESTAURANT-SERVICE','ACTIVE','2022-10-25 19:58:09'),(101,0.06106880661908437,27831898112,33634926592,'ordering-service@192.168.1.18:61009','ORDERING-SERVICE','ACTIVE','2022-10-25 19:58:09'),(102,0.0662387581431159,27831898112,33634926592,'restaurant-service@192.168.1.18:60947','RESTAURANT-SERVICE','ACTIVE','2022-10-25 19:58:09'),(103,0.04784908189089319,27831853056,33634926592,'delivery-proxy-1-service@192.168.1.18:58095','DELIVERY-PROXY-SERVICE','ACTIVE','2022-10-25 19:58:14'),(104,0.047540151375135044,27831853056,33634926592,'ordering-service@192.168.1.18:61009','ORDERING-SERVICE','ACTIVE','2022-10-25 19:58:14'),(105,0.047540151375135044,27831853056,33634926592,'restaurant-service@192.168.1.18:58085','RESTAURANT-SERVICE','ACTIVE','2022-10-25 19:58:14'),(106,0.04941081916622587,27831853056,33634926592,'payment-proxy-1-service@192.168.1.18:58090','PAYMENT-PROXY-SERVICE','ACTIVE','2022-10-25 19:58:14'),(107,0.046904829288771537,27831853056,33634926592,'restaurant-service@192.168.1.18:60990','RESTAURANT-SERVICE','ACTIVE','2022-10-25 19:58:14'),(108,0.04632400089369515,27831853056,33634926592,'restaurant-service@192.168.1.18:60947','RESTAURANT-SERVICE','ACTIVE','2022-10-25 19:58:14'),(109,0.0500336335501162,27831848960,33634926592,'ordering-service@192.168.1.18:61027','ORDERING-SERVICE','ACTIVE','2022-10-25 19:58:14'),(110,0.05252115115102007,27831853056,33634926592,'ordering-service@192.168.1.18:58086','ORDERING-SERVICE','ACTIVE','2022-10-25 19:58:14'),(111,0.0633409609143034,27831730176,33634926592,'delivery-proxy-1-service@192.168.1.18:58095','DELIVERY-PROXY-SERVICE','ACTIVE','2022-10-25 19:58:20'),(112,0.0633409609143034,27831730176,33634926592,'payment-proxy-1-service@192.168.1.18:58090','PAYMENT-PROXY-SERVICE','ACTIVE','2022-10-25 19:58:20'),(113,0.06241897005025245,27831730176,33634926592,'ordering-service@192.168.1.18:58086','ORDERING-SERVICE','ACTIVE','2022-10-25 19:58:20'),(114,0.06210700020561858,27831730176,33634926592,'restaurant-service@192.168.1.18:60947','RESTAURANT-SERVICE','ACTIVE','2022-10-25 19:58:20'),(115,0.06487457356937698,27831730176,33634926592,'restaurant-service@192.168.1.18:58085','RESTAURANT-SERVICE','ACTIVE','2022-10-25 19:58:20'),(116,0.06883788386987892,27831730176,33634926592,'ordering-service@192.168.1.18:61009','ORDERING-SERVICE','ACTIVE','2022-10-25 19:58:20'),(117,0.0691490218261177,27831730176,33634926592,'restaurant-service@192.168.1.18:60990','RESTAURANT-SERVICE','ACTIVE','2022-10-25 19:58:20'),(118,0.0645678968167942,27831730176,33634926592,'ordering-service@192.168.1.18:61027','ORDERING-SERVICE','ACTIVE','2022-10-25 19:58:20'),(119,0.0629633510082115,27831693312,33634926592,'delivery-proxy-1-service@192.168.1.18:58095','DELIVERY-PROXY-SERVICE','ACTIVE','2022-10-25 19:58:25'),(120,0.06173477635350863,27831693312,33634926592,'payment-proxy-1-service@192.168.1.18:58090','PAYMENT-PROXY-SERVICE','ACTIVE','2022-10-25 19:58:25'),(121,0.05864999025342332,27831693312,33634926592,'ordering-service@192.168.1.18:61027','ORDERING-SERVICE','ACTIVE','2022-10-25 19:58:25'),(122,0.05804672577578835,27831693312,33634926592,'ordering-service@192.168.1.18:58086','ORDERING-SERVICE','ACTIVE','2022-10-25 19:58:25'),(123,0.06173477635350863,27831693312,33634926592,'restaurant-service@192.168.1.18:58085','RESTAURANT-SERVICE','ACTIVE','2022-10-25 19:58:25'),(124,0.06203163096864236,27831693312,33634926592,'restaurant-service@192.168.1.18:60947','RESTAURANT-SERVICE','ACTIVE','2022-10-25 19:58:25'),(125,0.06079892784358761,27831693312,33634926592,'restaurant-service@192.168.1.18:60990','RESTAURANT-SERVICE','ACTIVE','2022-10-25 19:58:25'),(126,0.05217496150872782,27831660544,33634926592,'delivery-proxy-1-service@192.168.1.18:58095','DELIVERY-PROXY-SERVICE','ACTIVE','2022-10-25 19:58:30'),(127,0.05311713986934082,27831660544,33634926592,'payment-proxy-1-service@192.168.1.18:58090','PAYMENT-PROXY-SERVICE','ACTIVE','2022-10-25 19:58:30'),(128,0.052803412844464416,27831660544,33634926592,'restaurant-service@192.168.1.18:58085','RESTAURANT-SERVICE','ACTIVE','2022-10-25 19:58:30'),(129,0.04999608703391654,27831660544,33634926592,'ordering-service@192.168.1.18:61009','ORDERING-SERVICE','ACTIVE','2022-10-25 19:58:30'),(130,0.054663724908468964,27831660544,33634926592,'restaurant-service@192.168.1.18:60947','RESTAURANT-SERVICE','ACTIVE','2022-10-25 19:58:30'),(131,0.05187405150155483,27831660544,33634926592,'restaurant-service@192.168.1.18:60990','RESTAURANT-SERVICE','ACTIVE','2022-10-25 19:58:30'),(132,0.05651674383125061,27831660544,33634926592,'ordering-service@192.168.1.18:61027','ORDERING-SERVICE','ACTIVE','2022-10-25 19:58:30'),(133,0.056176396811451514,27831631872,33634926592,'payment-proxy-1-service@192.168.1.18:58090','PAYMENT-PROXY-SERVICE','ACTIVE','2022-10-25 19:58:35'),(134,0.05772057515837333,27831631872,33634926592,'delivery-proxy-1-service@192.168.1.18:58095','DELIVERY-PROXY-SERVICE','ACTIVE','2022-10-25 19:58:35'),(135,0.05803117954621681,27831631872,33634926592,'restaurant-service@192.168.1.18:58085','RESTAURANT-SERVICE','ACTIVE','2022-10-25 19:58:35'),(136,0.057413680953409096,27831631872,33634926592,'ordering-service@192.168.1.18:58086','ORDERING-SERVICE','ACTIVE','2022-10-25 19:58:35'),(137,0.059882569213215504,27831631872,33634926592,'ordering-service@192.168.1.18:61009','ORDERING-SERVICE','ACTIVE','2022-10-25 19:58:35'),(138,0.05617444009404065,27831631872,33634926592,'restaurant-service@192.168.1.18:60990','RESTAURANT-SERVICE','ACTIVE','2022-10-25 19:58:35'),(139,0.054929511788576295,27831631872,33634926592,'restaurant-service@192.168.1.18:60947','RESTAURANT-SERVICE','ACTIVE','2022-10-25 19:58:35'),(140,0.05710370127550754,27831631872,33634926592,'ordering-service@192.168.1.18:61027','ORDERING-SERVICE','ACTIVE','2022-10-25 19:58:35'),(141,0.04295661289628958,27831599104,33634926592,'delivery-proxy-1-service@192.168.1.18:58095','DELIVERY-PROXY-SERVICE','ACTIVE','2022-10-25 19:58:40'),(142,0.04483702551892856,27831599104,33634926592,'payment-proxy-1-service@192.168.1.18:58090','PAYMENT-PROXY-SERVICE','ACTIVE','2022-10-25 19:58:40'),(143,0.04075311294443237,27831599104,33634926592,'ordering-service@192.168.1.18:61027','ORDERING-SERVICE','ACTIVE','2022-10-25 19:58:40'),(144,0.0438965086272823,27831599104,33634926592,'restaurant-service@192.168.1.18:60947','RESTAURANT-SERVICE','ACTIVE','2022-10-25 19:58:40'),(145,0.04389831558025187,27831599104,33634926592,'restaurant-service@192.168.1.18:58085','RESTAURANT-SERVICE','ACTIVE','2022-10-25 19:58:40'),(146,0.04325691953263833,27831599104,33634926592,'ordering-service@192.168.1.18:61009','ORDERING-SERVICE','ACTIVE','2022-10-25 19:58:40'),(147,0.04419622125201631,27831599104,33634926592,'restaurant-service@192.168.1.18:60990','RESTAURANT-SERVICE','ACTIVE','2022-10-25 19:58:40'),(148,0.04544811367988613,27831599104,33634926592,'ordering-service@192.168.1.18:58086','ORDERING-SERVICE','ACTIVE','2022-10-25 19:58:40'),(149,0.07205673738665519,27831504896,33634926592,'delivery-proxy-1-service@192.168.1.18:58095','DELIVERY-PROXY-SERVICE','ACTIVE','2022-10-25 19:58:45'),(150,0.06933492193636234,27831504896,33634926592,'restaurant-service@192.168.1.18:60990','RESTAURANT-SERVICE','ACTIVE','2022-10-25 19:58:45'),(151,0.06903228151765979,27831504896,33634926592,'ordering-service@192.168.1.18:61009','ORDERING-SERVICE','ACTIVE','2022-10-25 19:58:45'),(152,0.06992962177228192,27831504896,33634926592,'payment-proxy-1-service@192.168.1.18:58090','PAYMENT-PROXY-SERVICE','ACTIVE','2022-10-25 19:58:45'),(153,0.06719240522091259,27831504896,33634926592,'ordering-service@192.168.1.18:58086','ORDERING-SERVICE','ACTIVE','2022-10-25 19:58:45'),(154,0.07114916758203017,27831504896,33634926592,'restaurant-service@192.168.1.18:58085','RESTAURANT-SERVICE','ACTIVE','2022-10-25 19:58:45'),(155,0.07084428796113801,27831504896,33634926592,'ordering-service@192.168.1.18:61027','ORDERING-SERVICE','ACTIVE','2022-10-25 19:58:45'),(156,0.07205673738665519,27831504896,33634926592,'restaurant-service@192.168.1.18:60947','RESTAURANT-SERVICE','ACTIVE','2022-10-25 19:58:45'),(157,0.05840847783575286,27831459840,33634926592,'payment-proxy-1-service@192.168.1.18:58090','PAYMENT-PROXY-SERVICE','ACTIVE','2022-10-25 19:58:50'),(158,0.057760523895250354,27831459840,33634926592,'delivery-proxy-1-service@192.168.1.18:58095','DELIVERY-PROXY-SERVICE','ACTIVE','2022-10-25 19:58:50'),(159,0.058385360840826406,27831459840,33634926592,'ordering-service@192.168.1.18:61027','ORDERING-SERVICE','ACTIVE','2022-10-25 19:58:50'),(160,0.056859397126515866,27831459840,33634926592,'restaurant-service@192.168.1.18:60947','RESTAURANT-SERVICE','ACTIVE','2022-10-25 19:58:50'),(161,0.0562137073560262,27831459840,33634926592,'restaurant-service@192.168.1.18:58085','RESTAURANT-SERVICE','ACTIVE','2022-10-25 19:58:50'),(162,0.0583797579747506,27831459840,33634926592,'ordering-service@192.168.1.18:61009','ORDERING-SERVICE','ACTIVE','2022-10-25 19:58:50'),(163,0.06235991100901275,27831459840,33634926592,'ordering-service@192.168.1.18:58086','ORDERING-SERVICE','ACTIVE','2022-10-25 19:58:50'),(164,0.059903940804076315,27831459840,33634926592,'restaurant-service@192.168.1.18:60990','RESTAURANT-SERVICE','ACTIVE','2022-10-25 19:58:50'),(165,0.037110522075829634,27831422976,33634926592,'delivery-proxy-1-service@192.168.1.18:58095','DELIVERY-PROXY-SERVICE','ACTIVE','2022-10-25 19:58:55'),(166,0.0380419803141843,27831422976,33634926592,'payment-proxy-1-service@192.168.1.18:58090','PAYMENT-PROXY-SERVICE','ACTIVE','2022-10-25 19:58:55'),(167,0.034266434145180026,27831422976,33634926592,'ordering-service@192.168.1.18:58086','ORDERING-SERVICE','ACTIVE','2022-10-25 19:58:56'),(168,0.040260441799703416,27831422976,33634926592,'restaurant-service@192.168.1.18:58085','RESTAURANT-SERVICE','ACTIVE','2022-10-25 19:58:56'),(169,0.040260441799703416,27831422976,33634926592,'ordering-service@192.168.1.18:61009','ORDERING-SERVICE','ACTIVE','2022-10-25 19:58:56'),(170,0.03774399210158757,27831422976,33634926592,'ordering-service@192.168.1.18:61027','ORDERING-SERVICE','ACTIVE','2022-10-25 19:58:56'),(171,0.04118784807044625,27831422976,33634926592,'restaurant-service@192.168.1.18:60947','RESTAURANT-SERVICE','ACTIVE','2022-10-25 19:58:56'),(172,0.03964015752557299,27831422976,33634926592,'restaurant-service@192.168.1.18:60990','RESTAURANT-SERVICE','ACTIVE','2022-10-25 19:58:56'),(173,0.05771859621274078,27831373824,33634926592,'restaurant-service@192.168.1.18:58085','RESTAURANT-SERVICE','ACTIVE','2022-10-25 19:59:01'),(174,0.06353664989404265,27831373824,33634926592,'delivery-proxy-1-service@192.168.1.18:58095','DELIVERY-PROXY-SERVICE','ACTIVE','2022-10-25 19:59:01'),(175,0.06324876201691755,27831373824,33634926592,'payment-proxy-1-service@192.168.1.18:58090','PAYMENT-PROXY-SERVICE','ACTIVE','2022-10-25 19:59:01'),(176,0.061722615322918645,27831373824,33634926592,'ordering-service@192.168.1.18:58086','ORDERING-SERVICE','ACTIVE','2022-10-25 19:59:01'),(177,0.05741946392621563,27831373824,33634926592,'restaurant-service@192.168.1.18:60990','RESTAURANT-SERVICE','ACTIVE','2022-10-25 19:59:01'),(178,0.05833725950855339,27831373824,33634926592,'restaurant-service@192.168.1.18:60947','RESTAURANT-SERVICE','ACTIVE','2022-10-25 19:59:01'),(179,0.0623009501753527,27831373824,33634926592,'ordering-service@192.168.1.18:61009','ORDERING-SERVICE','ACTIVE','2022-10-25 19:59:01'),(180,0.06293680091445945,27831373824,33634926592,'ordering-service@192.168.1.18:61027','ORDERING-SERVICE','ACTIVE','2022-10-25 19:59:01'),(181,0.06603137247174574,27831283712,33634926592,'payment-proxy-1-service@192.168.1.18:58090','PAYMENT-PROXY-SERVICE','ACTIVE','2022-10-25 19:59:06'),(182,0.06786870152951817,27831283712,33634926592,'restaurant-service@192.168.1.18:58085','RESTAURANT-SERVICE','ACTIVE','2022-10-25 19:59:06'),(183,0.0672578189269032,27831283712,33634926592,'ordering-service@192.168.1.18:58086','ORDERING-SERVICE','ACTIVE','2022-10-25 19:59:06'),(184,0.06299301577180101,27831283712,33634926592,'ordering-service@192.168.1.18:61009','ORDERING-SERVICE','ACTIVE','2022-10-25 19:59:06'),(185,0.06788729883788068,27831283712,33634926592,'delivery-proxy-1-service@192.168.1.18:58095','DELIVERY-PROXY-SERVICE','ACTIVE','2022-10-25 19:59:06'),(186,0.06817348961443949,27831283712,33634926592,'restaurant-service@192.168.1.18:60947','RESTAURANT-SERVICE','ACTIVE','2022-10-25 19:59:06'),(187,0.06541565872645817,27831283712,33634926592,'ordering-service@192.168.1.18:61027','ORDERING-SERVICE','ACTIVE','2022-10-25 19:59:06'),(188,0.06939182209395461,27831283712,33634926592,'restaurant-service@192.168.1.18:60990','RESTAURANT-SERVICE','ACTIVE','2022-10-25 19:59:06'),(189,0.05316341465317548,27831250944,33634926592,'restaurant-service@192.168.1.18:58085','RESTAURANT-SERVICE','ACTIVE','2022-10-25 19:59:11'),(190,0.05378399634515176,27831250944,33634926592,'payment-proxy-1-service@192.168.1.18:58090','PAYMENT-PROXY-SERVICE','ACTIVE','2022-10-25 19:59:11'),(191,0.05158849141421601,27831246848,33634926592,'delivery-proxy-1-service@192.168.1.18:58095','DELIVERY-PROXY-SERVICE','ACTIVE','2022-10-25 19:59:11'),(192,0.050658674301763074,27831250944,33634926592,'restaurant-service@192.168.1.18:60990','RESTAURANT-SERVICE','ACTIVE','2022-10-25 19:59:11'),(193,0.055334193967693256,27831246848,33634926592,'ordering-service@192.168.1.18:61009','ORDERING-SERVICE','ACTIVE','2022-10-25 19:59:11'),(194,0.05470769409808803,27831250944,33634926592,'ordering-service@192.168.1.18:58086','ORDERING-SERVICE','ACTIVE','2022-10-25 19:59:11'),(195,0.05502422901508747,27831246848,33634926592,'ordering-service@192.168.1.18:61027','ORDERING-SERVICE','ACTIVE','2022-10-25 19:59:11'),(196,0.05346950163332209,27831250944,33634926592,'restaurant-service@192.168.1.18:60947','RESTAURANT-SERVICE','ACTIVE','2022-10-25 19:59:11'),(197,0.054102635936471494,27831209984,33634926592,'ordering-service@192.168.1.18:58086','ORDERING-SERVICE','ACTIVE','2022-10-25 19:59:16'),(198,0.05626304204899523,27831209984,33634926592,'delivery-proxy-1-service@192.168.1.18:58095','DELIVERY-PROXY-SERVICE','ACTIVE','2022-10-25 19:59:16'),(199,0.05687964433322978,27831209984,33634926592,'payment-proxy-1-service@192.168.1.18:58090','PAYMENT-PROXY-SERVICE','ACTIVE','2022-10-25 19:59:16'),(200,0.056268889044808784,27831209984,33634926592,'restaurant-service@192.168.1.18:58085','RESTAURANT-SERVICE','ACTIVE','2022-10-25 19:59:16'),(201,0.05564845782237087,27831209984,33634926592,'ordering-service@192.168.1.18:61009','ORDERING-SERVICE','ACTIVE','2022-10-25 19:59:16'),(202,0.05626506010660542,27831209984,33634926592,'restaurant-service@192.168.1.18:60947','RESTAURANT-SERVICE','ACTIVE','2022-10-25 19:59:16'),(203,0.053471304687404554,27831209984,33634926592,'ordering-service@192.168.1.18:61027','ORDERING-SERVICE','ACTIVE','2022-10-25 19:59:16'),(204,0.05719473244096002,27831209984,33634926592,'restaurant-service@192.168.1.18:60990','RESTAURANT-SERVICE','ACTIVE','2022-10-25 19:59:16'),(205,0.06491826865928658,27831132160,33634926592,'payment-proxy-1-service@192.168.1.18:58090','PAYMENT-PROXY-SERVICE','ACTIVE','2022-10-25 19:59:21'),(206,0.06736359630895078,27831132160,33634926592,'delivery-proxy-1-service@192.168.1.18:58095','DELIVERY-PROXY-SERVICE','ACTIVE','2022-10-25 19:59:21'),(207,0.06889144839317639,27831132160,33634926592,'restaurant-service@192.168.1.18:58085','RESTAURANT-SERVICE','ACTIVE','2022-10-25 19:59:21'),(208,0.06584456308586116,27831132160,33634926592,'ordering-service@192.168.1.18:61009','ORDERING-SERVICE','ACTIVE','2022-10-25 19:59:21'),(209,0.06797243584939962,27831132160,33634926592,'ordering-service@192.168.1.18:58086','ORDERING-SERVICE','ACTIVE','2022-10-25 19:59:21'),(210,0.06797698351281015,27831132160,33634926592,'restaurant-service@192.168.1.18:60947','RESTAURANT-SERVICE','ACTIVE','2022-10-25 19:59:21'),(211,0.0695031438750107,27831132160,33634926592,'ordering-service@192.168.1.18:61027','ORDERING-SERVICE','ACTIVE','2022-10-25 19:59:21'),(212,0.06917423025851091,27831132160,33634926592,'restaurant-service@192.168.1.18:60990','RESTAURANT-SERVICE','ACTIVE','2022-10-25 19:59:21'),(213,0.04668142720003815,27831111680,33634926592,'delivery-proxy-1-service@192.168.1.18:58095','DELIVERY-PROXY-SERVICE','ACTIVE','2022-10-25 19:59:26'),(214,0.04823813444890865,27831111680,33634926592,'ordering-service@192.168.1.18:61009','ORDERING-SERVICE','ACTIVE','2022-10-25 19:59:26'),(215,0.05071864991319187,27831111680,33634926592,'payment-proxy-1-service@192.168.1.18:58090','PAYMENT-PROXY-SERVICE','ACTIVE','2022-10-25 19:59:26'),(216,0.04668142720003815,27831111680,33634926592,'restaurant-service@192.168.1.18:60947','RESTAURANT-SERVICE','ACTIVE','2022-10-25 19:59:26'),(217,0.0473167705346223,27831111680,33634926592,'restaurant-service@192.168.1.18:58085','RESTAURANT-SERVICE','ACTIVE','2022-10-25 19:59:26'),(218,0.04668459416573827,27831111680,33634926592,'restaurant-service@192.168.1.18:60990','RESTAURANT-SERVICE','ACTIVE','2022-10-25 19:59:26'),(219,0.04762422841869327,27831111680,33634926592,'ordering-service@192.168.1.18:61027','ORDERING-SERVICE','ACTIVE','2022-10-25 19:59:26'),(220,0.04823813444890865,27831111680,33634926592,'ordering-service@192.168.1.18:58086','ORDERING-SERVICE','ACTIVE','2022-10-25 19:59:26'),(221,0.06690764657990025,27831070720,33634926592,'delivery-proxy-1-service@192.168.1.18:58095','DELIVERY-PROXY-SERVICE','ACTIVE','2022-10-25 19:59:31'),(222,0.0660015096589628,27831070720,33634926592,'restaurant-service@192.168.1.18:58085','RESTAURANT-SERVICE','ACTIVE','2022-10-25 19:59:31'),(223,0.0687269772212712,27831070720,33634926592,'ordering-service@192.168.1.18:61009','ORDERING-SERVICE','ACTIVE','2022-10-25 19:59:31'),(224,0.06691214084650016,27831070720,33634926592,'payment-proxy-1-service@192.168.1.18:58090','PAYMENT-PROXY-SERVICE','ACTIVE','2022-10-25 19:59:31'),(225,0.06783831172054819,27831070720,33634926592,'ordering-service@192.168.1.18:61027','ORDERING-SERVICE','ACTIVE','2022-10-25 19:59:31'),(226,0.06690764657990025,27831070720,33634926592,'restaurant-service@192.168.1.18:60947','RESTAURANT-SERVICE','ACTIVE','2022-10-25 19:59:31'),(227,0.07056493614170425,27831070720,33634926592,'ordering-service@192.168.1.18:58086','ORDERING-SERVICE','ACTIVE','2022-10-25 19:59:31'),(228,0.06785693082503347,27831070720,33634926592,'restaurant-service@192.168.1.18:60990','RESTAURANT-SERVICE','ACTIVE','2022-10-25 19:59:31'),(229,0.058766024912535186,27831021568,33634926592,'payment-proxy-1-service@192.168.1.18:58090','PAYMENT-PROXY-SERVICE','ACTIVE','2022-10-25 19:59:36'),(230,0.061222309960594024,27831021568,33634926592,'delivery-proxy-1-service@192.168.1.18:58095','DELIVERY-PROXY-SERVICE','ACTIVE','2022-10-25 19:59:36'),(231,0.060306770753392684,27831021568,33634926592,'restaurant-service@192.168.1.18:58085','RESTAURANT-SERVICE','ACTIVE','2022-10-25 19:59:36'),(232,0.05877812312139467,27831021568,33634926592,'ordering-service@192.168.1.18:61027','ORDERING-SERVICE','ACTIVE','2022-10-25 19:59:37'),(233,0.05722437374975222,27831021568,33634926592,'ordering-service@192.168.1.18:58086','ORDERING-SERVICE','ACTIVE','2022-10-25 19:59:37'),(234,0.06151159019894507,27831021568,33634926592,'ordering-service@192.168.1.18:61009','ORDERING-SERVICE','ACTIVE','2022-10-25 19:59:37'),(235,0.06028528112249933,27831021568,33634926592,'restaurant-service@192.168.1.18:60990','RESTAURANT-SERVICE','ACTIVE','2022-10-25 19:59:37'),(236,0.061520493267669424,27831021568,33634926592,'restaurant-service@192.168.1.18:60947','RESTAURANT-SERVICE','ACTIVE','2022-10-25 19:59:37'),(237,0.055182127387200304,27830988800,33634926592,'delivery-proxy-1-service@192.168.1.18:58095','DELIVERY-PROXY-SERVICE','ACTIVE','2022-10-25 19:59:42'),(238,0.05610659398246425,27830988800,33634926592,'restaurant-service@192.168.1.18:58085','RESTAURANT-SERVICE','ACTIVE','2022-10-25 19:59:42'),(239,0.05610659398246425,27830988800,33634926592,'payment-proxy-1-service@192.168.1.18:58090','PAYMENT-PROXY-SERVICE','ACTIVE','2022-10-25 19:59:42'),(240,0.05548966363025024,27830988800,33634926592,'ordering-service@192.168.1.18:58086','ORDERING-SERVICE','ACTIVE','2022-10-25 19:59:42'),(241,0.053034172260919304,27830988800,33634926592,'ordering-service@192.168.1.18:61009','ORDERING-SERVICE','ACTIVE','2022-10-25 19:59:42'),(242,0.056735343047080604,27830988800,33634926592,'restaurant-service@192.168.1.18:60947','RESTAURANT-SERVICE','ACTIVE','2022-10-25 19:59:42'),(243,0.05795013536654917,27830988800,33634926592,'ordering-service@192.168.1.18:61027','ORDERING-SERVICE','ACTIVE','2022-10-25 19:59:42'),(244,0.05735381639246898,27830988800,33634926592,'restaurant-service@192.168.1.18:60990','RESTAURANT-SERVICE','ACTIVE','2022-10-25 19:59:42'),(245,0.06312284846344247,27830943744,33634926592,'payment-proxy-1-service@192.168.1.18:58090','PAYMENT-PROXY-SERVICE','ACTIVE','2022-10-25 19:59:47'),(246,0.06434399149222894,27830943744,33634926592,'delivery-proxy-1-service@192.168.1.18:58095','DELIVERY-PROXY-SERVICE','ACTIVE','2022-10-25 19:59:47'),(247,0.06343352917648694,27830943744,33634926592,'ordering-service@192.168.1.18:58086','ORDERING-SERVICE','ACTIVE','2022-10-25 19:59:47'),(248,0.059447565020991626,27830943744,33634926592,'restaurant-service@192.168.1.18:60990','RESTAURANT-SERVICE','ACTIVE','2022-10-25 19:59:47'),(249,0.0649586651584991,27830943744,33634926592,'ordering-service@192.168.1.18:61009','ORDERING-SERVICE','ACTIVE','2022-10-25 19:59:47'),(250,0.06282872929975825,27830943744,33634926592,'ordering-service@192.168.1.18:61027','ORDERING-SERVICE','ACTIVE','2022-10-25 19:59:47'),(251,0.06312284846344247,27830943744,33634926592,'restaurant-service@192.168.1.18:58085','RESTAURANT-SERVICE','ACTIVE','2022-10-25 19:59:47'),(252,0.07411100544808878,27830902784,33634926592,'delivery-proxy-1-service@192.168.1.18:58095','DELIVERY-PROXY-SERVICE','ACTIVE','2022-10-25 19:59:52'),(253,0.07409439122067472,27830902784,33634926592,'restaurant-service@192.168.1.18:58085','RESTAURANT-SERVICE','ACTIVE','2022-10-25 19:59:52'),(254,0.07320243166610786,27830902784,33634926592,'payment-proxy-1-service@192.168.1.18:58090','PAYMENT-PROXY-SERVICE','ACTIVE','2022-10-25 19:59:52'),(255,0.07412139433207392,27830902784,33634926592,'ordering-service@192.168.1.18:61027','ORDERING-SERVICE','ACTIVE','2022-10-25 19:59:52'),(256,0.07773700097778254,27830902784,33634926592,'restaurant-service@192.168.1.18:60990','RESTAURANT-SERVICE','ACTIVE','2022-10-25 19:59:52'),(257,0.07412139433207392,27830902784,33634926592,'ordering-service@192.168.1.18:61009','ORDERING-SERVICE','ACTIVE','2022-10-25 19:59:52'),(258,0.07230709353354746,27830902784,33634926592,'restaurant-service@192.168.1.18:60947','RESTAURANT-SERVICE','ACTIVE','2022-10-25 19:59:52'),(259,0.0788889523593123,27830902784,33634926592,'ordering-service@192.168.1.18:58086','ORDERING-SERVICE','ACTIVE','2022-10-25 19:59:52'),(260,0.0762280339345117,27830829056,33634926592,'payment-proxy-1-service@192.168.1.18:58090','PAYMENT-PROXY-SERVICE','ACTIVE','2022-10-25 19:59:57'),(261,0.0762280339345117,27830829056,33634926592,'delivery-proxy-1-service@192.168.1.18:58095','DELIVERY-PROXY-SERVICE','ACTIVE','2022-10-25 19:59:57'),(262,0.07163126728271764,27830829056,33634926592,'restaurant-service@192.168.1.18:60990','RESTAURANT-SERVICE','ACTIVE','2022-10-25 19:59:57'),(263,0.07767330902051463,27830829056,33634926592,'restaurant-service@192.168.1.18:58085','RESTAURANT-SERVICE','ACTIVE','2022-10-25 19:59:57'),(264,0.07232225854009754,27830829056,33634926592,'ordering-service@192.168.1.18:58086','ORDERING-SERVICE','ACTIVE','2022-10-25 19:59:57'),(265,0.0753138331550443,27830829056,33634926592,'ordering-service@192.168.1.18:61009','ORDERING-SERVICE','ACTIVE','2022-10-25 19:59:57'),(266,0.07678301115321629,27830829056,33634926592,'restaurant-service@192.168.1.18:60947','RESTAURANT-SERVICE','ACTIVE','2022-10-25 19:59:57'),(267,0.07588518308387909,27830829056,33634926592,'ordering-service@192.168.1.18:61027','ORDERING-SERVICE','ACTIVE','2022-10-25 19:59:57');
/*!40000 ALTER TABLE `instance_metrics_snapshot` ENABLE KEYS */;
UNLOCK TABLES;

--
-- Table structure for table `instance_metrics_snapshot_circuit_breaker_metrics`
--

DROP TABLE IF EXISTS `instance_metrics_snapshot_circuit_breaker_metrics`;
/*!40101 SET @saved_cs_client     = @@character_set_client */;
/*!50503 SET character_set_client = utf8mb4 */;
CREATE TABLE `instance_metrics_snapshot_circuit_breaker_metrics` (
  `instance_metrics_snapshot_id` bigint NOT NULL,
  `circuit_breaker_metrics_id` bigint NOT NULL,
  `circuit_breaker_metrics_key` varchar(255) NOT NULL,
  PRIMARY KEY (`instance_metrics_snapshot_id`,`circuit_breaker_metrics_key`),
  UNIQUE KEY `UK_37hj3b7h7tlh9ksmbhmy9iuuf` (`circuit_breaker_metrics_id`),
  CONSTRAINT `FKaxt3qoog7f8vqnrmajvc3cg1s` FOREIGN KEY (`instance_metrics_snapshot_id`) REFERENCES `instance_metrics_snapshot` (`id`),
  CONSTRAINT `FKjsbg26go0i3wloyink07btraa` FOREIGN KEY (`circuit_breaker_metrics_id`) REFERENCES `circuit_breaker_metrics` (`id`)
) ENGINE=InnoDB DEFAULT CHARSET=utf8mb4 COLLATE=utf8mb4_0900_ai_ci;
/*!40101 SET character_set_client = @saved_cs_client */;

--
-- Dumping data for table `instance_metrics_snapshot_circuit_breaker_metrics`
--

LOCK TABLES `instance_metrics_snapshot_circuit_breaker_metrics` WRITE;
/*!40000 ALTER TABLE `instance_metrics_snapshot_circuit_breaker_metrics` DISABLE KEYS */;
INSERT INTO `instance_metrics_snapshot_circuit_breaker_metrics` VALUES (4,1,'delivery'),(4,2,'payment'),(6,3,'delivery'),(6,4,'payment'),(7,5,'delivery'),(7,6,'payment'),(9,7,'delivery'),(9,8,'payment'),(11,9,'delivery'),(11,10,'payment'),(14,11,'delivery'),(14,12,'payment'),(17,13,'delivery'),(17,14,'payment'),(22,15,'delivery'),(22,16,'payment'),(24,17,'delivery'),(24,18,'payment'),(28,19,'delivery'),(28,20,'payment'),(30,21,'delivery'),(30,22,'payment'),(34,23,'delivery'),(34,24,'payment'),(36,25,'delivery'),(36,26,'payment'),(39,27,'delivery'),(39,28,'payment'),(40,29,'delivery'),(40,30,'payment'),(43,31,'delivery'),(43,32,'payment'),(44,33,'delivery'),(44,34,'payment'),(50,35,'delivery'),(50,36,'payment'),(51,37,'delivery'),(51,38,'payment'),(52,39,'delivery'),(52,40,'payment'),(58,41,'delivery'),(58,42,'payment'),(61,43,'delivery'),(61,44,'payment'),(63,45,'delivery'),(63,46,'payment'),(64,47,'delivery'),(64,48,'payment'),(68,49,'delivery'),(68,50,'payment'),(70,51,'delivery'),(70,52,'payment'),(73,53,'delivery'),(73,54,'payment'),(76,55,'delivery'),(76,56,'payment'),(77,57,'delivery'),(77,58,'payment'),(81,59,'delivery'),(81,60,'payment'),(84,61,'delivery'),(84,62,'payment'),(85,63,'delivery'),(85,64,'payment'),(91,65,'delivery'),(91,66,'payment'),(93,67,'delivery'),(93,68,'payment'),(97,69,'delivery'),(97,70,'payment'),(99,71,'delivery'),(99,72,'payment'),(101,73,'delivery'),(101,74,'payment'),(104,75,'delivery'),(104,76,'payment'),(109,77,'delivery'),(109,78,'payment'),(110,79,'delivery'),(110,80,'payment'),(113,81,'delivery'),(113,82,'payment'),(116,83,'delivery'),(116,84,'payment'),(118,85,'delivery'),(118,86,'payment'),(121,87,'delivery'),(121,88,'payment'),(122,89,'delivery'),(122,90,'payment'),(129,91,'delivery'),(129,92,'payment'),(132,93,'delivery'),(132,94,'payment'),(136,95,'delivery'),(136,96,'payment'),(137,97,'delivery'),(137,98,'payment'),(140,99,'delivery'),(140,100,'payment'),(143,101,'delivery'),(143,102,'payment'),(146,103,'delivery'),(146,104,'payment'),(148,105,'delivery'),(148,106,'payment'),(151,107,'delivery'),(151,108,'payment'),(153,109,'delivery'),(153,110,'payment'),(155,111,'delivery'),(155,112,'payment'),(159,113,'delivery'),(159,114,'payment'),(162,115,'delivery'),(162,116,'payment'),(163,117,'delivery'),(163,118,'payment'),(167,119,'delivery'),(167,120,'payment'),(169,121,'delivery'),(169,122,'payment'),(170,123,'delivery'),(170,124,'payment'),(176,125,'delivery'),(176,126,'payment'),(179,127,'delivery'),(179,128,'payment'),(180,129,'delivery'),(180,130,'payment'),(183,131,'delivery'),(183,132,'payment'),(184,133,'delivery'),(184,134,'payment'),(187,135,'delivery'),(187,136,'payment'),(193,137,'delivery'),(193,138,'payment'),(194,139,'delivery'),(194,140,'payment'),(195,141,'delivery'),(195,142,'payment'),(197,143,'delivery'),(197,144,'payment'),(201,145,'delivery'),(201,146,'payment'),(203,147,'delivery'),(203,148,'payment'),(208,149,'delivery'),(208,150,'payment'),(209,151,'delivery'),(209,152,'payment'),(211,153,'delivery'),(211,154,'payment'),(214,155,'delivery'),(214,156,'payment'),(219,157,'delivery'),(219,158,'payment'),(220,159,'delivery'),(220,160,'payment'),(223,161,'delivery'),(223,162,'payment'),(225,163,'delivery'),(225,164,'payment'),(227,165,'delivery'),(227,166,'payment'),(232,167,'delivery'),(232,168,'payment'),(233,169,'delivery'),(233,170,'payment'),(234,171,'delivery'),(234,172,'payment'),(240,173,'delivery'),(240,174,'payment'),(241,175,'delivery'),(241,176,'payment'),(243,177,'delivery'),(243,178,'payment'),(247,179,'delivery'),(247,180,'payment'),(249,181,'delivery'),(249,182,'payment'),(250,183,'delivery'),(250,184,'payment'),(255,185,'delivery'),(255,186,'payment'),(257,187,'delivery'),(257,188,'payment'),(259,189,'delivery'),(259,190,'payment'),(264,191,'delivery'),(264,192,'payment'),(265,193,'delivery'),(265,194,'payment'),(267,195,'delivery'),(267,196,'payment');
/*!40000 ALTER TABLE `instance_metrics_snapshot_circuit_breaker_metrics` ENABLE KEYS */;
UNLOCK TABLES;

--
-- Table structure for table `instance_metrics_snapshot_http_metrics`
--

DROP TABLE IF EXISTS `instance_metrics_snapshot_http_metrics`;
/*!40101 SET @saved_cs_client     = @@character_set_client */;
/*!50503 SET character_set_client = utf8mb4 */;
CREATE TABLE `instance_metrics_snapshot_http_metrics` (
  `instance_metrics_snapshot_id` bigint NOT NULL,
  `http_metrics_id` bigint NOT NULL,
  `http_metrics_key` varchar(255) NOT NULL,
  PRIMARY KEY (`instance_metrics_snapshot_id`,`http_metrics_key`),
  UNIQUE KEY `UK_ga7t9gpp2if7wdsoue1px2j4s` (`http_metrics_id`),
  CONSTRAINT `FKbk20cq292ka2dceds6f0rvucv` FOREIGN KEY (`http_metrics_id`) REFERENCES `http_endpoint_metrics` (`id`),
  CONSTRAINT `FKqlk6r46pxx8ki9f05sagp2e6v` FOREIGN KEY (`instance_metrics_snapshot_id`) REFERENCES `instance_metrics_snapshot` (`id`)
) ENGINE=InnoDB DEFAULT CHARSET=utf8mb4 COLLATE=utf8mb4_0900_ai_ci;
/*!40101 SET character_set_client = @saved_cs_client */;

--
-- Dumping data for table `instance_metrics_snapshot_http_metrics`
--

LOCK TABLES `instance_metrics_snapshot_http_metrics` WRITE;
/*!40000 ALTER TABLE `instance_metrics_snapshot_http_metrics` DISABLE KEYS */;
INSERT INTO `instance_metrics_snapshot_http_metrics` VALUES (1,1,'POST@/rest/processPayment'),(2,2,'POST@/rest/deliverOrder'),(3,3,'GET@/rest/customer/restaurants'),(3,4,'GET@/rest/customer/restaurants/{restaurantId}/menu'),(3,5,'POST@/rest/customer/restaurants/{restaurantId}/notify'),(3,6,'GET@/rest/customer/restaurants/{restaurantId}/item/{itemId}'),(4,7,'POST@/rest/{cartId}/addItem'),(5,8,'GET@/rest/customer/restaurants'),(5,9,'GET@/rest/customer/restaurants/{restaurantId}/menu'),(6,10,'POST@/rest/{cartId}/confirmOrder'),(6,11,'POST@/rest'),(7,12,'POST@/rest/{cartId}/confirmOrder'),(7,13,'POST@/rest'),(7,14,'POST@/rest/{cartId}/addItem'),(8,15,'GET@/rest/customer/restaurants'),(8,16,'GET@/rest/customer/restaurants/{restaurantId}/menu'),(8,17,'POST@/rest/customer/restaurants/{restaurantId}/notify'),(9,18,'POST@/rest/{cartId}/confirmOrder'),(9,19,'POST@/rest'),(9,20,'POST@/rest/{cartId}/addItem'),(10,21,'POST@/rest/deliverOrder'),(11,22,'POST@/rest/{cartId}/addItem'),(12,23,'GET@/rest/customer/restaurants'),(12,24,'GET@/rest/customer/restaurants/{restaurantId}/menu'),(12,25,'GET@/rest/customer/restaurants/{restaurantId}/item/{itemId}'),(13,26,'POST@/rest/processPayment'),(14,27,'POST@/rest/{cartId}/confirmOrder'),(14,28,'POST@/rest'),(14,29,'POST@/rest/{cartId}/addItem'),(15,30,'GET@/rest/customer/restaurants'),(15,31,'GET@/rest/customer/restaurants/{restaurantId}/menu'),(15,32,'POST@/rest/customer/restaurants/{restaurantId}/notify'),(15,33,'GET@/rest/customer/restaurants/{restaurantId}/item/{itemId}'),(16,34,'GET@/rest/customer/restaurants'),(16,35,'GET@/rest/customer/restaurants/{restaurantId}/menu'),(16,36,'POST@/rest/customer/restaurants/{restaurantId}/notify'),(16,37,'GET@/rest/customer/restaurants/{restaurantId}/item/{itemId}'),(17,38,'POST@/rest/{cartId}/confirmOrder'),(17,39,'POST@/rest'),(17,40,'POST@/rest/{cartId}/addItem'),(18,41,'POST@/rest/processPayment'),(19,42,'POST@/rest/deliverOrder'),(20,43,'GET@/rest/customer/restaurants'),(20,44,'GET@/rest/customer/restaurants/{restaurantId}/menu'),(20,45,'POST@/rest/customer/restaurants/{restaurantId}/notify'),(20,46,'GET@/rest/customer/restaurants/{restaurantId}/item/{itemId}'),(21,47,'GET@/rest/customer/restaurants'),(21,48,'GET@/rest/customer/restaurants/{restaurantId}/menu'),(21,49,'POST@/rest/customer/restaurants/{restaurantId}/notify'),(21,50,'GET@/rest/customer/restaurants/{restaurantId}/item/{itemId}'),(22,51,'POST@/rest/{cartId}/confirmOrder'),(22,52,'POST@/rest'),(22,53,'POST@/rest/{cartId}/addItem'),(23,54,'GET@/rest/customer/restaurants'),(23,55,'GET@/rest/customer/restaurants/{restaurantId}/menu'),(23,56,'POST@/rest/customer/restaurants/{restaurantId}/notify'),(23,57,'GET@/rest/customer/restaurants/{restaurantId}/item/{itemId}'),(24,58,'POST@/rest/{cartId}/confirmOrder'),(24,59,'POST@/rest'),(24,60,'POST@/rest/{cartId}/addItem'),(25,61,'POST@/rest/processPayment'),(26,62,'POST@/rest/deliverOrder'),(27,63,'GET@/rest/customer/restaurants'),(27,64,'GET@/rest/customer/restaurants/{restaurantId}/menu'),(27,65,'POST@/rest/customer/restaurants/{restaurantId}/notify'),(27,66,'GET@/rest/customer/restaurants/{restaurantId}/item/{itemId}'),(28,67,'POST@/rest/{cartId}/confirmOrder'),(28,68,'POST@/rest'),(28,69,'POST@/rest/{cartId}/addItem'),(29,70,'GET@/rest/customer/restaurants'),(29,71,'GET@/rest/customer/restaurants/{restaurantId}/menu'),(29,72,'POST@/rest/customer/restaurants/{restaurantId}/notify'),(29,73,'GET@/rest/customer/restaurants/{restaurantId}/item/{itemId}'),(30,74,'POST@/rest/{cartId}/confirmOrder'),(30,75,'POST@/rest'),(30,76,'POST@/rest/{cartId}/addItem'),(31,77,'GET@/rest/customer/restaurants'),(31,78,'GET@/rest/customer/restaurants/{restaurantId}/menu'),(31,79,'POST@/rest/customer/restaurants/{restaurantId}/notify'),(31,80,'GET@/rest/customer/restaurants/{restaurantId}/item/{itemId}'),(32,81,'POST@/rest/deliverOrder'),(33,82,'POST@/rest/processPayment'),(34,83,'POST@/rest/{cartId}/confirmOrder'),(34,84,'POST@/rest'),(34,85,'POST@/rest/{cartId}/addItem'),(35,86,'GET@/rest/customer/restaurants'),(35,87,'GET@/rest/customer/restaurants/{restaurantId}/menu'),(35,88,'POST@/rest/customer/restaurants/{restaurantId}/notify'),(35,89,'GET@/rest/customer/restaurants/{restaurantId}/item/{itemId}'),(36,90,'POST@/rest/{cartId}/confirmOrder'),(36,91,'POST@/rest'),(36,92,'POST@/rest/{cartId}/addItem'),(37,93,'GET@/rest/customer/restaurants'),(37,94,'GET@/rest/customer/restaurants/{restaurantId}/menu'),(37,95,'POST@/rest/customer/restaurants/{restaurantId}/notify'),(37,96,'GET@/rest/customer/restaurants/{restaurantId}/item/{itemId}'),(38,97,'GET@/rest/customer/restaurants'),(38,98,'GET@/rest/customer/restaurants/{restaurantId}/menu'),(38,99,'POST@/rest/customer/restaurants/{restaurantId}/notify'),(38,100,'GET@/rest/customer/restaurants/{restaurantId}/item/{itemId}'),(39,101,'POST@/rest/{cartId}/confirmOrder'),(39,102,'POST@/rest'),(39,103,'POST@/rest/{cartId}/addItem'),(40,104,'POST@/rest/{cartId}/confirmOrder'),(40,105,'POST@/rest'),(40,106,'POST@/rest/{cartId}/addItem'),(41,107,'POST@/rest/processPayment'),(42,108,'POST@/rest/deliverOrder'),(43,109,'POST@/rest/{cartId}/confirmOrder'),(43,110,'POST@/rest'),(43,111,'POST@/rest/{cartId}/addItem'),(44,112,'POST@/rest/{cartId}/confirmOrder'),(44,113,'POST@/rest'),(44,114,'POST@/rest/{cartId}/addItem'),(45,115,'GET@/rest/customer/restaurants'),(45,116,'GET@/rest/customer/restaurants/{restaurantId}/menu'),(45,117,'POST@/rest/customer/restaurants/{restaurantId}/notify'),(45,118,'GET@/rest/customer/restaurants/{restaurantId}/item/{itemId}'),(46,119,'GET@/rest/customer/restaurants'),(46,120,'GET@/rest/customer/restaurants/{restaurantId}/menu'),(46,121,'POST@/rest/customer/restaurants/{restaurantId}/notify'),(46,122,'GET@/rest/customer/restaurants/{restaurantId}/item/{itemId}'),(47,123,'GET@/rest/customer/restaurants'),(47,124,'GET@/rest/customer/restaurants/{restaurantId}/menu'),(47,125,'POST@/rest/customer/restaurants/{restaurantId}/notify'),(47,126,'GET@/rest/customer/restaurants/{restaurantId}/item/{itemId}'),(48,127,'POST@/rest/processPayment'),(49,128,'POST@/rest/deliverOrder'),(50,129,'POST@/rest/{cartId}/confirmOrder'),(50,130,'POST@/rest'),(50,131,'POST@/rest/{cartId}/addItem'),(51,132,'POST@/rest/{cartId}/confirmOrder'),(51,133,'POST@/rest'),(51,134,'POST@/rest/{cartId}/addItem'),(52,135,'POST@/rest/{cartId}/confirmOrder'),(52,136,'POST@/rest'),(52,137,'POST@/rest/{cartId}/addItem'),(53,138,'GET@/rest/customer/restaurants'),(53,139,'GET@/rest/customer/restaurants/{restaurantId}/menu'),(53,140,'POST@/rest/customer/restaurants/{restaurantId}/notify'),(53,141,'GET@/rest/customer/restaurants/{restaurantId}/item/{itemId}'),(54,142,'GET@/rest/customer/restaurants'),(54,143,'GET@/rest/customer/restaurants/{restaurantId}/menu'),(54,144,'POST@/rest/customer/restaurants/{restaurantId}/notify'),(54,145,'GET@/rest/customer/restaurants/{restaurantId}/item/{itemId}'),(55,146,'GET@/rest/customer/restaurants'),(55,147,'GET@/rest/customer/restaurants/{restaurantId}/menu'),(55,148,'POST@/rest/customer/restaurants/{restaurantId}/notify'),(55,149,'GET@/rest/customer/restaurants/{restaurantId}/item/{itemId}'),(56,150,'POST@/rest/deliverOrder'),(57,151,'POST@/rest/processPayment'),(58,152,'POST@/rest/{cartId}/confirmOrder'),(58,153,'POST@/rest'),(58,154,'POST@/rest/{cartId}/addItem'),(59,155,'GET@/rest/customer/restaurants'),(59,156,'GET@/rest/customer/restaurants/{restaurantId}/menu'),(59,157,'POST@/rest/customer/restaurants/{restaurantId}/notify'),(59,158,'GET@/rest/customer/restaurants/{restaurantId}/item/{itemId}'),(60,159,'GET@/rest/customer/restaurants'),(60,160,'GET@/rest/customer/restaurants/{restaurantId}/menu'),(60,161,'POST@/rest/customer/restaurants/{restaurantId}/notify'),(60,162,'GET@/rest/customer/restaurants/{restaurantId}/item/{itemId}'),(61,163,'POST@/rest/{cartId}/confirmOrder'),(61,164,'POST@/rest'),(61,165,'POST@/rest/{cartId}/addItem'),(62,166,'GET@/rest/customer/restaurants'),(62,167,'GET@/rest/customer/restaurants/{restaurantId}/menu'),(62,168,'POST@/rest/customer/restaurants/{restaurantId}/notify'),(62,169,'GET@/rest/customer/restaurants/{restaurantId}/item/{itemId}'),(63,170,'POST@/rest/{cartId}/confirmOrder'),(63,171,'POST@/rest'),(63,172,'POST@/rest/{cartId}/addItem'),(64,173,'POST@/rest/{cartId}/confirmOrder'),(64,174,'POST@/rest'),(64,175,'POST@/rest/{cartId}/addItem'),(65,176,'POST@/rest/deliverOrder'),(66,177,'POST@/rest/processPayment'),(67,178,'GET@/rest/customer/restaurants'),(67,179,'GET@/rest/customer/restaurants/{restaurantId}/menu'),(67,180,'POST@/rest/customer/restaurants/{restaurantId}/notify'),(67,181,'GET@/rest/customer/restaurants/{restaurantId}/item/{itemId}'),(68,182,'POST@/rest/{cartId}/confirmOrder'),(68,183,'POST@/rest'),(68,184,'POST@/rest/{cartId}/addItem'),(69,185,'GET@/rest/customer/restaurants'),(69,186,'GET@/rest/customer/restaurants/{restaurantId}/menu'),(69,187,'POST@/rest/customer/restaurants/{restaurantId}/notify'),(69,188,'GET@/rest/customer/restaurants/{restaurantId}/item/{itemId}'),(70,189,'POST@/rest/{cartId}/confirmOrder'),(70,190,'POST@/rest'),(70,191,'POST@/rest/{cartId}/addItem'),(71,192,'GET@/rest/customer/restaurants'),(71,193,'GET@/rest/customer/restaurants/{restaurantId}/menu'),(71,194,'POST@/rest/customer/restaurants/{restaurantId}/notify'),(71,195,'GET@/rest/customer/restaurants/{restaurantId}/item/{itemId}'),(72,196,'POST@/rest/deliverOrder'),(73,197,'POST@/rest/{cartId}/confirmOrder'),(73,198,'POST@/rest'),(73,199,'POST@/rest/{cartId}/addItem'),(74,200,'POST@/rest/processPayment'),(75,201,'GET@/rest/customer/restaurants'),(75,202,'GET@/rest/customer/restaurants/{restaurantId}/menu'),(75,203,'POST@/rest/customer/restaurants/{restaurantId}/notify'),(75,204,'GET@/rest/customer/restaurants/{restaurantId}/item/{itemId}'),(76,205,'POST@/rest/{cartId}/confirmOrder'),(76,206,'POST@/rest'),(76,207,'POST@/rest/{cartId}/addItem'),(77,208,'POST@/rest/{cartId}/confirmOrder'),(77,209,'POST@/rest'),(77,210,'POST@/rest/{cartId}/addItem'),(78,211,'GET@/rest/customer/restaurants'),(78,212,'GET@/rest/customer/restaurants/{restaurantId}/menu'),(78,213,'POST@/rest/customer/restaurants/{restaurantId}/notify'),(78,214,'GET@/rest/customer/restaurants/{restaurantId}/item/{itemId}'),(79,215,'GET@/rest/customer/restaurants'),(79,216,'GET@/rest/customer/restaurants/{restaurantId}/menu'),(79,217,'POST@/rest/customer/restaurants/{restaurantId}/notify'),(79,218,'GET@/rest/customer/restaurants/{restaurantId}/item/{itemId}'),(80,219,'POST@/rest/deliverOrder'),(81,220,'POST@/rest/{cartId}/confirmOrder'),(81,221,'POST@/rest'),(81,222,'POST@/rest/{cartId}/addItem'),(82,223,'POST@/rest/processPayment'),(83,224,'GET@/rest/customer/restaurants'),(83,225,'GET@/rest/customer/restaurants/{restaurantId}/menu'),(83,226,'POST@/rest/customer/restaurants/{restaurantId}/notify'),(83,227,'GET@/rest/customer/restaurants/{restaurantId}/item/{itemId}'),(84,228,'POST@/rest/{cartId}/confirmOrder'),(84,229,'POST@/rest'),(84,230,'POST@/rest/{cartId}/addItem'),(85,231,'POST@/rest/{cartId}/confirmOrder'),(85,232,'POST@/rest'),(85,233,'POST@/rest/{cartId}/addItem'),(86,234,'GET@/rest/customer/restaurants'),(86,235,'GET@/rest/customer/restaurants/{restaurantId}/menu'),(86,236,'POST@/rest/customer/restaurants/{restaurantId}/notify'),(86,237,'GET@/rest/customer/restaurants/{restaurantId}/item/{itemId}'),(87,238,'GET@/rest/customer/restaurants'),(87,239,'GET@/rest/customer/restaurants/{restaurantId}/menu'),(87,240,'POST@/rest/customer/restaurants/{restaurantId}/notify'),(87,241,'GET@/rest/customer/restaurants/{restaurantId}/item/{itemId}'),(88,242,'POST@/rest/processPayment'),(89,243,'POST@/rest/deliverOrder'),(90,244,'GET@/rest/customer/restaurants'),(90,245,'GET@/rest/customer/restaurants/{restaurantId}/menu'),(90,246,'POST@/rest/customer/restaurants/{restaurantId}/notify'),(90,247,'GET@/rest/customer/restaurants/{restaurantId}/item/{itemId}'),(91,248,'POST@/rest/{cartId}/confirmOrder'),(91,249,'POST@/rest'),(91,250,'POST@/rest/{cartId}/addItem'),(92,251,'GET@/rest/customer/restaurants'),(92,252,'GET@/rest/customer/restaurants/{restaurantId}/menu'),(92,253,'POST@/rest/customer/restaurants/{restaurantId}/notify'),(92,254,'GET@/rest/customer/restaurants/{restaurantId}/item/{itemId}'),(93,255,'POST@/rest/{cartId}/confirmOrder'),(93,256,'POST@/rest'),(93,257,'POST@/rest/{cartId}/addItem'),(94,258,'GET@/rest/customer/restaurants'),(94,259,'GET@/rest/customer/restaurants/{restaurantId}/menu'),(94,260,'POST@/rest/customer/restaurants/{restaurantId}/notify'),(94,261,'GET@/rest/customer/restaurants/{restaurantId}/item/{itemId}'),(95,262,'POST@/rest/processPayment'),(96,263,'POST@/rest/deliverOrder'),(97,264,'POST@/rest/{cartId}/confirmOrder'),(97,265,'POST@/rest'),(97,266,'POST@/rest/{cartId}/addItem'),(98,267,'GET@/rest/customer/restaurants'),(98,268,'GET@/rest/customer/restaurants/{restaurantId}/menu'),(98,269,'POST@/rest/customer/restaurants/{restaurantId}/notify'),(98,270,'GET@/rest/customer/restaurants/{restaurantId}/item/{itemId}'),(99,271,'POST@/rest/{cartId}/confirmOrder'),(99,272,'POST@/rest'),(99,273,'POST@/rest/{cartId}/addItem'),(100,274,'GET@/rest/customer/restaurants'),(100,275,'GET@/rest/customer/restaurants/{restaurantId}/menu'),(100,276,'POST@/rest/customer/restaurants/{restaurantId}/notify'),(100,277,'GET@/rest/customer/restaurants/{restaurantId}/item/{itemId}'),(101,278,'POST@/rest/{cartId}/confirmOrder'),(101,279,'POST@/rest'),(101,280,'POST@/rest/{cartId}/addItem'),(102,281,'GET@/rest/customer/restaurants'),(102,282,'GET@/rest/customer/restaurants/{restaurantId}/menu'),(102,283,'POST@/rest/customer/restaurants/{restaurantId}/notify'),(102,284,'GET@/rest/customer/restaurants/{restaurantId}/item/{itemId}'),(103,285,'POST@/rest/deliverOrder'),(104,286,'POST@/rest/{cartId}/confirmOrder'),(104,287,'POST@/rest'),(104,288,'POST@/rest/{cartId}/addItem'),(105,289,'GET@/rest/customer/restaurants'),(105,290,'GET@/rest/customer/restaurants/{restaurantId}/menu'),(105,291,'POST@/rest/customer/restaurants/{restaurantId}/notify'),(105,292,'GET@/rest/customer/restaurants/{restaurantId}/item/{itemId}'),(106,293,'POST@/rest/processPayment'),(107,294,'GET@/rest/customer/restaurants'),(107,295,'GET@/rest/customer/restaurants/{restaurantId}/menu'),(107,296,'POST@/rest/customer/restaurants/{restaurantId}/notify'),(107,297,'GET@/rest/customer/restaurants/{restaurantId}/item/{itemId}'),(108,298,'GET@/rest/customer/restaurants'),(108,299,'GET@/rest/customer/restaurants/{restaurantId}/menu'),(108,300,'POST@/rest/customer/restaurants/{restaurantId}/notify'),(108,301,'GET@/rest/customer/restaurants/{restaurantId}/item/{itemId}'),(109,302,'POST@/rest/{cartId}/confirmOrder'),(109,303,'POST@/rest'),(109,304,'POST@/rest/{cartId}/addItem'),(110,305,'POST@/rest/{cartId}/confirmOrder'),(110,306,'POST@/rest'),(110,307,'POST@/rest/{cartId}/addItem'),(111,308,'POST@/rest/deliverOrder'),(112,309,'POST@/rest/processPayment'),(113,310,'POST@/rest/{cartId}/confirmOrder'),(113,311,'POST@/rest'),(113,312,'POST@/rest/{cartId}/addItem'),(114,313,'GET@/rest/customer/restaurants'),(114,314,'GET@/rest/customer/restaurants/{restaurantId}/menu'),(114,315,'POST@/rest/customer/restaurants/{restaurantId}/notify'),(114,316,'GET@/rest/customer/restaurants/{restaurantId}/item/{itemId}'),(115,317,'GET@/rest/customer/restaurants'),(115,318,'GET@/rest/customer/restaurants/{restaurantId}/menu'),(115,319,'POST@/rest/customer/restaurants/{restaurantId}/notify'),(115,320,'GET@/rest/customer/restaurants/{restaurantId}/item/{itemId}'),(116,321,'POST@/rest/{cartId}/confirmOrder'),(116,322,'POST@/rest'),(116,323,'POST@/rest/{cartId}/addItem'),(117,324,'GET@/rest/customer/restaurants'),(117,325,'GET@/rest/customer/restaurants/{restaurantId}/menu'),(117,326,'POST@/rest/customer/restaurants/{restaurantId}/notify'),(117,327,'GET@/rest/customer/restaurants/{restaurantId}/item/{itemId}'),(118,328,'POST@/rest/{cartId}/confirmOrder'),(118,329,'POST@/rest'),(118,330,'POST@/rest/{cartId}/addItem'),(119,331,'POST@/rest/deliverOrder'),(120,332,'POST@/rest/processPayment'),(121,333,'POST@/rest/{cartId}/confirmOrder'),(121,334,'POST@/rest'),(121,335,'POST@/rest/{cartId}/addItem'),(122,336,'POST@/rest/{cartId}/confirmOrder'),(122,337,'POST@/rest'),(122,338,'POST@/rest/{cartId}/addItem'),(123,339,'GET@/rest/customer/restaurants'),(123,340,'GET@/rest/customer/restaurants/{restaurantId}/menu'),(123,341,'POST@/rest/customer/restaurants/{restaurantId}/notify'),(123,342,'GET@/rest/customer/restaurants/{restaurantId}/item/{itemId}'),(124,343,'GET@/rest/customer/restaurants'),(124,344,'GET@/rest/customer/restaurants/{restaurantId}/menu'),(124,345,'POST@/rest/customer/restaurants/{restaurantId}/notify'),(124,346,'GET@/rest/customer/restaurants/{restaurantId}/item/{itemId}'),(125,347,'GET@/rest/customer/restaurants'),(125,348,'GET@/rest/customer/restaurants/{restaurantId}/menu'),(125,349,'POST@/rest/customer/restaurants/{restaurantId}/notify'),(125,350,'GET@/rest/customer/restaurants/{restaurantId}/item/{itemId}'),(126,351,'POST@/rest/deliverOrder'),(127,352,'POST@/rest/processPayment'),(128,353,'GET@/rest/customer/restaurants'),(128,354,'GET@/rest/customer/restaurants/{restaurantId}/menu'),(128,355,'POST@/rest/customer/restaurants/{restaurantId}/notify'),(128,356,'GET@/rest/customer/restaurants/{restaurantId}/item/{itemId}'),(129,357,'POST@/rest/{cartId}/confirmOrder'),(129,358,'POST@/rest'),(129,359,'POST@/rest/{cartId}/addItem'),(130,360,'GET@/rest/customer/restaurants'),(130,361,'GET@/rest/customer/restaurants/{restaurantId}/menu'),(130,362,'POST@/rest/customer/restaurants/{restaurantId}/notify'),(130,363,'GET@/rest/customer/restaurants/{restaurantId}/item/{itemId}'),(131,364,'GET@/rest/customer/restaurants'),(131,365,'GET@/rest/customer/restaurants/{restaurantId}/menu'),(131,366,'POST@/rest/customer/restaurants/{restaurantId}/notify'),(131,367,'GET@/rest/customer/restaurants/{restaurantId}/item/{itemId}'),(132,368,'POST@/rest/{cartId}/confirmOrder'),(132,369,'POST@/rest'),(132,370,'POST@/rest/{cartId}/addItem'),(133,371,'POST@/rest/processPayment'),(134,372,'POST@/rest/deliverOrder'),(135,373,'GET@/rest/customer/restaurants'),(135,374,'GET@/rest/customer/restaurants/{restaurantId}/menu'),(135,375,'POST@/rest/customer/restaurants/{restaurantId}/notify'),(135,376,'GET@/rest/customer/restaurants/{restaurantId}/item/{itemId}'),(136,377,'POST@/rest/{cartId}/confirmOrder'),(136,378,'POST@/rest'),(136,379,'POST@/rest/{cartId}/addItem'),(137,380,'POST@/rest/{cartId}/confirmOrder'),(137,381,'POST@/rest'),(137,382,'POST@/rest/{cartId}/addItem'),(138,383,'GET@/rest/customer/restaurants'),(138,384,'GET@/rest/customer/restaurants/{restaurantId}/menu'),(138,385,'POST@/rest/customer/restaurants/{restaurantId}/notify'),(138,386,'GET@/rest/customer/restaurants/{restaurantId}/item/{itemId}'),(139,387,'GET@/rest/customer/restaurants'),(139,388,'GET@/rest/customer/restaurants/{restaurantId}/menu'),(139,389,'POST@/rest/customer/restaurants/{restaurantId}/notify'),(139,390,'GET@/rest/customer/restaurants/{restaurantId}/item/{itemId}'),(140,391,'POST@/rest/{cartId}/confirmOrder'),(140,392,'POST@/rest'),(140,393,'POST@/rest/{cartId}/addItem'),(141,394,'POST@/rest/deliverOrder'),(142,395,'POST@/rest/processPayment'),(143,396,'POST@/rest/{cartId}/confirmOrder'),(143,397,'POST@/rest'),(143,398,'POST@/rest/{cartId}/addItem'),(144,399,'GET@/rest/customer/restaurants'),(144,400,'GET@/rest/customer/restaurants/{restaurantId}/menu'),(144,401,'POST@/rest/customer/restaurants/{restaurantId}/notify'),(144,402,'GET@/rest/customer/restaurants/{restaurantId}/item/{itemId}'),(145,403,'GET@/rest/customer/restaurants'),(145,404,'GET@/rest/customer/restaurants/{restaurantId}/menu'),(145,405,'POST@/rest/customer/restaurants/{restaurantId}/notify'),(145,406,'GET@/rest/customer/restaurants/{restaurantId}/item/{itemId}'),(146,407,'POST@/rest/{cartId}/confirmOrder'),(146,408,'POST@/rest'),(146,409,'POST@/rest/{cartId}/addItem'),(147,410,'GET@/rest/customer/restaurants'),(147,411,'GET@/rest/customer/restaurants/{restaurantId}/menu'),(147,412,'POST@/rest/customer/restaurants/{restaurantId}/notify'),(147,413,'GET@/rest/customer/restaurants/{restaurantId}/item/{itemId}'),(148,414,'POST@/rest/{cartId}/confirmOrder'),(148,415,'POST@/rest'),(148,416,'POST@/rest/{cartId}/addItem'),(149,417,'POST@/rest/deliverOrder'),(150,418,'GET@/rest/customer/restaurants'),(150,419,'GET@/rest/customer/restaurants/{restaurantId}/menu'),(150,420,'POST@/rest/customer/restaurants/{restaurantId}/notify'),(150,421,'GET@/rest/customer/restaurants/{restaurantId}/item/{itemId}'),(151,422,'POST@/rest/{cartId}/confirmOrder'),(151,423,'POST@/rest'),(151,424,'POST@/rest/{cartId}/addItem'),(152,425,'POST@/rest/processPayment'),(153,426,'POST@/rest/{cartId}/confirmOrder'),(153,427,'POST@/rest'),(153,428,'POST@/rest/{cartId}/addItem'),(154,429,'GET@/rest/customer/restaurants'),(154,430,'GET@/rest/customer/restaurants/{restaurantId}/menu'),(154,431,'POST@/rest/customer/restaurants/{restaurantId}/notify'),(154,432,'GET@/rest/customer/restaurants/{restaurantId}/item/{itemId}'),(155,433,'POST@/rest/{cartId}/confirmOrder'),(155,434,'POST@/rest'),(155,435,'POST@/rest/{cartId}/addItem'),(156,436,'GET@/rest/customer/restaurants'),(156,437,'GET@/rest/customer/restaurants/{restaurantId}/menu'),(156,438,'POST@/rest/customer/restaurants/{restaurantId}/notify'),(156,439,'GET@/rest/customer/restaurants/{restaurantId}/item/{itemId}'),(157,440,'POST@/rest/processPayment'),(158,441,'POST@/rest/deliverOrder'),(159,442,'POST@/rest/{cartId}/confirmOrder'),(159,443,'POST@/rest'),(159,444,'POST@/rest/{cartId}/addItem'),(160,445,'GET@/rest/customer/restaurants'),(160,446,'GET@/rest/customer/restaurants/{restaurantId}/menu'),(160,447,'POST@/rest/customer/restaurants/{restaurantId}/notify'),(160,448,'GET@/rest/customer/restaurants/{restaurantId}/item/{itemId}'),(161,449,'GET@/rest/customer/restaurants'),(161,450,'GET@/rest/customer/restaurants/{restaurantId}/menu'),(161,451,'POST@/rest/customer/restaurants/{restaurantId}/notify'),(161,452,'GET@/rest/customer/restaurants/{restaurantId}/item/{itemId}'),(162,453,'POST@/rest/{cartId}/confirmOrder'),(162,454,'POST@/rest'),(162,455,'POST@/rest/{cartId}/addItem'),(163,456,'POST@/rest/{cartId}/confirmOrder'),(163,457,'POST@/rest'),(163,458,'POST@/rest/{cartId}/addItem'),(164,459,'GET@/rest/customer/restaurants'),(164,460,'GET@/rest/customer/restaurants/{restaurantId}/menu'),(164,461,'POST@/rest/customer/restaurants/{restaurantId}/notify'),(164,462,'GET@/rest/customer/restaurants/{restaurantId}/item/{itemId}'),(165,463,'POST@/rest/deliverOrder'),(166,464,'POST@/rest/processPayment'),(167,465,'POST@/rest/{cartId}/confirmOrder'),(167,466,'POST@/rest'),(167,467,'POST@/rest/{cartId}/addItem'),(168,468,'GET@/rest/customer/restaurants'),(168,469,'GET@/rest/customer/restaurants/{restaurantId}/menu'),(168,470,'POST@/rest/customer/restaurants/{restaurantId}/notify'),(168,471,'GET@/rest/customer/restaurants/{restaurantId}/item/{itemId}'),(169,472,'POST@/rest/{cartId}/confirmOrder'),(169,473,'POST@/rest'),(169,474,'POST@/rest/{cartId}/addItem'),(170,475,'POST@/rest/{cartId}/confirmOrder'),(170,476,'POST@/rest'),(170,477,'POST@/rest/{cartId}/addItem'),(171,478,'GET@/rest/customer/restaurants'),(171,479,'GET@/rest/customer/restaurants/{restaurantId}/menu'),(171,480,'POST@/rest/customer/restaurants/{restaurantId}/notify'),(171,481,'GET@/rest/customer/restaurants/{restaurantId}/item/{itemId}'),(172,482,'GET@/rest/customer/restaurants'),(172,483,'GET@/rest/customer/restaurants/{restaurantId}/menu'),(172,484,'POST@/rest/customer/restaurants/{restaurantId}/notify'),(172,485,'GET@/rest/customer/restaurants/{restaurantId}/item/{itemId}'),(173,486,'GET@/rest/customer/restaurants'),(173,487,'GET@/rest/customer/restaurants/{restaurantId}/menu'),(173,488,'POST@/rest/customer/restaurants/{restaurantId}/notify'),(173,489,'GET@/rest/customer/restaurants/{restaurantId}/item/{itemId}'),(174,490,'POST@/rest/deliverOrder'),(175,491,'POST@/rest/processPayment'),(176,492,'POST@/rest/{cartId}/confirmOrder'),(176,493,'POST@/rest'),(176,494,'POST@/rest/{cartId}/addItem'),(177,495,'GET@/rest/customer/restaurants'),(177,496,'GET@/rest/customer/restaurants/{restaurantId}/menu'),(177,497,'POST@/rest/customer/restaurants/{restaurantId}/notify'),(177,498,'GET@/rest/customer/restaurants/{restaurantId}/item/{itemId}'),(178,499,'GET@/rest/customer/restaurants'),(178,500,'GET@/rest/customer/restaurants/{restaurantId}/menu'),(178,501,'POST@/rest/customer/restaurants/{restaurantId}/notify'),(178,502,'GET@/rest/customer/restaurants/{restaurantId}/item/{itemId}'),(179,503,'POST@/rest/{cartId}/confirmOrder'),(179,504,'POST@/rest'),(179,505,'POST@/rest/{cartId}/addItem'),(180,506,'POST@/rest/{cartId}/confirmOrder'),(180,507,'POST@/rest'),(180,508,'POST@/rest/{cartId}/addItem'),(181,509,'POST@/rest/processPayment'),(182,510,'GET@/rest/customer/restaurants'),(182,511,'GET@/rest/customer/restaurants/{restaurantId}/menu'),(182,512,'POST@/rest/customer/restaurants/{restaurantId}/notify'),(182,513,'GET@/rest/customer/restaurants/{restaurantId}/item/{itemId}'),(183,514,'POST@/rest/{cartId}/confirmOrder'),(183,515,'POST@/rest'),(183,516,'POST@/rest/{cartId}/addItem'),(184,517,'POST@/rest/{cartId}/confirmOrder'),(184,518,'POST@/rest'),(184,519,'POST@/rest/{cartId}/addItem'),(185,520,'POST@/rest/deliverOrder'),(186,521,'GET@/rest/customer/restaurants'),(186,522,'GET@/rest/customer/restaurants/{restaurantId}/menu'),(186,523,'POST@/rest/customer/restaurants/{restaurantId}/notify'),(186,524,'GET@/rest/customer/restaurants/{restaurantId}/item/{itemId}'),(187,525,'POST@/rest/{cartId}/confirmOrder'),(187,526,'POST@/rest'),(187,527,'POST@/rest/{cartId}/addItem'),(188,528,'GET@/rest/customer/restaurants'),(188,529,'GET@/rest/customer/restaurants/{restaurantId}/menu'),(188,530,'POST@/rest/customer/restaurants/{restaurantId}/notify'),(188,531,'GET@/rest/customer/restaurants/{restaurantId}/item/{itemId}'),(189,532,'GET@/rest/customer/restaurants'),(189,533,'GET@/rest/customer/restaurants/{restaurantId}/menu'),(189,534,'POST@/rest/customer/restaurants/{restaurantId}/notify'),(189,535,'GET@/rest/customer/restaurants/{restaurantId}/item/{itemId}'),(190,536,'POST@/rest/processPayment'),(191,537,'POST@/rest/deliverOrder'),(192,538,'GET@/rest/customer/restaurants'),(192,539,'GET@/rest/customer/restaurants/{restaurantId}/menu'),(192,540,'POST@/rest/customer/restaurants/{restaurantId}/notify'),(192,541,'GET@/rest/customer/restaurants/{restaurantId}/item/{itemId}'),(193,542,'POST@/rest/{cartId}/confirmOrder'),(193,543,'POST@/rest'),(193,544,'POST@/rest/{cartId}/addItem'),(194,545,'POST@/rest/{cartId}/confirmOrder'),(194,546,'POST@/rest'),(194,547,'POST@/rest/{cartId}/confirmTakeAway'),(194,548,'POST@/rest/{cartId}/addItem'),(195,549,'POST@/rest/{cartId}/confirmOrder'),(195,550,'POST@/rest'),(195,551,'POST@/rest/{cartId}/addItem'),(196,552,'GET@/rest/customer/restaurants'),(196,553,'GET@/rest/customer/restaurants/{restaurantId}/menu'),(196,554,'POST@/rest/customer/restaurants/{restaurantId}/notify'),(196,555,'GET@/rest/customer/restaurants/{restaurantId}/item/{itemId}'),(197,556,'POST@/rest/{cartId}/confirmOrder'),(197,557,'POST@/rest'),(197,558,'POST@/rest/{cartId}/confirmTakeAway'),(197,559,'POST@/rest/{cartId}/addItem'),(198,560,'POST@/rest/deliverOrder'),(199,561,'POST@/rest/processPayment'),(200,562,'GET@/rest/customer/restaurants'),(200,563,'GET@/rest/customer/restaurants/{restaurantId}/menu'),(200,564,'POST@/rest/customer/restaurants/{restaurantId}/notify'),(200,565,'GET@/rest/customer/restaurants/{restaurantId}/item/{itemId}'),(201,566,'POST@/rest/{cartId}/confirmOrder'),(201,567,'POST@/rest'),(201,568,'POST@/rest/{cartId}/addItem'),(202,569,'GET@/rest/customer/restaurants'),(202,570,'GET@/rest/customer/restaurants/{restaurantId}/menu'),(202,571,'POST@/rest/customer/restaurants/{restaurantId}/notify'),(202,572,'GET@/rest/customer/restaurants/{restaurantId}/item/{itemId}'),(203,573,'POST@/rest/{cartId}/confirmOrder'),(203,574,'POST@/rest'),(203,575,'POST@/rest/{cartId}/addItem'),(204,576,'GET@/rest/customer/restaurants'),(204,577,'GET@/rest/customer/restaurants/{restaurantId}/menu'),(204,578,'POST@/rest/customer/restaurants/{restaurantId}/notify'),(204,579,'GET@/rest/customer/restaurants/{restaurantId}/item/{itemId}'),(205,580,'POST@/rest/processPayment'),(206,581,'POST@/rest/deliverOrder'),(207,582,'GET@/rest/customer/restaurants'),(207,583,'GET@/rest/customer/restaurants/{restaurantId}/menu'),(207,584,'POST@/rest/customer/restaurants/{restaurantId}/notify'),(207,585,'GET@/rest/customer/restaurants/{restaurantId}/item/{itemId}'),(208,586,'POST@/rest/{cartId}/confirmOrder'),(208,587,'POST@/rest'),(208,588,'POST@/rest/{cartId}/addItem'),(209,589,'POST@/rest/{cartId}/confirmOrder'),(209,590,'POST@/rest'),(209,591,'POST@/rest/{cartId}/confirmTakeAway'),(209,592,'POST@/rest/{cartId}/addItem'),(210,593,'GET@/rest/customer/restaurants'),(210,594,'GET@/rest/customer/restaurants/{restaurantId}/menu'),(210,595,'POST@/rest/customer/restaurants/{restaurantId}/notify'),(210,596,'GET@/rest/customer/restaurants/{restaurantId}/item/{itemId}'),(211,597,'POST@/rest/{cartId}/confirmOrder'),(211,598,'POST@/rest'),(211,599,'POST@/rest/{cartId}/addItem'),(212,600,'GET@/rest/customer/restaurants'),(212,601,'GET@/rest/customer/restaurants/{restaurantId}/menu'),(212,602,'POST@/rest/customer/restaurants/{restaurantId}/notify'),(212,603,'GET@/rest/customer/restaurants/{restaurantId}/item/{itemId}'),(213,604,'POST@/rest/deliverOrder'),(214,605,'POST@/rest/{cartId}/confirmOrder'),(214,606,'POST@/rest'),(214,607,'POST@/rest/{cartId}/addItem'),(215,608,'POST@/rest/processPayment'),(216,609,'GET@/rest/customer/restaurants'),(216,610,'GET@/rest/customer/restaurants/{restaurantId}/menu'),(216,611,'POST@/rest/customer/restaurants/{restaurantId}/notify'),(216,612,'GET@/rest/customer/restaurants/{restaurantId}/item/{itemId}'),(217,613,'GET@/rest/customer/restaurants'),(217,614,'GET@/rest/customer/restaurants/{restaurantId}/menu'),(217,615,'POST@/rest/customer/restaurants/{restaurantId}/notify'),(217,616,'GET@/rest/customer/restaurants/{restaurantId}/item/{itemId}'),(218,617,'GET@/rest/customer/restaurants'),(218,618,'GET@/rest/customer/restaurants/{restaurantId}/menu'),(218,619,'POST@/rest/customer/restaurants/{restaurantId}/notify'),(218,620,'GET@/rest/customer/restaurants/{restaurantId}/item/{itemId}'),(219,621,'POST@/rest/{cartId}/confirmOrder'),(219,622,'POST@/rest'),(219,623,'POST@/rest/{cartId}/addItem'),(220,624,'POST@/rest/{cartId}/confirmOrder'),(220,625,'POST@/rest'),(220,626,'POST@/rest/{cartId}/confirmTakeAway'),(220,627,'POST@/rest/{cartId}/addItem'),(221,628,'POST@/rest/deliverOrder'),(222,629,'GET@/rest/customer/restaurants'),(222,630,'GET@/rest/customer/restaurants/{restaurantId}/menu'),(222,631,'POST@/rest/customer/restaurants/{restaurantId}/notify'),(222,632,'GET@/rest/customer/restaurants/{restaurantId}/item/{itemId}'),(223,633,'POST@/rest/{cartId}/confirmOrder'),(223,634,'POST@/rest'),(223,635,'POST@/rest/{cartId}/addItem'),(224,636,'POST@/rest/processPayment'),(225,637,'POST@/rest/{cartId}/confirmOrder'),(225,638,'POST@/rest'),(225,639,'POST@/rest/{cartId}/addItem'),(226,640,'GET@/rest/customer/restaurants'),(226,641,'GET@/rest/customer/restaurants/{restaurantId}/menu'),(226,642,'POST@/rest/customer/restaurants/{restaurantId}/notify'),(226,643,'GET@/rest/customer/restaurants/{restaurantId}/item/{itemId}'),(227,644,'POST@/rest/{cartId}/confirmOrder'),(227,645,'POST@/rest'),(227,646,'POST@/rest/{cartId}/confirmTakeAway'),(227,647,'POST@/rest/{cartId}/addItem'),(228,648,'GET@/rest/customer/restaurants'),(228,649,'GET@/rest/customer/restaurants/{restaurantId}/menu'),(228,650,'POST@/rest/customer/restaurants/{restaurantId}/notify'),(228,651,'GET@/rest/customer/restaurants/{restaurantId}/item/{itemId}'),(229,652,'POST@/rest/processPayment'),(230,653,'POST@/rest/deliverOrder'),(231,654,'GET@/rest/customer/restaurants'),(231,655,'GET@/rest/customer/restaurants/{restaurantId}/menu'),(231,656,'POST@/rest/customer/restaurants/{restaurantId}/notify'),(231,657,'GET@/rest/customer/restaurants/{restaurantId}/item/{itemId}'),(232,658,'POST@/rest/{cartId}/confirmOrder'),(232,659,'POST@/rest'),(232,660,'POST@/rest/{cartId}/addItem'),(233,661,'POST@/rest/{cartId}/confirmOrder'),(233,662,'POST@/rest'),(233,663,'POST@/rest/{cartId}/confirmTakeAway'),(233,664,'POST@/rest/{cartId}/addItem'),(234,665,'POST@/rest/{cartId}/confirmOrder'),(234,666,'POST@/rest'),(234,667,'POST@/rest/{cartId}/addItem'),(235,668,'GET@/rest/customer/restaurants'),(235,669,'GET@/rest/customer/restaurants/{restaurantId}/menu'),(235,670,'POST@/rest/customer/restaurants/{restaurantId}/notify'),(235,671,'GET@/rest/customer/restaurants/{restaurantId}/item/{itemId}'),(236,672,'GET@/rest/customer/restaurants'),(236,673,'GET@/rest/customer/restaurants/{restaurantId}/menu'),(236,674,'POST@/rest/customer/restaurants/{restaurantId}/notify'),(236,675,'GET@/rest/customer/restaurants/{restaurantId}/item/{itemId}'),(237,676,'POST@/rest/deliverOrder'),(238,677,'GET@/rest/customer/restaurants'),(238,678,'GET@/rest/customer/restaurants/{restaurantId}/menu'),(238,679,'POST@/rest/customer/restaurants/{restaurantId}/notify'),(238,680,'GET@/rest/customer/restaurants/{restaurantId}/item/{itemId}'),(239,681,'POST@/rest/processPayment'),(240,682,'POST@/rest/{cartId}/confirmOrder'),(240,683,'POST@/rest'),(240,684,'POST@/rest/{cartId}/confirmTakeAway'),(240,685,'POST@/rest/{cartId}/addItem'),(241,686,'POST@/rest/{cartId}/confirmOrder'),(241,687,'POST@/rest'),(241,688,'POST@/rest/{cartId}/addItem'),(242,689,'GET@/rest/customer/restaurants'),(242,690,'GET@/rest/customer/restaurants/{restaurantId}/menu'),(242,691,'POST@/rest/customer/restaurants/{restaurantId}/notify'),(242,692,'GET@/rest/customer/restaurants/{restaurantId}/item/{itemId}'),(243,693,'POST@/rest/{cartId}/confirmOrder'),(243,694,'POST@/rest'),(243,695,'POST@/rest/{cartId}/addItem'),(244,696,'GET@/rest/customer/restaurants'),(244,697,'GET@/rest/customer/restaurants/{restaurantId}/menu'),(244,698,'POST@/rest/customer/restaurants/{restaurantId}/notify'),(244,699,'GET@/rest/customer/restaurants/{restaurantId}/item/{itemId}'),(245,700,'POST@/rest/processPayment'),(246,701,'POST@/rest/deliverOrder'),(247,702,'POST@/rest/{cartId}/confirmOrder'),(247,703,'POST@/rest'),(247,704,'POST@/rest/{cartId}/confirmTakeAway'),(247,705,'POST@/rest/{cartId}/addItem'),(248,706,'GET@/rest/customer/restaurants'),(248,707,'GET@/rest/customer/restaurants/{restaurantId}/menu'),(248,708,'POST@/rest/customer/restaurants/{restaurantId}/notify'),(248,709,'GET@/rest/customer/restaurants/{restaurantId}/item/{itemId}'),(249,710,'POST@/rest/{cartId}/confirmOrder'),(249,711,'POST@/rest'),(249,712,'POST@/rest/{cartId}/addItem'),(250,713,'POST@/rest/{cartId}/confirmOrder'),(250,714,'POST@/rest'),(250,715,'POST@/rest/{cartId}/addItem'),(251,716,'GET@/rest/customer/restaurants'),(251,717,'GET@/rest/customer/restaurants/{restaurantId}/menu'),(251,718,'POST@/rest/customer/restaurants/{restaurantId}/notify'),(251,719,'GET@/rest/customer/restaurants/{restaurantId}/item/{itemId}'),(252,720,'POST@/rest/deliverOrder'),(253,721,'GET@/rest/customer/restaurants'),(253,722,'GET@/rest/customer/restaurants/{restaurantId}/menu'),(253,723,'POST@/rest/customer/restaurants/{restaurantId}/notify'),(253,724,'GET@/rest/customer/restaurants/{restaurantId}/item/{itemId}'),(254,725,'POST@/rest/processPayment'),(255,726,'POST@/rest/{cartId}/confirmOrder'),(255,727,'POST@/rest'),(255,728,'POST@/rest/{cartId}/addItem'),(256,729,'GET@/rest/customer/restaurants'),(256,730,'GET@/rest/customer/restaurants/{restaurantId}/menu'),(256,731,'POST@/rest/customer/restaurants/{restaurantId}/notify'),(256,732,'GET@/rest/customer/restaurants/{restaurantId}/item/{itemId}'),(257,733,'POST@/rest/{cartId}/confirmOrder'),(257,734,'POST@/rest'),(257,735,'POST@/rest/{cartId}/addItem'),(258,736,'GET@/rest/customer/restaurants'),(258,737,'GET@/rest/customer/restaurants/{restaurantId}/menu'),(258,738,'POST@/rest/customer/restaurants/{restaurantId}/notify'),(258,739,'GET@/rest/customer/restaurants/{restaurantId}/item/{itemId}'),(259,740,'POST@/rest/{cartId}/confirmOrder'),(259,741,'POST@/rest'),(259,742,'POST@/rest/{cartId}/confirmTakeAway'),(259,743,'POST@/rest/{cartId}/addItem'),(260,744,'POST@/rest/processPayment'),(261,745,'POST@/rest/deliverOrder'),(262,746,'GET@/rest/customer/restaurants'),(262,747,'GET@/rest/customer/restaurants/{restaurantId}/menu'),(262,748,'POST@/rest/customer/restaurants/{restaurantId}/notify'),(262,749,'GET@/rest/customer/restaurants/{restaurantId}/item/{itemId}'),(263,750,'GET@/rest/customer/restaurants'),(263,751,'GET@/rest/customer/restaurants/{restaurantId}/menu'),(263,752,'POST@/rest/customer/restaurants/{restaurantId}/notify'),(263,753,'GET@/rest/customer/restaurants/{restaurantId}/item/{itemId}'),(264,754,'POST@/rest/{cartId}/confirmOrder'),(264,755,'POST@/rest'),(264,756,'POST@/rest/{cartId}/confirmTakeAway'),(264,757,'POST@/rest/{cartId}/addItem'),(265,758,'POST@/rest/{cartId}/confirmOrder'),(265,759,'POST@/rest'),(265,760,'POST@/rest/{cartId}/addItem'),(266,761,'GET@/rest/customer/restaurants'),(266,762,'GET@/rest/customer/restaurants/{restaurantId}/menu'),(266,763,'POST@/rest/customer/restaurants/{restaurantId}/notify'),(266,764,'GET@/rest/customer/restaurants/{restaurantId}/item/{itemId}'),(267,765,'POST@/rest/{cartId}/confirmOrder'),(267,766,'POST@/rest'),(267,767,'POST@/rest/{cartId}/addItem');
/*!40000 ALTER TABLE `instance_metrics_snapshot_http_metrics` ENABLE KEYS */;
UNLOCK TABLES;

--
-- Table structure for table `qosvalue_entity`
--

DROP TABLE IF EXISTS `qosvalue_entity`;
/*!40101 SET @saved_cs_client     = @@character_set_client */;
/*!50503 SET character_set_client = utf8mb4 */;
CREATE TABLE `qosvalue_entity` (
  `id` bigint NOT NULL AUTO_INCREMENT,
  `current_value` double DEFAULT NULL,
  `instance_id` varchar(255) DEFAULT NULL,
  `invalidates_this_and_previous` bit(1) NOT NULL,
  `qos` varchar(255) DEFAULT NULL,
  `service_id` varchar(255) DEFAULT NULL,
  `service_implementation_id` varchar(255) DEFAULT NULL,
  `timestamp` datetime DEFAULT NULL,
  `value` double NOT NULL,
  PRIMARY KEY (`id`)
) ENGINE=InnoDB AUTO_INCREMENT=185 DEFAULT CHARSET=utf8mb4 COLLATE=utf8mb4_0900_ai_ci;
/*!40101 SET character_set_client = @saved_cs_client */;

--
-- Dumping data for table `qosvalue_entity`
--

LOCK TABLES `qosvalue_entity` WRITE;
/*!40000 ALTER TABLE `qosvalue_entity` DISABLE KEYS */;
INSERT INTO `qosvalue_entity` VALUES (1,80,'restaurant-service@192.168.1.18:60990',_binary '\0','AverageResponseTime','RESTAURANT-SERVICE','restaurant-service','2022-10-25 19:57:28',96.43846329411765),(2,0.9,'restaurant-service@192.168.1.18:60990',_binary '\0','Availability','RESTAURANT-SERVICE','restaurant-service','2022-10-25 19:57:28',0.8095238095238095),(3,80,'restaurant-service@192.168.1.18:60947',_binary '\0','AverageResponseTime','RESTAURANT-SERVICE','restaurant-service','2022-10-25 19:57:28',51.61984980000001),(4,0.9,'restaurant-service@192.168.1.18:60947',_binary '\0','Availability','RESTAURANT-SERVICE','restaurant-service','2022-10-25 19:57:28',0.2631578947368421),(5,80,'restaurant-service@192.168.1.18:58085',_binary '\0','AverageResponseTime','RESTAURANT-SERVICE','restaurant-service','2022-10-25 19:57:28',11.68434585),(6,0.9,'restaurant-service@192.168.1.18:58085',_binary '\0','Availability','RESTAURANT-SERVICE','restaurant-service','2022-10-25 19:57:28',1),(7,NULL,NULL,_binary '\0','AverageResponseTime','RESTAURANT-SERVICE','restaurant-service','2022-10-25 19:57:28',53.24755298137256),(8,NULL,NULL,_binary '\0','Availability','RESTAURANT-SERVICE','restaurant-service','2022-10-25 19:57:28',0.6908939014202171),(9,600,'delivery-proxy-1-service@192.168.1.18:58095',_binary '\0','AverageResponseTime','DELIVERY-PROXY-SERVICE','delivery-proxy-1-service','2022-10-25 19:57:28',232.9804167142857),(10,0.93,'delivery-proxy-1-service@192.168.1.18:58095',_binary '\0','Availability','DELIVERY-PROXY-SERVICE','delivery-proxy-1-service','2022-10-25 19:57:28',1),(11,NULL,NULL,_binary '\0','AverageResponseTime','DELIVERY-PROXY-SERVICE','delivery-proxy-1-service','2022-10-25 19:57:28',232.9804167142857),(12,NULL,NULL,_binary '\0','Availability','DELIVERY-PROXY-SERVICE','delivery-proxy-1-service','2022-10-25 19:57:28',1),(13,450,'ordering-service@192.168.1.18:61027',_binary '\0','AverageResponseTime','ORDERING-SERVICE','ordering-service','2022-10-25 19:57:28',800.6480916000002),(14,0.9,'ordering-service@192.168.1.18:61027',_binary '\0','Availability','ORDERING-SERVICE','ordering-service','2022-10-25 19:57:28',0.625),(15,450,'ordering-service@192.168.1.18:61009',_binary '\0','AverageResponseTime','ORDERING-SERVICE','ordering-service','2022-10-25 19:57:28',897.3305144444445),(16,0.9,'ordering-service@192.168.1.18:61009',_binary '\0','Availability','ORDERING-SERVICE','ordering-service','2022-10-25 19:57:28',0.8181818181818182),(17,NULL,NULL,_binary '\0','AverageResponseTime','ORDERING-SERVICE','ordering-service','2022-10-25 19:57:28',715.9928686814815),(18,NULL,NULL,_binary '\0','Availability','ORDERING-SERVICE','ordering-service','2022-10-25 19:57:28',0.781060606060606),(19,900,'payment-proxy-1-service@192.168.1.18:58090',_binary '\0','AverageResponseTime','PAYMENT-PROXY-SERVICE','payment-proxy-1-service','2022-10-25 19:57:29',226.90561928571427),(20,0.93,'payment-proxy-1-service@192.168.1.18:58090',_binary '\0','Availability','PAYMENT-PROXY-SERVICE','payment-proxy-1-service','2022-10-25 19:57:29',1),(21,NULL,NULL,_binary '\0','AverageResponseTime','PAYMENT-PROXY-SERVICE','payment-proxy-1-service','2022-10-25 19:57:29',226.90561928571427),(22,NULL,NULL,_binary '\0','Availability','PAYMENT-PROXY-SERVICE','payment-proxy-1-service','2022-10-25 19:57:29',1),(23,450,'ordering-service@192.168.1.18:58086',_binary '\0','AverageResponseTime','ORDERING-SERVICE','ordering-service','2022-10-25 19:57:34',134.95722925),(24,0.9,'ordering-service@192.168.1.18:58086',_binary '\0','Availability','ORDERING-SERVICE','ordering-service','2022-10-25 19:57:34',1),(25,NULL,NULL,_binary '\0','AverageResponseTime','ORDERING-SERVICE','ordering-service','2022-10-25 19:57:34',610.9786117648148),(26,NULL,NULL,_binary '\0','Availability','ORDERING-SERVICE','ordering-service','2022-10-25 19:57:34',0.8143939393939393),(27,80,'restaurant-service@192.168.1.18:60990',_binary '\0','AverageResponseTime','RESTAURANT-SERVICE','restaurant-service','2022-10-25 19:57:54',108.37485707142856),(28,0.9,'restaurant-service@192.168.1.18:60990',_binary '\0','Availability','RESTAURANT-SERVICE','restaurant-service','2022-10-25 19:57:54',0.7777777777777778),(29,80,'restaurant-service@192.168.1.18:60947',_binary '\0','AverageResponseTime','RESTAURANT-SERVICE','restaurant-service','2022-10-25 19:57:54',18.80625025),(30,0.9,'restaurant-service@192.168.1.18:60947',_binary '\0','Availability','RESTAURANT-SERVICE','restaurant-service','2022-10-25 19:57:54',0.2),(31,80,'restaurant-service@192.168.1.18:58085',_binary '\0','AverageResponseTime','RESTAURANT-SERVICE','restaurant-service','2022-10-25 19:57:54',10.797099959999999),(32,0.9,'restaurant-service@192.168.1.18:58085',_binary '\0','Availability','RESTAURANT-SERVICE','restaurant-service','2022-10-25 19:57:54',1),(33,NULL,NULL,_binary '\0','AverageResponseTime','RESTAURANT-SERVICE','restaurant-service','2022-10-25 19:57:54',45.99273576047619),(34,NULL,NULL,_binary '\0','Availability','RESTAURANT-SERVICE','restaurant-service','2022-10-25 19:57:54',0.6592592592592592),(35,600,'delivery-proxy-1-service@192.168.1.18:58095',_binary '\0','AverageResponseTime','DELIVERY-PROXY-SERVICE','delivery-proxy-1-service','2022-10-25 19:57:54',209.6748515714286),(36,0.93,'delivery-proxy-1-service@192.168.1.18:58095',_binary '\0','Availability','DELIVERY-PROXY-SERVICE','delivery-proxy-1-service','2022-10-25 19:57:54',1),(37,NULL,NULL,_binary '\0','AverageResponseTime','DELIVERY-PROXY-SERVICE','delivery-proxy-1-service','2022-10-25 19:57:54',209.6748515714286),(38,NULL,NULL,_binary '\0','Availability','DELIVERY-PROXY-SERVICE','delivery-proxy-1-service','2022-10-25 19:57:54',1),(39,450,'ordering-service@192.168.1.18:61027',_binary '\0','AverageResponseTime','ORDERING-SERVICE','ordering-service','2022-10-25 19:57:54',850.3009098333332),(40,0.9,'ordering-service@192.168.1.18:61027',_binary '\0','Availability','ORDERING-SERVICE','ordering-service','2022-10-25 19:57:54',0.6),(41,450,'ordering-service@192.168.1.18:61009',_binary '\0','AverageResponseTime','ORDERING-SERVICE','ordering-service','2022-10-25 19:57:54',823.3445725454548),(42,0.9,'ordering-service@192.168.1.18:61009',_binary '\0','Availability','ORDERING-SERVICE','ordering-service','2022-10-25 19:57:54',1),(43,NULL,NULL,_binary '\0','AverageResponseTime','ORDERING-SERVICE','ordering-service','2022-10-25 19:57:54',602.8675705429293),(44,NULL,NULL,_binary '\0','Availability','ORDERING-SERVICE','ordering-service','2022-10-25 19:57:54',0.8666666666666667),(45,900,'payment-proxy-1-service@192.168.1.18:58090',_binary '\0','AverageResponseTime','PAYMENT-PROXY-SERVICE','payment-proxy-1-service','2022-10-25 19:57:54',206.0192015),(46,0.93,'payment-proxy-1-service@192.168.1.18:58090',_binary '\0','Availability','PAYMENT-PROXY-SERVICE','payment-proxy-1-service','2022-10-25 19:57:54',1),(47,NULL,NULL,_binary '\0','AverageResponseTime','PAYMENT-PROXY-SERVICE','payment-proxy-1-service','2022-10-25 19:57:54',206.0192015),(48,NULL,NULL,_binary '\0','Availability','PAYMENT-PROXY-SERVICE','payment-proxy-1-service','2022-10-25 19:57:54',1),(49,450,'ordering-service@192.168.1.18:58086',_binary '\0','AverageResponseTime','ORDERING-SERVICE','ordering-service','2022-10-25 19:57:59',120.017213111111),(50,0.9,'ordering-service@192.168.1.18:58086',_binary '\0','Availability','ORDERING-SERVICE','ordering-service','2022-10-25 19:57:59',1),(51,NULL,NULL,_binary '\0','AverageResponseTime','ORDERING-SERVICE','ordering-service','2022-10-25 19:57:59',597.8875651632997),(52,NULL,NULL,_binary '\0','Availability','ORDERING-SERVICE','ordering-service','2022-10-25 19:57:59',0.8666666666666667),(53,80,'restaurant-service@192.168.1.18:60990',_binary '\0','AverageResponseTime','RESTAURANT-SERVICE','restaurant-service','2022-10-25 19:58:20',103.96964222727273),(54,0.9,'restaurant-service@192.168.1.18:60990',_binary '\0','Availability','RESTAURANT-SERVICE','restaurant-service','2022-10-25 19:58:20',0.8461538461538461),(55,80,'restaurant-service@192.168.1.18:60947',_binary '\0','AverageResponseTime','RESTAURANT-SERVICE','restaurant-service','2022-10-25 19:58:20',37.104768000000014),(56,0.9,'restaurant-service@192.168.1.18:60947',_binary '\0','Availability','RESTAURANT-SERVICE','restaurant-service','2022-10-25 19:58:20',0.4117647058823529),(57,80,'restaurant-service@192.168.1.18:58085',_binary '\0','AverageResponseTime','RESTAURANT-SERVICE','restaurant-service','2022-10-25 19:58:20',10.522380000000005),(58,0.9,'restaurant-service@192.168.1.18:58085',_binary '\0','Availability','RESTAURANT-SERVICE','restaurant-service','2022-10-25 19:58:20',1),(59,NULL,NULL,_binary '\0','AverageResponseTime','RESTAURANT-SERVICE','restaurant-service','2022-10-25 19:58:20',50.53226340909091),(60,NULL,NULL,_binary '\0','Availability','RESTAURANT-SERVICE','restaurant-service','2022-10-25 19:58:20',0.7526395173453997),(61,600,'delivery-proxy-1-service@192.168.1.18:58095',_binary '\0','AverageResponseTime','DELIVERY-PROXY-SERVICE','delivery-proxy-1-service','2022-10-25 19:58:20',202.97417899999982),(62,0.93,'delivery-proxy-1-service@192.168.1.18:58095',_binary '\0','Availability','DELIVERY-PROXY-SERVICE','delivery-proxy-1-service','2022-10-25 19:58:20',1),(63,NULL,NULL,_binary '\0','AverageResponseTime','DELIVERY-PROXY-SERVICE','delivery-proxy-1-service','2022-10-25 19:58:20',202.97417899999982),(64,NULL,NULL,_binary '\0','Availability','DELIVERY-PROXY-SERVICE','delivery-proxy-1-service','2022-10-25 19:58:20',1),(65,450,'ordering-service@192.168.1.18:61027',_binary '\0','AverageResponseTime','ORDERING-SERVICE','ordering-service','2022-10-25 19:58:20',456.29426270000005),(66,0.9,'ordering-service@192.168.1.18:61027',_binary '\0','Availability','ORDERING-SERVICE','ordering-service','2022-10-25 19:58:20',0.8333333333333334),(67,450,'ordering-service@192.168.1.18:61009',_binary '\0','AverageResponseTime','ORDERING-SERVICE','ordering-service','2022-10-25 19:58:20',1274.8575143333337),(68,0.9,'ordering-service@192.168.1.18:61009',_binary '\0','Availability','ORDERING-SERVICE','ordering-service','2022-10-25 19:58:20',0.6),(69,NULL,NULL,_binary '\0','AverageResponseTime','ORDERING-SERVICE','ordering-service','2022-10-25 19:58:20',617.0563300481482),(70,NULL,NULL,_binary '\0','Availability','ORDERING-SERVICE','ordering-service','2022-10-25 19:58:20',0.8111111111111111),(71,900,'payment-proxy-1-service@192.168.1.18:58090',_binary '\0','AverageResponseTime','PAYMENT-PROXY-SERVICE','payment-proxy-1-service','2022-10-25 19:58:20',219.84654200000008),(72,0.93,'payment-proxy-1-service@192.168.1.18:58090',_binary '\0','Availability','PAYMENT-PROXY-SERVICE','payment-proxy-1-service','2022-10-25 19:58:20',1),(73,NULL,NULL,_binary '\0','AverageResponseTime','PAYMENT-PROXY-SERVICE','payment-proxy-1-service','2022-10-25 19:58:20',219.84654200000008),(74,NULL,NULL,_binary '\0','Availability','PAYMENT-PROXY-SERVICE','payment-proxy-1-service','2022-10-25 19:58:20',1),(75,295.10299737500003,'ordering-service@192.168.1.18:58086',_binary '\0','AverageResponseTime','ORDERING-SERVICE','ordering-service','2022-10-25 19:58:35',165.64354188888896),(76,0.9500000000000001,'ordering-service@192.168.1.18:58086',_binary '\0','Availability','ORDERING-SERVICE','ordering-service','2022-10-25 19:58:35',1),(77,629.5080087513469,NULL,_binary '\0','AverageResponseTime','ORDERING-SERVICE','ordering-service','2022-10-25 19:58:35',632.2651063074076),(78,0.8251683501683501,NULL,_binary '\0','Availability','ORDERING-SERVICE','ordering-service','2022-10-25 19:58:35',0.8111111111111111),(79,80,'restaurant-service@192.168.1.18:60990',_binary '\0','AverageResponseTime','RESTAURANT-SERVICE','restaurant-service','2022-10-25 19:58:40',95.83610593333334),(80,0.9,'restaurant-service@192.168.1.18:60990',_binary '\0','Availability','RESTAURANT-SERVICE','restaurant-service','2022-10-25 19:58:40',0.9375),(81,80,'restaurant-service@192.168.1.18:60947',_binary '\0','AverageResponseTime','RESTAURANT-SERVICE','restaurant-service','2022-10-25 19:58:40',39.99023600000001),(82,0.9,'restaurant-service@192.168.1.18:60947',_binary '\0','Availability','RESTAURANT-SERVICE','restaurant-service','2022-10-25 19:58:40',0.375),(83,80,'restaurant-service@192.168.1.18:58085',_binary '\0','AverageResponseTime','RESTAURANT-SERVICE','restaurant-service','2022-10-25 19:58:40',9.79394876923077),(84,0.9,'restaurant-service@192.168.1.18:58085',_binary '\0','Availability','RESTAURANT-SERVICE','restaurant-service','2022-10-25 19:58:40',1),(85,NULL,NULL,_binary '\0','AverageResponseTime','RESTAURANT-SERVICE','restaurant-service','2022-10-25 19:58:40',48.54009690085471),(86,NULL,NULL,_binary '\0','Availability','RESTAURANT-SERVICE','restaurant-service','2022-10-25 19:58:40',0.7708333333333333),(87,600,'delivery-proxy-1-service@192.168.1.18:58095',_binary '\0','AverageResponseTime','DELIVERY-PROXY-SERVICE','delivery-proxy-1-service','2022-10-25 19:58:40',256.4913811428574),(88,0.93,'delivery-proxy-1-service@192.168.1.18:58095',_binary '\0','Availability','DELIVERY-PROXY-SERVICE','delivery-proxy-1-service','2022-10-25 19:58:40',1),(89,NULL,NULL,_binary '\0','AverageResponseTime','DELIVERY-PROXY-SERVICE','delivery-proxy-1-service','2022-10-25 19:58:40',256.4913811428574),(90,NULL,NULL,_binary '\0','Availability','DELIVERY-PROXY-SERVICE','delivery-proxy-1-service','2022-10-25 19:58:40',1),(91,712.0133530435186,'ordering-service@192.168.1.18:61027',_binary '\0','AverageResponseTime','ORDERING-SERVICE','ordering-service','2022-10-25 19:58:40',1012.42243275),(92,0.7555555555555555,'ordering-service@192.168.1.18:61027',_binary '\0','Availability','ORDERING-SERVICE','ordering-service','2022-10-25 19:58:40',0.8888888888888888),(93,646.4493911362234,NULL,_binary '\0','AverageResponseTime','ORDERING-SERVICE','ordering-service','2022-10-25 19:58:40',817.6411629907409),(94,0.8332631874298541,NULL,_binary '\0','Availability','ORDERING-SERVICE','ordering-service','2022-10-25 19:58:40',0.8296296296296295),(95,900,'payment-proxy-1-service@192.168.1.18:58090',_binary '\0','AverageResponseTime','PAYMENT-PROXY-SERVICE','payment-proxy-1-service','2022-10-25 19:58:40',247.21588100000008),(96,0.93,'payment-proxy-1-service@192.168.1.18:58090',_binary '\0','Availability','PAYMENT-PROXY-SERVICE','payment-proxy-1-service','2022-10-25 19:58:40',1),(97,NULL,NULL,_binary '\0','AverageResponseTime','PAYMENT-PROXY-SERVICE','payment-proxy-1-service','2022-10-25 19:58:40',247.21588100000008),(98,NULL,NULL,_binary '\0','Availability','PAYMENT-PROXY-SERVICE','payment-proxy-1-service','2022-10-25 19:58:40',1),(99,988.8222669234009,'ordering-service@192.168.1.18:61009',_binary '\0','AverageResponseTime','ORDERING-SERVICE','ordering-service','2022-10-25 19:58:45',1214.6346995555557),(100,0.8462121212121212,'ordering-service@192.168.1.18:61009',_binary '\0','Availability','ORDERING-SERVICE','ordering-service','2022-10-25 19:58:45',1),(101,677.5474377417789,NULL,_binary '\0','AverageResponseTime','ORDERING-SERVICE','ordering-service','2022-10-25 19:58:45',797.5668913981482),(102,0.8580246913580246,NULL,_binary '\0','Availability','ORDERING-SERVICE','ordering-service','2022-10-25 19:58:45',0.9629629629629628),(103,150.00555697708333,'ordering-service@192.168.1.18:58086',_binary '\0','AverageResponseTime','ORDERING-SERVICE','ordering-service','2022-10-25 19:59:01',121.55486679999999),(104,0.9482142857142858,'ordering-service@192.168.1.18:58086',_binary '\0','Availability','ORDERING-SERVICE','ordering-service','2022-10-25 19:59:01',0.7142857142857143),(105,707.5479537127104,NULL,_binary '\0','AverageResponseTime','ORDERING-SERVICE','ordering-service','2022-10-25 19:59:01',782.8706663685185),(106,0.8582010582010581,NULL,_binary '\0','Availability','ORDERING-SERVICE','ordering-service','2022-10-25 19:59:01',0.8677248677248677),(107,80,'restaurant-service@192.168.1.18:60990',_binary '\0','AverageResponseTime','RESTAURANT-SERVICE','restaurant-service','2022-10-25 19:59:06',97.9852750666667),(108,0.9,'restaurant-service@192.168.1.18:60990',_binary '\0','Availability','RESTAURANT-SERVICE','restaurant-service','2022-10-25 19:59:06',0.8333333333333334),(109,80,'restaurant-service@192.168.1.18:60947',_binary '\0','AverageResponseTime','RESTAURANT-SERVICE','restaurant-service','2022-10-25 19:59:06',47.71620833333332),(110,0.9,'restaurant-service@192.168.1.18:60947',_binary '\0','Availability','RESTAURANT-SERVICE','restaurant-service','2022-10-25 19:59:06',0.46153846153846156),(111,80,'restaurant-service@192.168.1.18:58085',_binary '\0','AverageResponseTime','RESTAURANT-SERVICE','restaurant-service','2022-10-25 19:59:06',8.925456285714294),(112,0.9,'restaurant-service@192.168.1.18:58085',_binary '\0','Availability','RESTAURANT-SERVICE','restaurant-service','2022-10-25 19:59:06',1),(113,NULL,NULL,_binary '\0','AverageResponseTime','RESTAURANT-SERVICE','restaurant-service','2022-10-25 19:59:06',51.54231322857143),(114,NULL,NULL,_binary '\0','Availability','RESTAURANT-SERVICE','restaurant-service','2022-10-25 19:59:06',0.7649572649572649),(115,600,'delivery-proxy-1-service@192.168.1.18:58095',_binary '\0','AverageResponseTime','DELIVERY-PROXY-SERVICE','delivery-proxy-1-service','2022-10-25 19:59:06',202.59941233333322),(116,0.93,'delivery-proxy-1-service@192.168.1.18:58095',_binary '\0','Availability','DELIVERY-PROXY-SERVICE','delivery-proxy-1-service','2022-10-25 19:59:06',1),(117,NULL,NULL,_binary '\0','AverageResponseTime','DELIVERY-PROXY-SERVICE','delivery-proxy-1-service','2022-10-25 19:59:06',202.59941233333322),(118,NULL,NULL,_binary '\0','Availability','DELIVERY-PROXY-SERVICE','delivery-proxy-1-service','2022-10-25 19:59:06',1),(119,782.8987652601094,'ordering-service@192.168.1.18:61027',_binary '\0','AverageResponseTime','ORDERING-SERVICE','ordering-service','2022-10-25 19:59:06',805.3552561428571),(120,0.7810185185185184,'ordering-service@192.168.1.18:61027',_binary '\0','Availability','ORDERING-SERVICE','ordering-service','2022-10-25 19:59:06',1),(121,726.8747385465168,NULL,_binary '\0','AverageResponseTime','ORDERING-SERVICE','ordering-service','2022-10-25 19:59:06',713.8482741661376),(122,0.8645502645502644,NULL,_binary '\0','Availability','ORDERING-SERVICE','ordering-service','2022-10-25 19:59:06',0.9047619047619047),(123,900,'payment-proxy-1-service@192.168.1.18:58090',_binary '\0','AverageResponseTime','PAYMENT-PROXY-SERVICE','payment-proxy-1-service','2022-10-25 19:59:06',207.04009722222247),(124,0.93,'payment-proxy-1-service@192.168.1.18:58090',_binary '\0','Availability','PAYMENT-PROXY-SERVICE','payment-proxy-1-service','2022-10-25 19:59:06',1),(125,NULL,NULL,_binary '\0','AverageResponseTime','PAYMENT-PROXY-SERVICE','payment-proxy-1-service','2022-10-25 19:59:06',207.04009722222247),(126,NULL,NULL,_binary '\0','Availability','PAYMENT-PROXY-SERVICE','payment-proxy-1-service','2022-10-25 19:59:06',1),(127,1088.0585522127792,'ordering-service@192.168.1.18:61009',_binary '\0','AverageResponseTime','ORDERING-SERVICE','ordering-service','2022-10-25 19:59:11',1272.7221381000004),(128,0.8634820426487093,'ordering-service@192.168.1.18:61009',_binary '\0','Availability','ORDERING-SERVICE','ordering-service','2022-10-25 19:59:11',0.9090909090909091),(129,746.2338091519841,NULL,_binary '\0','AverageResponseTime','ORDERING-SERVICE','ordering-service','2022-10-25 19:59:11',733.2107536809525),(130,0.8751082251082251,NULL,_binary '\0','Availability','ORDERING-SERVICE','ordering-service','2022-10-25 19:59:11',0.8744588744588744),(131,140.58118919637047,'ordering-service@192.168.1.18:58086',_binary '\0','AverageResponseTime','ORDERING-SERVICE','ordering-service','2022-10-25 19:59:21',164.16414423076918),(132,0.940839947089947,'ordering-service@192.168.1.18:58086',_binary '\0','Availability','ORDERING-SERVICE','ordering-service','2022-10-25 19:59:21',1),(133,765.425265793729,NULL,_binary '\0','AverageResponseTime','ORDERING-SERVICE','ordering-service','2022-10-25 19:59:21',747.4138461578756),(134,0.9015392015392014,NULL,_binary '\0','Availability','ORDERING-SERVICE','ordering-service','2022-10-25 19:59:21',0.9696969696969696),(135,97.92547443213648,'restaurant-service@192.168.1.18:60990',_binary '\0','AverageResponseTime','RESTAURANT-SERVICE','restaurant-service','2022-10-25 19:59:26',84.94850299999996),(136,0.8379696964255787,'restaurant-service@192.168.1.18:60990',_binary '\0','Availability','RESTAURANT-SERVICE','restaurant-service','2022-10-25 19:59:26',0.8235294117647058),(137,38.804327130555556,'restaurant-service@192.168.1.18:60947',_binary '\0','AverageResponseTime','RESTAURANT-SERVICE','restaurant-service','2022-10-25 19:59:26',37.58865039999999),(138,0.34476731988341897,'restaurant-service@192.168.1.18:60947',_binary '\0','Availability','RESTAURANT-SERVICE','restaurant-service','2022-10-25 19:59:26',0.35714285714285715),(139,10.34231994807908,'restaurant-service@192.168.1.18:58085',_binary '\0','AverageResponseTime','RESTAURANT-SERVICE','restaurant-service','2022-10-25 19:59:26',10.330688823529409),(140,1,'restaurant-service@192.168.1.18:58085',_binary '\0','Availability','RESTAURANT-SERVICE','restaurant-service','2022-10-25 19:59:26',1),(141,49.02404050359038,NULL,_binary '\0','AverageResponseTime','RESTAURANT-SERVICE','restaurant-service','2022-10-25 19:59:26',44.28928074117645),(142,0.7275790054363326,NULL,_binary '\0','Availability','RESTAURANT-SERVICE','restaurant-service','2022-10-25 19:59:26',0.7268907563025209),(143,218.86096974603183,'delivery-proxy-1-service@192.168.1.18:58095',_binary '\0','AverageResponseTime','DELIVERY-PROXY-SERVICE','delivery-proxy-1-service','2022-10-25 19:59:26',208.44557771428612),(144,1,'delivery-proxy-1-service@192.168.1.18:58095',_binary '\0','Availability','DELIVERY-PROXY-SERVICE','delivery-proxy-1-service','2022-10-25 19:59:26',1),(145,218.86096974603183,NULL,_binary '\0','AverageResponseTime','DELIVERY-PROXY-SERVICE','delivery-proxy-1-service','2022-10-25 19:59:26',208.44557771428612),(146,1,NULL,_binary '\0','Availability','DELIVERY-PROXY-SERVICE','delivery-proxy-1-service','2022-10-25 19:59:26',1),(147,723.1396922376985,'ordering-service@192.168.1.18:61027',_binary '\0','AverageResponseTime','ORDERING-SERVICE','ordering-service','2022-10-25 19:59:26',413.8172004),(148,0.7967592592592593,'ordering-service@192.168.1.18:61027',_binary '\0','Availability','ORDERING-SERVICE','ordering-service','2022-10-25 19:59:26',0.8333333333333334),(149,731.9685987803149,NULL,_binary '\0','AverageResponseTime','ORDERING-SERVICE','ordering-service','2022-10-25 19:59:26',616.9011609102565),(150,0.9156244989578322,NULL,_binary '\0','Availability','ORDERING-SERVICE','ordering-service','2022-10-25 19:59:26',0.9141414141414141),(151,218.25093385846563,'payment-proxy-1-service@192.168.1.18:58090',_binary '\0','AverageResponseTime','PAYMENT-PROXY-SERVICE','payment-proxy-1-service','2022-10-25 19:59:26',202.47826214285695),(152,1,'payment-proxy-1-service@192.168.1.18:58090',_binary '\0','Availability','PAYMENT-PROXY-SERVICE','payment-proxy-1-service','2022-10-25 19:59:26',1),(153,218.25093385846563,NULL,_binary '\0','AverageResponseTime','PAYMENT-PROXY-SERVICE','payment-proxy-1-service','2022-10-25 19:59:26',202.47826214285695),(154,1,NULL,_binary '\0','Availability','PAYMENT-PROXY-SERVICE','payment-proxy-1-service','2022-10-25 19:59:26',1),(155,1100.5387697631315,'ordering-service@192.168.1.18:61009',_binary '\0','AverageResponseTime','ORDERING-SERVICE','ordering-service','2022-10-25 19:59:37',1120.3431795999998),(156,0.8878787878787878,'ordering-service@192.168.1.18:61009',_binary '\0','Availability','ORDERING-SERVICE','ordering-service','2022-10-25 19:59:37',1),(157,693.392146004555,NULL,_binary '\0','AverageResponseTime','ORDERING-SERVICE','ordering-service','2022-10-25 19:59:37',566.1081747435896),(158,0.9125380792047458,NULL,_binary '\0','Availability','ORDERING-SERVICE','ordering-service','2022-10-25 19:59:37',0.9444444444444444),(159,143.7070596801282,'ordering-service@192.168.1.18:58086',_binary '\0','AverageResponseTime','ORDERING-SERVICE','ordering-service','2022-10-25 19:59:47',155.90536280000012),(160,0.9523809523809524,'ordering-service@192.168.1.18:58086',_binary '\0','Availability','ORDERING-SERVICE','ordering-service','2022-10-25 19:59:47',1),(161,656.8062428764687,NULL,_binary '\0','AverageResponseTime','ORDERING-SERVICE','ordering-service','2022-10-25 19:59:47',563.3552476),(162,0.9253246753246752,NULL,_binary '\0','Availability','ORDERING-SERVICE','ordering-service','2022-10-25 19:59:47',0.9444444444444444),(163,98.26132289292082,'restaurant-service@192.168.1.18:60990',_binary '\0','AverageResponseTime','RESTAURANT-SERVICE','restaurant-service','2022-10-25 19:59:52',98.45355405882356),(164,0.8447157281716106,'restaurant-service@192.168.1.18:60990',_binary '\0','Availability','RESTAURANT-SERVICE','restaurant-service','2022-10-25 19:59:52',0.85),(165,9.961710991597597,'restaurant-service@192.168.1.18:58085',_binary '\0','AverageResponseTime','RESTAURANT-SERVICE','restaurant-service','2022-10-25 19:59:52',9.400692111111109),(166,1,'restaurant-service@192.168.1.18:58085',_binary '\0','Availability','RESTAURANT-SERVICE','restaurant-service','2022-10-25 19:59:52',1),(167,48.22960926058021,NULL,_binary '\0','AverageResponseTime','RESTAURANT-SERVICE','restaurant-service','2022-10-25 19:59:52',48.48096552331155),(168,0.7350490694853439,NULL,_binary '\0','Availability','RESTAURANT-SERVICE','restaurant-service','2022-10-25 19:59:52',0.7357142857142858),(169,214.34202354365087,'delivery-proxy-1-service@192.168.1.18:58095',_binary '\0','AverageResponseTime','DELIVERY-PROXY-SERVICE','delivery-proxy-1-service','2022-10-25 19:59:52',205.8667395),(170,1,'delivery-proxy-1-service@192.168.1.18:58095',_binary '\0','Availability','DELIVERY-PROXY-SERVICE','delivery-proxy-1-service','2022-10-25 19:59:52',1),(171,214.34202354365087,NULL,_binary '\0','AverageResponseTime','DELIVERY-PROXY-SERVICE','delivery-proxy-1-service','2022-10-25 19:59:52',205.8667395),(172,1,NULL,_binary '\0','Availability','DELIVERY-PROXY-SERVICE','delivery-proxy-1-service','2022-10-25 19:59:52',1),(173,767.5830856099207,'ordering-service@192.168.1.18:61027',_binary '\0','AverageResponseTime','ORDERING-SERVICE','ordering-service','2022-10-25 19:59:52',1067.3084518333337),(174,0.8592592592592593,'ordering-service@192.168.1.18:61027',_binary '\0','Availability','ORDERING-SERVICE','ordering-service','2022-10-25 19:59:52',1),(175,668.0291413061865,NULL,_binary '\0','AverageResponseTime','ORDERING-SERVICE','ordering-service','2022-10-25 19:59:52',781.1856647444445),(176,0.9411976911976913,NULL,_binary '\0','Availability','ORDERING-SERVICE','ordering-service','2022-10-25 19:59:52',1),(177,215.2753749358466,'payment-proxy-1-service@192.168.1.18:58090',_binary '\0','AverageResponseTime','PAYMENT-PROXY-SERVICE','payment-proxy-1-service','2022-10-25 19:59:52',209.05226575000006),(178,1,'payment-proxy-1-service@192.168.1.18:58090',_binary '\0','Availability','PAYMENT-PROXY-SERVICE','payment-proxy-1-service','2022-10-25 19:59:52',1),(179,215.2753749358466,NULL,_binary '\0','AverageResponseTime','PAYMENT-PROXY-SERVICE','payment-proxy-1-service','2022-10-25 19:59:52',209.05226575000006),(180,1,NULL,_binary '\0','Availability','PAYMENT-PROXY-SERVICE','payment-proxy-1-service','2022-10-25 19:59:52',1),(181,37.99909174722223,'restaurant-service@192.168.1.18:60947',_binary '\0','AverageResponseTime','RESTAURANT-SERVICE','restaurant-service','2022-10-25 19:59:57',46.78843750000002),(182,0.363407670760612,'restaurant-service@192.168.1.18:60947',_binary '\0','Availability','RESTAURANT-SERVICE','restaurant-service','2022-10-25 19:59:57',0.375),(183,49.155413504386104,NULL,_binary '\0','AverageResponseTime','RESTAURANT-SERVICE','restaurant-service','2022-10-25 19:59:57',51.54756122331156),(184,0.7487836373865786,NULL,_binary '\0','Availability','RESTAURANT-SERVICE','restaurant-service','2022-10-25 19:59:57',0.7416666666666667);
/*!40000 ALTER TABLE `qosvalue_entity` ENABLE KEYS */;
UNLOCK TABLES;

--
-- Table structure for table `service_configuration`
--

DROP TABLE IF EXISTS `service_configuration`;
/*!40101 SET @saved_cs_client     = @@character_set_client */;
/*!50503 SET character_set_client = utf8mb4 */;
CREATE TABLE `service_configuration` (
  `service_id` varchar(255) NOT NULL,
  `timestamp` datetime NOT NULL,
  `load_balancer_type` int DEFAULT NULL,
  PRIMARY KEY (`service_id`,`timestamp`)
) ENGINE=InnoDB DEFAULT CHARSET=utf8mb4 COLLATE=utf8mb4_0900_ai_ci;
/*!40101 SET character_set_client = @saved_cs_client */;

--
-- Dumping data for table `service_configuration`
--

LOCK TABLES `service_configuration` WRITE;
/*!40000 ALTER TABLE `service_configuration` DISABLE KEYS */;
INSERT INTO `service_configuration` VALUES ('DELIVERY-PROXY-SERVICE','2022-10-25 19:50:23',NULL),('ORDERING-SERVICE','2022-10-25 19:50:21',NULL),('PAYMENT-PROXY-SERVICE','2022-10-25 19:50:22',NULL),('RESTAURANT-SERVICE','2022-10-25 19:50:19',NULL);
/*!40000 ALTER TABLE `service_configuration` ENABLE KEYS */;
UNLOCK TABLES;

--
-- Table structure for table `service_configuration_circuit_breakers_configuration`
--

DROP TABLE IF EXISTS `service_configuration_circuit_breakers_configuration`;
/*!40101 SET @saved_cs_client     = @@character_set_client */;
/*!50503 SET character_set_client = utf8mb4 */;
CREATE TABLE `service_configuration_circuit_breakers_configuration` (
  `service_configuration_service_id` varchar(255) NOT NULL,
  `service_configuration_timestamp` datetime NOT NULL,
  `circuit_breaker_name` varchar(255) DEFAULT NULL,
  `event_consumer_buffer_size` int DEFAULT NULL,
  `failure_rate_threshold` int DEFAULT NULL,
  `minimum_number_of_calls` int DEFAULT NULL,
  `permitted_number_of_calls_in_half_open_state` int DEFAULT NULL,
  `register_health_indicator` bit(1) DEFAULT NULL,
  `sliding_window_size` int DEFAULT NULL,
  `sliding_window_type` varchar(255) DEFAULT NULL,
  `slow_call_duration_threshold` int DEFAULT NULL,
  `slow_call_rate_threshold` int DEFAULT NULL,
  `wait_duration_in_open_state` int DEFAULT NULL,
  `circuit_breakers_configuration_key` varchar(255) NOT NULL,
  PRIMARY KEY (`service_configuration_service_id`,`service_configuration_timestamp`,`circuit_breakers_configuration_key`),
  CONSTRAINT `FK2svucrxx3joi03x4yqqsi6idv` FOREIGN KEY (`service_configuration_service_id`, `service_configuration_timestamp`) REFERENCES `service_configuration` (`service_id`, `timestamp`)
) ENGINE=InnoDB DEFAULT CHARSET=utf8mb4 COLLATE=utf8mb4_0900_ai_ci;
/*!40101 SET character_set_client = @saved_cs_client */;

--
-- Dumping data for table `service_configuration_circuit_breakers_configuration`
--

LOCK TABLES `service_configuration_circuit_breakers_configuration` WRITE;
/*!40000 ALTER TABLE `service_configuration_circuit_breakers_configuration` DISABLE KEYS */;
INSERT INTO `service_configuration_circuit_breakers_configuration` VALUES ('ORDERING-SERVICE','2022-10-25 19:50:21','delivery',1,95,5,1,_binary '',100,'COUNT_BASED',3000,95,90000,'delivery'),('ORDERING-SERVICE','2022-10-25 19:50:21','payment',1,95,5,1,_binary '',100,'COUNT_BASED',3000,95,90000,'payment');
/*!40000 ALTER TABLE `service_configuration_circuit_breakers_configuration` ENABLE KEYS */;
UNLOCK TABLES;

--
-- Table structure for table `service_configuration_load_balancer_weights`
--

DROP TABLE IF EXISTS `service_configuration_load_balancer_weights`;
/*!40101 SET @saved_cs_client     = @@character_set_client */;
/*!50503 SET character_set_client = utf8mb4 */;
CREATE TABLE `service_configuration_load_balancer_weights` (
  `service_configuration_service_id` varchar(255) NOT NULL,
  `service_configuration_timestamp` datetime NOT NULL,
  `load_balancer_weights` double DEFAULT NULL,
  `load_balancer_weights_key` varchar(255) NOT NULL,
  PRIMARY KEY (`service_configuration_service_id`,`service_configuration_timestamp`,`load_balancer_weights_key`),
  CONSTRAINT `FK2txfr4emkdege6rqxp7plxxb0` FOREIGN KEY (`service_configuration_service_id`, `service_configuration_timestamp`) REFERENCES `service_configuration` (`service_id`, `timestamp`)
) ENGINE=InnoDB DEFAULT CHARSET=utf8mb4 COLLATE=utf8mb4_0900_ai_ci;
/*!40101 SET character_set_client = @saved_cs_client */;

--
-- Dumping data for table `service_configuration_load_balancer_weights`
--

LOCK TABLES `service_configuration_load_balancer_weights` WRITE;
/*!40000 ALTER TABLE `service_configuration_load_balancer_weights` DISABLE KEYS */;
/*!40000 ALTER TABLE `service_configuration_load_balancer_weights` ENABLE KEYS */;
UNLOCK TABLES;

--
-- Table structure for table `shutdown_instance_option`
--

DROP TABLE IF EXISTS `shutdown_instance_option`;
/*!40101 SET @saved_cs_client     = @@character_set_client */;
/*!50503 SET character_set_client = utf8mb4 */;
CREATE TABLE `shutdown_instance_option` (
  `instance_to_shutdown_id` varchar(255) DEFAULT NULL,
  `id` bigint NOT NULL,
  PRIMARY KEY (`id`),
  CONSTRAINT `FKniajlam6loj0rtlgbq5hyhfwu` FOREIGN KEY (`id`) REFERENCES `adaptation_option` (`id`)
) ENGINE=InnoDB DEFAULT CHARSET=utf8mb4 COLLATE=utf8mb4_0900_ai_ci;
/*!40101 SET character_set_client = @saved_cs_client */;

--
-- Dumping data for table `shutdown_instance_option`
--

LOCK TABLES `shutdown_instance_option` WRITE;
/*!40000 ALTER TABLE `shutdown_instance_option` DISABLE KEYS */;
/*!40000 ALTER TABLE `shutdown_instance_option` ENABLE KEYS */;
UNLOCK TABLES;

--
-- Table structure for table `shutdown_instance_option_new_weights`
--

DROP TABLE IF EXISTS `shutdown_instance_option_new_weights`;
/*!40101 SET @saved_cs_client     = @@character_set_client */;
/*!50503 SET character_set_client = utf8mb4 */;
CREATE TABLE `shutdown_instance_option_new_weights` (
  `shutdown_instance_option_id` bigint NOT NULL,
  `new_weights` double DEFAULT NULL,
  `new_weights_key` varchar(255) NOT NULL,
  PRIMARY KEY (`shutdown_instance_option_id`,`new_weights_key`),
  CONSTRAINT `FKsn9y293g0idrgkahc0errhgjr` FOREIGN KEY (`shutdown_instance_option_id`) REFERENCES `shutdown_instance_option` (`id`)
) ENGINE=InnoDB DEFAULT CHARSET=utf8mb4 COLLATE=utf8mb4_0900_ai_ci;
/*!40101 SET character_set_client = @saved_cs_client */;

--
-- Dumping data for table `shutdown_instance_option_new_weights`
--

LOCK TABLES `shutdown_instance_option_new_weights` WRITE;
/*!40000 ALTER TABLE `shutdown_instance_option_new_weights` DISABLE KEYS */;
/*!40000 ALTER TABLE `shutdown_instance_option_new_weights` ENABLE KEYS */;
UNLOCK TABLES;
/*!40103 SET TIME_ZONE=@OLD_TIME_ZONE */;

/*!40101 SET SQL_MODE=@OLD_SQL_MODE */;
/*!40014 SET FOREIGN_KEY_CHECKS=@OLD_FOREIGN_KEY_CHECKS */;
/*!40014 SET UNIQUE_CHECKS=@OLD_UNIQUE_CHECKS */;
/*!40101 SET CHARACTER_SET_CLIENT=@OLD_CHARACTER_SET_CLIENT */;
/*!40101 SET CHARACTER_SET_RESULTS=@OLD_CHARACTER_SET_RESULTS */;
/*!40101 SET COLLATION_CONNECTION=@OLD_COLLATION_CONNECTION */;
/*!40111 SET SQL_NOTES=@OLD_SQL_NOTES */;

-- Dump completed on 2022-10-25 20:07:39
