-- MySQL dump 10.13  Distrib 8.0.25, for macos11 (x86_64)
--
-- Host: localhost    Database: knowledge
-- ------------------------------------------------------
-- Server version	8.0.25

/*!40101 SET @OLD_CHARACTER_SET_CLIENT=@@CHARACTER_SET_CLIENT */;
/*!40101 SET @OLD_CHARACTER_SET_RESULTS=@@CHARACTER_SET_RESULTS */;
/*!40101 SET @OLD_COLLATION_CONNECTION=@@COLLATION_CONNECTION */;
/*!50503 SET NAMES utf8mb4 */;
/*!40103 SET @OLD_TIME_ZONE=@@TIME_ZONE */;
/*!40103 SET TIME_ZONE='+00:00' */;
/*!40014 SET @OLD_UNIQUE_CHECKS=@@UNIQUE_CHECKS, UNIQUE_CHECKS=0 */;
/*!40014 SET @OLD_FOREIGN_KEY_CHECKS=@@FOREIGN_KEY_CHECKS, FOREIGN_KEY_CHECKS=0 */;
/*!40101 SET @OLD_SQL_MODE=@@SQL_MODE, SQL_MODE='NO_AUTO_VALUE_ON_ZERO' */;
/*!40111 SET @OLD_SQL_NOTES=@@SQL_NOTES, SQL_NOTES=0 */;

--
-- Table structure for table `adaptation_option`
--

DROP TABLE IF EXISTS `adaptation_option`;
/*!40101 SET @saved_cs_client     = @@character_set_client */;
/*!50503 SET character_set_client = utf8mb4 */;
CREATE TABLE `adaptation_option` (
  `discriminator` varchar(31) NOT NULL,
  `id` bigint NOT NULL AUTO_INCREMENT,
  `comment` varchar(255) DEFAULT NULL,
  `forced` bit(1) NOT NULL,
  `qos_goal` varchar(255) DEFAULT NULL,
  `service_id` varchar(255) DEFAULT NULL,
  `service_implementation_id` varchar(255) DEFAULT NULL,
  `timestamp` datetime DEFAULT NULL,
  PRIMARY KEY (`id`)
) ENGINE=InnoDB DEFAULT CHARSET=utf8mb4 COLLATE=utf8mb4_0900_ai_ci;
/*!40101 SET character_set_client = @saved_cs_client */;

--
-- Dumping data for table `adaptation_option`
--

LOCK TABLES `adaptation_option` WRITE;
/*!40000 ALTER TABLE `adaptation_option` DISABLE KEYS */;
/*!40000 ALTER TABLE `adaptation_option` ENABLE KEYS */;
UNLOCK TABLES;

--
-- Table structure for table `add_instance_option`
--

DROP TABLE IF EXISTS `add_instance_option`;
/*!40101 SET @saved_cs_client     = @@character_set_client */;
/*!50503 SET character_set_client = utf8mb4 */;
CREATE TABLE `add_instance_option` (
  `new_instance_weight` double DEFAULT NULL,
  `id` bigint NOT NULL,
  PRIMARY KEY (`id`),
  CONSTRAINT `FKfkm1mo3ho7pbjlamyyekimmix` FOREIGN KEY (`id`) REFERENCES `adaptation_option` (`id`)
) ENGINE=InnoDB DEFAULT CHARSET=utf8mb4 COLLATE=utf8mb4_0900_ai_ci;
/*!40101 SET character_set_client = @saved_cs_client */;

--
-- Dumping data for table `add_instance_option`
--

LOCK TABLES `add_instance_option` WRITE;
/*!40000 ALTER TABLE `add_instance_option` DISABLE KEYS */;
/*!40000 ALTER TABLE `add_instance_option` ENABLE KEYS */;
UNLOCK TABLES;

--
-- Table structure for table `add_instance_option_instances_to_shutdown_ids`
--

DROP TABLE IF EXISTS `add_instance_option_instances_to_shutdown_ids`;
/*!40101 SET @saved_cs_client     = @@character_set_client */;
/*!50503 SET character_set_client = utf8mb4 */;
CREATE TABLE `add_instance_option_instances_to_shutdown_ids` (
  `add_instance_option_id` bigint NOT NULL,
  `instances_to_shutdown_ids` varchar(255) DEFAULT NULL,
  KEY `FK69hh4pu4j3kgoaqrsihjee1m0` (`add_instance_option_id`),
  CONSTRAINT `FK69hh4pu4j3kgoaqrsihjee1m0` FOREIGN KEY (`add_instance_option_id`) REFERENCES `add_instance_option` (`id`)
) ENGINE=InnoDB DEFAULT CHARSET=utf8mb4 COLLATE=utf8mb4_0900_ai_ci;
/*!40101 SET character_set_client = @saved_cs_client */;

--
-- Dumping data for table `add_instance_option_instances_to_shutdown_ids`
--

LOCK TABLES `add_instance_option_instances_to_shutdown_ids` WRITE;
/*!40000 ALTER TABLE `add_instance_option_instances_to_shutdown_ids` DISABLE KEYS */;
/*!40000 ALTER TABLE `add_instance_option_instances_to_shutdown_ids` ENABLE KEYS */;
UNLOCK TABLES;

--
-- Table structure for table `add_instance_option_old_instances_new_weights`
--

DROP TABLE IF EXISTS `add_instance_option_old_instances_new_weights`;
/*!40101 SET @saved_cs_client     = @@character_set_client */;
/*!50503 SET character_set_client = utf8mb4 */;
CREATE TABLE `add_instance_option_old_instances_new_weights` (
  `add_instance_option_id` bigint NOT NULL,
  `old_instances_new_weights` double DEFAULT NULL,
  `old_instances_new_weights_key` varchar(255) NOT NULL,
  PRIMARY KEY (`add_instance_option_id`,`old_instances_new_weights_key`),
  CONSTRAINT `FKigwjx75jiwvmd4xclx8i02xv8` FOREIGN KEY (`add_instance_option_id`) REFERENCES `add_instance_option` (`id`)
) ENGINE=InnoDB DEFAULT CHARSET=utf8mb4 COLLATE=utf8mb4_0900_ai_ci;
/*!40101 SET character_set_client = @saved_cs_client */;

--
-- Dumping data for table `add_instance_option_old_instances_new_weights`
--

LOCK TABLES `add_instance_option_old_instances_new_weights` WRITE;
/*!40000 ALTER TABLE `add_instance_option_old_instances_new_weights` DISABLE KEYS */;
/*!40000 ALTER TABLE `add_instance_option_old_instances_new_weights` ENABLE KEYS */;
UNLOCK TABLES;

--
-- Table structure for table `change_implementation_option`
--

DROP TABLE IF EXISTS `change_implementation_option`;
/*!40101 SET @saved_cs_client     = @@character_set_client */;
/*!50503 SET character_set_client = utf8mb4 */;
CREATE TABLE `change_implementation_option` (
  `new_implementation_id` varchar(255) DEFAULT NULL,
  `number_of_instances` int NOT NULL,
  `id` bigint NOT NULL,
  PRIMARY KEY (`id`),
  CONSTRAINT `FKk4i58gqxb0cusfrpshcwe7von` FOREIGN KEY (`id`) REFERENCES `adaptation_option` (`id`)
) ENGINE=InnoDB DEFAULT CHARSET=utf8mb4 COLLATE=utf8mb4_0900_ai_ci;
/*!40101 SET character_set_client = @saved_cs_client */;

--
-- Dumping data for table `change_implementation_option`
--

LOCK TABLES `change_implementation_option` WRITE;
/*!40000 ALTER TABLE `change_implementation_option` DISABLE KEYS */;
/*!40000 ALTER TABLE `change_implementation_option` ENABLE KEYS */;
UNLOCK TABLES;

--
-- Table structure for table `change_implementation_option_possible_implementations`
--

DROP TABLE IF EXISTS `change_implementation_option_possible_implementations`;
/*!40101 SET @saved_cs_client     = @@character_set_client */;
/*!50503 SET character_set_client = utf8mb4 */;
CREATE TABLE `change_implementation_option_possible_implementations` (
  `change_implementation_option_id` bigint NOT NULL,
  `possible_implementations` varchar(255) DEFAULT NULL,
  KEY `FK7o801jvo91ng96pkai4p6etaf` (`change_implementation_option_id`),
  CONSTRAINT `FK7o801jvo91ng96pkai4p6etaf` FOREIGN KEY (`change_implementation_option_id`) REFERENCES `change_implementation_option` (`id`)
) ENGINE=InnoDB DEFAULT CHARSET=utf8mb4 COLLATE=utf8mb4_0900_ai_ci;
/*!40101 SET character_set_client = @saved_cs_client */;

--
-- Dumping data for table `change_implementation_option_possible_implementations`
--

LOCK TABLES `change_implementation_option_possible_implementations` WRITE;
/*!40000 ALTER TABLE `change_implementation_option_possible_implementations` DISABLE KEYS */;
/*!40000 ALTER TABLE `change_implementation_option_possible_implementations` ENABLE KEYS */;
UNLOCK TABLES;

--
-- Table structure for table `change_load_balancer_weights_option`
--

DROP TABLE IF EXISTS `change_load_balancer_weights_option`;
/*!40101 SET @saved_cs_client     = @@character_set_client */;
/*!50503 SET character_set_client = utf8mb4 */;
CREATE TABLE `change_load_balancer_weights_option` (
  `id` bigint NOT NULL,
  PRIMARY KEY (`id`),
  CONSTRAINT `FKwlpug9em00sm3qwueo050783` FOREIGN KEY (`id`) REFERENCES `adaptation_option` (`id`)
) ENGINE=InnoDB DEFAULT CHARSET=utf8mb4 COLLATE=utf8mb4_0900_ai_ci;
/*!40101 SET character_set_client = @saved_cs_client */;

--
-- Dumping data for table `change_load_balancer_weights_option`
--

LOCK TABLES `change_load_balancer_weights_option` WRITE;
/*!40000 ALTER TABLE `change_load_balancer_weights_option` DISABLE KEYS */;
/*!40000 ALTER TABLE `change_load_balancer_weights_option` ENABLE KEYS */;
UNLOCK TABLES;

--
-- Table structure for table `change_load_balancer_weights_option_instances_to_shutdown_ids`
--

DROP TABLE IF EXISTS `change_load_balancer_weights_option_instances_to_shutdown_ids`;
/*!40101 SET @saved_cs_client     = @@character_set_client */;
/*!50503 SET character_set_client = utf8mb4 */;
CREATE TABLE `change_load_balancer_weights_option_instances_to_shutdown_ids` (
  `change_load_balancer_weights_option_id` bigint NOT NULL,
  `instances_to_shutdown_ids` varchar(255) DEFAULT NULL,
  KEY `FKkgpb5r02f1wyu4tqr2e46v8m1` (`change_load_balancer_weights_option_id`),
  CONSTRAINT `FKkgpb5r02f1wyu4tqr2e46v8m1` FOREIGN KEY (`change_load_balancer_weights_option_id`) REFERENCES `change_load_balancer_weights_option` (`id`)
) ENGINE=InnoDB DEFAULT CHARSET=utf8mb4 COLLATE=utf8mb4_0900_ai_ci;
/*!40101 SET character_set_client = @saved_cs_client */;

--
-- Dumping data for table `change_load_balancer_weights_option_instances_to_shutdown_ids`
--

LOCK TABLES `change_load_balancer_weights_option_instances_to_shutdown_ids` WRITE;
/*!40000 ALTER TABLE `change_load_balancer_weights_option_instances_to_shutdown_ids` DISABLE KEYS */;
/*!40000 ALTER TABLE `change_load_balancer_weights_option_instances_to_shutdown_ids` ENABLE KEYS */;
UNLOCK TABLES;

--
-- Table structure for table `change_load_balancer_weights_option_new_weights`
--

DROP TABLE IF EXISTS `change_load_balancer_weights_option_new_weights`;
/*!40101 SET @saved_cs_client     = @@character_set_client */;
/*!50503 SET character_set_client = utf8mb4 */;
CREATE TABLE `change_load_balancer_weights_option_new_weights` (
  `change_load_balancer_weights_option_id` bigint NOT NULL,
  `new_weights` double DEFAULT NULL,
  `new_weights_key` varchar(255) NOT NULL,
  PRIMARY KEY (`change_load_balancer_weights_option_id`,`new_weights_key`),
  CONSTRAINT `FK70m1y06n1dknprpnj4x1tqa51` FOREIGN KEY (`change_load_balancer_weights_option_id`) REFERENCES `change_load_balancer_weights_option` (`id`)
) ENGINE=InnoDB DEFAULT CHARSET=utf8mb4 COLLATE=utf8mb4_0900_ai_ci;
/*!40101 SET character_set_client = @saved_cs_client */;

--
-- Dumping data for table `change_load_balancer_weights_option_new_weights`
--

LOCK TABLES `change_load_balancer_weights_option_new_weights` WRITE;
/*!40000 ALTER TABLE `change_load_balancer_weights_option_new_weights` DISABLE KEYS */;
/*!40000 ALTER TABLE `change_load_balancer_weights_option_new_weights` ENABLE KEYS */;
UNLOCK TABLES;

--
-- Table structure for table `circuit_breaker_metrics`
--

DROP TABLE IF EXISTS `circuit_breaker_metrics`;
/*!40101 SET @saved_cs_client     = @@character_set_client */;
/*!50503 SET character_set_client = utf8mb4 */;
CREATE TABLE `circuit_breaker_metrics` (
  `id` bigint NOT NULL AUTO_INCREMENT,
  `failure_rate` double NOT NULL,
  `name` varchar(255) DEFAULT NULL,
  `not_permitted_calls_count` int NOT NULL,
  `slow_call_rate` double NOT NULL,
  `state` int DEFAULT NULL,
  PRIMARY KEY (`id`)
) ENGINE=InnoDB AUTO_INCREMENT=81 DEFAULT CHARSET=utf8mb4 COLLATE=utf8mb4_0900_ai_ci;
/*!40101 SET character_set_client = @saved_cs_client */;

--
-- Dumping data for table `circuit_breaker_metrics`
--

LOCK TABLES `circuit_breaker_metrics` WRITE;
/*!40000 ALTER TABLE `circuit_breaker_metrics` DISABLE KEYS */;
INSERT INTO `circuit_breaker_metrics` VALUES (1,0,'delivery',0,0,0),(2,100,'payment',221,0,1),(3,0,'delivery',0,0,0),(4,100,'payment',832,0,1),(5,0,'delivery',0,0,0),(6,100,'payment',1481,0,1),(7,0,'delivery',0,0,0),(8,100,'payment',2164,0,1),(9,0,'delivery',0,0,0),(10,100,'payment',2812,0,1),(11,0,'delivery',0,0,0),(12,100,'payment',3513,0,1),(13,0,'delivery',0,0,0),(14,0,'payment',3818,0,0),(15,0,'delivery',0,0,0),(16,0,'payment',3818,0,0),(17,0,'delivery',0,0,0),(18,0,'payment',3818,0,0),(19,0,'delivery',0,0,0),(20,0,'payment',3818,0,0),(21,0,'delivery',0,0,0),(22,0,'payment',3818,0,0),(23,0,'delivery',0,0,0),(24,0,'payment',3818,0,0),(25,0,'delivery',0,0,0),(26,0,'payment',3818,0,0),(27,0,'delivery',0,0,0),(28,0,'payment',3818,0,0),(29,0,'delivery',0,0,0),(30,0,'payment',3818,0,0),(31,0,'delivery',0,0,0),(32,0,'payment',3818,0,0),(33,0,'delivery',0,0,0),(34,1,'payment',3818,0,0),(35,0,'delivery',0,0,0),(36,0,'payment',3818,0,0),(37,0,'delivery',0,0,0),(38,0,'payment',3818,0,0),(39,0,'delivery',0,0,0),(40,0,'payment',3818,0,0),(41,0,'delivery',0,0,0),(42,0,'payment',3818,0,0),(43,0,'delivery',0,0,0),(44,0,'payment',3818,0,0),(45,0,'delivery',0,0,0),(46,0,'payment',3818,0,0),(47,0,'delivery',0,0,0),(48,0,'payment',3818,0,0),(49,0,'delivery',0,0,0),(50,1,'payment',3818,0,0),(51,0,'delivery',0,0,0),(52,0,'payment',3818,0,0),(53,0,'delivery',0,0,0),(54,0,'payment',3818,0,0),(55,0,'delivery',0,0,0),(56,0,'payment',3818,0,0),(57,0,'delivery',0,0,0),(58,0,'payment',3818,0,0),(59,0,'delivery',0,0,0),(60,0,'payment',3818,0,0),(61,0,'delivery',0,0,0),(62,0,'payment',3818,0,0),(63,0,'delivery',0,0,0),(64,0,'payment',3818,0,0),(65,0,'delivery',0,0,0),(66,0,'payment',3818,0,0),(67,0,'delivery',0,0,0),(68,0,'payment',3818,0,0),(69,0,'delivery',0,0,0),(70,0,'payment',3818,0,0),(71,0,'delivery',0,0,0),(72,0,'payment',3818,0,0),(73,0,'delivery',0,0,0),(74,0,'payment',3818,0,0),(75,0,'delivery',0,0,0),(76,0,'payment',3818,0,0),(77,0,'delivery',0,0,0),(78,0,'payment',3818,0,0),(79,0,'delivery',0,0,0),(80,0,'payment',3818,0,0);
/*!40000 ALTER TABLE `circuit_breaker_metrics` ENABLE KEYS */;
UNLOCK TABLES;

--
-- Table structure for table `circuit_breaker_metrics_buffered_calls_count`
--

DROP TABLE IF EXISTS `circuit_breaker_metrics_buffered_calls_count`;
/*!40101 SET @saved_cs_client     = @@character_set_client */;
/*!50503 SET character_set_client = utf8mb4 */;
CREATE TABLE `circuit_breaker_metrics_buffered_calls_count` (
  `circuit_breaker_metrics_id` bigint NOT NULL,
  `buffered_calls_count` int DEFAULT NULL,
  `buffered_calls_count_key` int NOT NULL,
  PRIMARY KEY (`circuit_breaker_metrics_id`,`buffered_calls_count_key`),
  CONSTRAINT `FK6wapqu62vmx1753tihnqbhe7p` FOREIGN KEY (`circuit_breaker_metrics_id`) REFERENCES `circuit_breaker_metrics` (`id`)
) ENGINE=InnoDB DEFAULT CHARSET=utf8mb4 COLLATE=utf8mb4_0900_ai_ci;
/*!40101 SET character_set_client = @saved_cs_client */;

--
-- Dumping data for table `circuit_breaker_metrics_buffered_calls_count`
--

LOCK TABLES `circuit_breaker_metrics_buffered_calls_count` WRITE;
/*!40000 ALTER TABLE `circuit_breaker_metrics_buffered_calls_count` DISABLE KEYS */;
INSERT INTO `circuit_breaker_metrics_buffered_calls_count` VALUES (1,100,0),(1,0,1),(2,0,0),(2,28,1),(3,100,0),(3,0,1),(4,0,0),(4,28,1),(5,100,0),(5,0,1),(6,0,0),(6,28,1),(7,100,0),(7,0,1),(8,0,0),(8,28,1),(9,100,0),(9,0,1),(10,0,0),(10,28,1),(11,100,0),(11,0,1),(12,0,0),(12,28,1),(13,100,0),(13,0,1),(14,100,0),(14,0,1),(15,100,0),(15,0,1),(16,100,0),(16,0,1),(17,100,0),(17,0,1),(18,100,0),(18,0,1),(19,100,0),(19,0,1),(20,100,0),(20,0,1),(21,100,0),(21,0,1),(22,100,0),(22,0,1),(23,100,0),(23,0,1),(24,100,0),(24,0,1),(25,100,0),(25,0,1),(26,100,0),(26,0,1),(27,100,0),(27,0,1),(28,100,0),(28,0,1),(29,100,0),(29,0,1),(30,100,0),(30,0,1),(31,100,0),(31,0,1),(32,100,0),(32,0,1),(33,100,0),(33,0,1),(34,99,0),(34,1,1),(35,100,0),(35,0,1),(36,100,0),(36,0,1),(37,100,0),(37,0,1),(38,100,0),(38,0,1),(39,100,0),(39,0,1),(40,100,0),(40,0,1),(41,100,0),(41,0,1),(42,100,0),(42,0,1),(43,100,0),(43,0,1),(44,100,0),(44,0,1),(45,100,0),(45,0,1),(46,100,0),(46,0,1),(47,100,0),(47,0,1),(48,100,0),(48,0,1),(49,100,0),(49,0,1),(50,99,0),(50,1,1),(51,100,0),(51,0,1),(52,100,0),(52,0,1),(53,100,0),(53,0,1),(54,100,0),(54,0,1),(55,100,0),(55,0,1),(56,100,0),(56,0,1),(57,100,0),(57,0,1),(58,100,0),(58,0,1),(59,100,0),(59,0,1),(60,100,0),(60,0,1),(61,100,0),(61,0,1),(62,100,0),(62,0,1),(63,100,0),(63,0,1),(64,100,0),(64,0,1),(65,100,0),(65,0,1),(66,100,0),(66,0,1),(67,100,0),(67,0,1),(68,100,0),(68,0,1),(69,100,0),(69,0,1),(70,100,0),(70,0,1),(71,100,0),(71,0,1),(72,100,0),(72,0,1),(73,100,0),(73,0,1),(74,100,0),(74,0,1),(75,100,0),(75,0,1),(76,100,0),(76,0,1),(77,100,0),(77,0,1),(78,100,0),(78,0,1),(79,100,0),(79,0,1),(80,100,0),(80,0,1);
/*!40000 ALTER TABLE `circuit_breaker_metrics_buffered_calls_count` ENABLE KEYS */;
UNLOCK TABLES;

--
-- Table structure for table `circuit_breaker_metrics_call_count`
--

DROP TABLE IF EXISTS `circuit_breaker_metrics_call_count`;
/*!40101 SET @saved_cs_client     = @@character_set_client */;
/*!50503 SET character_set_client = utf8mb4 */;
CREATE TABLE `circuit_breaker_metrics_call_count` (
  `circuit_breaker_metrics_id` bigint NOT NULL,
  `call_count` int DEFAULT NULL,
  `call_count_key` int NOT NULL,
  PRIMARY KEY (`circuit_breaker_metrics_id`,`call_count_key`),
  CONSTRAINT `FK3jnw13bsyjjcsejmgvwcd9184` FOREIGN KEY (`circuit_breaker_metrics_id`) REFERENCES `circuit_breaker_metrics` (`id`)
) ENGINE=InnoDB DEFAULT CHARSET=utf8mb4 COLLATE=utf8mb4_0900_ai_ci;
/*!40101 SET character_set_client = @saved_cs_client */;

--
-- Dumping data for table `circuit_breaker_metrics_call_count`
--

LOCK TABLES `circuit_breaker_metrics_call_count` WRITE;
/*!40000 ALTER TABLE `circuit_breaker_metrics_call_count` DISABLE KEYS */;
INSERT INTO `circuit_breaker_metrics_call_count` VALUES (1,230,0),(1,0,1),(1,0,2),(2,0,0),(2,28,1),(2,0,2),(3,846,0),(3,0,1),(3,0,2),(4,0,0),(4,28,1),(4,0,2),(5,1488,0),(5,0,1),(5,0,2),(6,0,0),(6,28,1),(6,0,2),(7,2173,0),(7,0,1),(7,0,2),(8,0,0),(8,28,1),(8,0,2),(9,2821,0),(9,0,1),(9,0,2),(10,0,0),(10,28,1),(10,0,2),(11,3528,0),(11,0,1),(11,0,2),(12,0,0),(12,28,1),(12,0,2),(13,4019,0),(13,0,1),(13,0,2),(14,176,0),(14,28,1),(14,0,2),(15,4390,0),(15,1,1),(15,0,2),(16,548,0),(16,29,1),(16,0,2),(17,4767,0),(17,1,1),(17,0,2),(18,927,0),(18,29,1),(18,0,2),(19,5145,0),(19,1,1),(19,0,2),(20,1304,0),(20,29,1),(20,0,2),(21,5520,0),(21,1,1),(21,0,2),(22,1678,0),(22,30,1),(22,0,2),(23,5896,0),(23,1,1),(23,0,2),(24,2055,0),(24,30,1),(24,0,2),(25,6272,0),(25,1,1),(25,0,2),(26,2429,0),(26,30,1),(26,0,2),(27,6653,0),(27,1,1),(27,0,2),(28,2810,0),(28,30,1),(28,0,2),(29,7032,0),(29,1,1),(29,0,2),(30,3190,0),(30,30,1),(30,0,2),(31,7412,0),(31,3,1),(31,0,2),(32,3573,0),(32,30,1),(32,0,2),(33,7790,0),(33,3,1),(33,0,2),(34,3948,0),(34,31,1),(34,0,2),(35,8171,0),(35,3,1),(35,0,2),(36,4330,0),(36,32,1),(36,0,2),(37,8548,0),(37,3,1),(37,0,2),(38,4704,0),(38,32,1),(38,0,2),(39,8926,0),(39,3,1),(39,0,2),(40,5083,0),(40,32,1),(40,0,2),(41,9308,0),(41,3,1),(41,0,2),(42,5466,0),(42,32,1),(42,0,2),(43,9687,0),(43,3,1),(43,0,2),(44,5843,0),(44,32,1),(44,0,2),(45,10067,0),(45,3,1),(45,0,2),(46,6226,0),(46,32,1),(46,0,2),(47,10447,0),(47,3,1),(47,0,2),(48,6605,0),(48,32,1),(48,0,2),(49,10829,0),(49,3,1),(49,0,2),(50,6987,0),(50,33,1),(50,0,2),(51,11212,0),(51,3,1),(51,0,2),(52,7369,0),(52,33,1),(52,0,2),(53,11592,0),(53,3,1),(53,0,2),(54,7749,0),(54,33,1),(54,0,2),(55,11972,0),(55,3,1),(55,0,2),(56,8130,0),(56,33,1),(56,0,2),(57,12355,0),(57,3,1),(57,0,2),(58,8510,0),(58,34,1),(58,0,2),(59,12734,0),(59,3,1),(59,0,2),(60,8891,0),(60,34,1),(60,0,2),(61,13116,0),(61,3,1),(61,0,2),(62,9273,0),(62,34,1),(62,0,2),(63,13498,0),(63,3,1),(63,0,2),(64,9654,0),(64,34,1),(64,0,2),(65,13859,0),(65,3,1),(65,0,2),(66,10014,0),(66,34,1),(66,0,2),(67,14240,0),(67,3,1),(67,0,2),(68,10396,0),(68,34,1),(68,0,2),(69,14622,0),(69,3,1),(69,0,2),(70,10778,0),(70,34,1),(70,0,2),(71,15005,0),(71,3,1),(71,0,2),(72,11160,0),(72,34,1),(72,0,2),(73,15384,0),(73,3,1),(73,0,2),(74,11540,0),(74,34,1),(74,0,2),(75,15760,0),(75,3,1),(75,0,2),(76,11917,0),(76,34,1),(76,0,2),(77,16117,0),(77,3,1),(77,0,2),(78,12273,0),(78,34,1),(78,0,2),(79,16493,0),(79,3,1),(79,0,2),(80,12650,0),(80,34,1),(80,0,2);
/*!40000 ALTER TABLE `circuit_breaker_metrics_call_count` ENABLE KEYS */;
UNLOCK TABLES;

--
-- Table structure for table `circuit_breaker_metrics_call_duration`
--

DROP TABLE IF EXISTS `circuit_breaker_metrics_call_duration`;
/*!40101 SET @saved_cs_client     = @@character_set_client */;
/*!50503 SET character_set_client = utf8mb4 */;
CREATE TABLE `circuit_breaker_metrics_call_duration` (
  `circuit_breaker_metrics_id` bigint NOT NULL,
  `call_duration` double DEFAULT NULL,
  `call_duration_key` int NOT NULL,
  PRIMARY KEY (`circuit_breaker_metrics_id`,`call_duration_key`),
  CONSTRAINT `FKmqpvhxepbhlaw4fr30bw6lke` FOREIGN KEY (`circuit_breaker_metrics_id`) REFERENCES `circuit_breaker_metrics` (`id`)
) ENGINE=InnoDB DEFAULT CHARSET=utf8mb4 COLLATE=utf8mb4_0900_ai_ci;
/*!40101 SET character_set_client = @saved_cs_client */;

--
-- Dumping data for table `circuit_breaker_metrics_call_duration`
--

LOCK TABLES `circuit_breaker_metrics_call_duration` WRITE;
/*!40000 ALTER TABLE `circuit_breaker_metrics_call_duration` DISABLE KEYS */;
INSERT INTO `circuit_breaker_metrics_call_duration` VALUES (1,57.970153072,0),(1,0,1),(1,0,2),(2,0,0),(2,6.222166209,1),(2,0,2),(3,183.100932313,0),(3,0,1),(3,0,2),(4,0,0),(4,6.222166209,1),(4,0,2),(5,311.07816943,0),(5,0,1),(5,0,2),(6,0,0),(6,6.222166209,1),(6,0,2),(7,443.481543942,0),(7,0,1),(7,0,2),(8,0,0),(8,6.222166209,1),(8,0,2),(9,572.315019844,0),(9,0,1),(9,0,2),(10,0,0),(10,6.222166209,1),(10,0,2),(11,707.564108028,0),(11,0,1),(11,0,2),(12,0,0),(12,6.222166209,1),(12,0,2),(13,802.350958526,0),(13,0,1),(13,0,2),(14,120.657102689,0),(14,6.222166209,1),(14,0,2),(15,873.238485825,0),(15,0.097450375,1),(15,0,2),(16,351.067936458,0),(16,6.85659271,1),(16,0,2),(17,945.309449072,0),(17,0.097450375,1),(17,0,2),(18,584.206526274,0),(18,6.85659271,1),(18,0,2),(19,1017.599637598,0),(19,0.097450375,1),(19,0,2),(20,809.450628708,0),(20,6.85659271,1),(20,0,2),(21,1089.167236014,0),(21,0.097450375,1),(21,0,2),(22,1052.789400247,0),(22,7.101191544,1),(22,0,2),(23,1161.221008012,0),(23,0.097450375,1),(23,0,2),(24,1289.253948133,0),(24,7.101191544,1),(24,0,2),(25,1233.114800925,0),(25,0.097450375,1),(25,0,2),(26,1517.730966445,0),(26,7.101191544,1),(26,0,2),(27,1304.862241343,0),(27,0.097450375,1),(27,0,2),(28,1742.733517551,0),(28,7.101191544,1),(28,0,2),(29,1376.684377666,0),(29,0.097450375,1),(29,0,2),(30,1979.274770408,0),(30,7.101191544,1),(30,0,2),(31,1448.666430413,0),(31,0.412154042,1),(31,0,2),(32,2210.820075834,0),(32,7.101191544,1),(32,0,2),(33,1520.527984062,0),(33,0.412154042,1),(33,0,2),(34,2437.781167894,0),(34,7.345499377,1),(34,0,2),(35,1592.430687377,0),(35,0.412154042,1),(35,0,2),(36,2677.315555869,0),(36,8.067074211,1),(36,0,2),(37,1664.511188692,0),(37,0.412154042,1),(37,0,2),(38,2903.996139822,0),(38,8.067074211,1),(38,0,2),(39,1736.527957599,0),(39,0.412154042,1),(39,0,2),(40,3134.880195213,0),(40,8.067074211,1),(40,0,2),(41,1808.86555613,0),(41,0.412154042,1),(41,0,2),(42,3369.109424148,0),(42,8.067074211,1),(42,0,2),(43,1880.87534461,0),(43,0.412154042,1),(43,0,2),(44,3612.409985891,0),(44,8.067074211,1),(44,0,2),(45,1953.325116808,0),(45,0.412154042,1),(45,0,2),(46,3843.507419596,0),(46,8.067074211,1),(46,0,2),(47,2025.410233384,0),(47,0.412154042,1),(47,0,2),(48,4072.227412731,0),(48,8.067074211,1),(48,0,2),(49,2097.107366668,0),(49,0.412154042,1),(49,0,2),(50,4301.222092853,0),(50,8.705108003,1),(50,0,2),(51,2169.51058874,0),(51,0.412154042,1),(51,0,2),(52,4532.613223864,0),(52,8.705108003,1),(52,0,2),(53,2242.010426401,0),(53,0.412154042,1),(53,0,2),(54,4766.116630621,0),(54,8.705108003,1),(54,0,2),(55,2314.120836139,0),(55,0.412154042,1),(55,0,2),(56,4991.308329026,0),(56,8.705108003,1),(56,0,2),(57,2387.019335713,0),(57,0.412154042,1),(57,0,2),(58,5211.664295166,0),(58,8.965574587,1),(58,0,2),(59,2458.710343505,0),(59,0.412154042,1),(59,0,2),(60,5439.132628646,0),(60,8.965574587,1),(60,0,2),(61,2530.629482916,0),(61,0.412154042,1),(61,0,2),(62,5674.128947318,0),(62,8.965574587,1),(62,0,2),(63,2603.03219882,0),(63,0.412154042,1),(63,0,2),(64,5916.119124563,0),(64,8.965574587,1),(64,0,2),(65,2671.328090514,0),(65,0.412154042,1),(65,0,2),(66,6136.88803446,0),(66,8.965574587,1),(66,0,2),(67,2743.612230795,0),(67,0.412154042,1),(67,0,2),(68,6370.159286076,0),(68,8.965574587,1),(68,0,2),(69,2815.99438645,0),(69,0.412154042,1),(69,0,2),(70,6598.408977898,0),(70,8.965574587,1),(70,0,2),(71,2888.292618396,0),(71,0.412154042,1),(71,0,2),(72,6819.076041644,0),(72,8.965574587,1),(72,0,2),(73,2960.965438485,0),(73,0.412154042,1),(73,0,2),(74,7047.00117091,0),(74,8.965574587,1),(74,0,2),(75,3033.19163218,0),(75,0.412154042,1),(75,0,2),(76,7270.975910855,0),(76,8.965574587,1),(76,0,2),(77,3100.95905975,0),(77,0.412154042,1),(77,0,2),(78,7497.567545872,0),(78,8.965574587,1),(78,0,2),(79,3172.734529272,0),(79,0.412154042,1),(79,0,2),(80,7721.726296444,0),(80,8.965574587,1),(80,0,2);
/*!40000 ALTER TABLE `circuit_breaker_metrics_call_duration` ENABLE KEYS */;
UNLOCK TABLES;

--
-- Table structure for table `circuit_breaker_metrics_call_max_duration`
--

DROP TABLE IF EXISTS `circuit_breaker_metrics_call_max_duration`;
/*!40101 SET @saved_cs_client     = @@character_set_client */;
/*!50503 SET character_set_client = utf8mb4 */;
CREATE TABLE `circuit_breaker_metrics_call_max_duration` (
  `circuit_breaker_metrics_id` bigint NOT NULL,
  `call_max_duration` double DEFAULT NULL,
  `call_max_duration_key` int NOT NULL,
  PRIMARY KEY (`circuit_breaker_metrics_id`,`call_max_duration_key`),
  CONSTRAINT `FKolhae5w46hpandbjaipnv1h2s` FOREIGN KEY (`circuit_breaker_metrics_id`) REFERENCES `circuit_breaker_metrics` (`id`)
) ENGINE=InnoDB DEFAULT CHARSET=utf8mb4 COLLATE=utf8mb4_0900_ai_ci;
/*!40101 SET character_set_client = @saved_cs_client */;

--
-- Dumping data for table `circuit_breaker_metrics_call_max_duration`
--

LOCK TABLES `circuit_breaker_metrics_call_max_duration` WRITE;
/*!40000 ALTER TABLE `circuit_breaker_metrics_call_max_duration` DISABLE KEYS */;
INSERT INTO `circuit_breaker_metrics_call_max_duration` VALUES (1,1.047609208,0),(1,0,1),(1,0,2),(2,0,0),(2,0.328224459,1),(2,0,2),(3,1.047609208,0),(3,0,1),(3,0,2),(4,0,0),(4,0.328224459,1),(4,0,2),(5,1.047609208,0),(5,0,1),(5,0,2),(6,0,0),(6,0.328224459,1),(6,0,2),(7,1.047609208,0),(7,0,1),(7,0,2),(8,0,0),(8,0.328224459,1),(8,0,2),(9,1.047609208,0),(9,0,1),(9,0,2),(10,0,0),(10,0.328224459,1),(10,0,2),(11,1.047609208,0),(11,0,1),(11,0,2),(12,0,0),(12,0.328224459,1),(12,0,2),(13,1.047609208,0),(13,0,1),(13,0,2),(14,1.364252626,0),(14,0.328224459,1),(14,0,2),(15,1.047609208,0),(15,0.097450375,1),(15,0,2),(16,1.364252626,0),(16,0.634426501,1),(16,0,2),(17,1.047609208,0),(17,0.097450375,1),(17,0,2),(18,1.454033834,0),(18,0.634426501,1),(18,0,2),(19,1.047609208,0),(19,0.097450375,1),(19,0,2),(20,1.454033834,0),(20,0.634426501,1),(20,0,2),(21,1.047609208,0),(21,0.097450375,1),(21,0,2),(22,1.454033834,0),(22,0.634426501,1),(22,0,2),(23,1.047609208,0),(23,0.097450375,1),(23,0,2),(24,1.454033834,0),(24,0.634426501,1),(24,0,2),(25,0.493298042,0),(25,0.097450375,1),(25,0,2),(26,1.454033834,0),(26,0.634426501,1),(26,0,2),(27,0.493298042,0),(27,0.097450375,1),(27,0,2),(28,1.454033834,0),(28,0.634426501,1),(28,0,2),(29,0.493298042,0),(29,0.097450375,1),(29,0,2),(30,1.454033834,0),(30,0.634426501,1),(30,0,2),(31,0.493298042,0),(31,0.233332917,1),(31,0,2),(32,1.454033834,0),(32,0.634426501,1),(32,0,2),(33,0.493298042,0),(33,0.233332917,1),(33,0,2),(34,1.454033834,0),(34,0.244598834,1),(34,0,2),(35,0.493298042,0),(35,0.233332917,1),(35,0,2),(36,1.454033834,0),(36,0.721574834,1),(36,0,2),(37,0.493298042,0),(37,0.233332917,1),(37,0,2),(38,1.454033834,0),(38,0.721574834,1),(38,0,2),(39,0.493298042,0),(39,0.233332917,1),(39,0,2),(40,1.454033834,0),(40,0.721574834,1),(40,0,2),(41,0.439961083,0),(41,0.233332917,1),(41,0,2),(42,1.165102376,0),(42,0.721574834,1),(42,0,2),(43,0.439961083,0),(43,0.233332917,1),(43,0,2),(44,1.36655375,0),(44,0.721574834,1),(44,0,2),(45,0.439961083,0),(45,0.233332917,1),(45,0,2),(46,1.36655375,0),(46,0.721574834,1),(46,0,2),(47,0.439961083,0),(47,0.233332917,1),(47,0,2),(48,1.36655375,0),(48,0.721574834,1),(48,0,2),(49,0.431135667,0),(49,0,1),(49,0,2),(50,1.36655375,0),(50,0.721574834,1),(50,0,2),(51,0.439316167,0),(51,0,1),(51,0,2),(52,1.36655375,0),(52,0.721574834,1),(52,0,2),(53,0.439316167,0),(53,0,1),(53,0,2),(54,1.36655375,0),(54,0.721574834,1),(54,0,2),(55,0.439316167,0),(55,0,1),(55,0,2),(56,1.36655375,0),(56,0.721574834,1),(56,0,2),(57,0.439316167,0),(57,0,1),(57,0,2),(58,1.36655375,0),(58,0.638033792,1),(58,0,2),(59,0.439316167,0),(59,0,1),(59,0,2),(60,1.36655375,0),(60,0.638033792,1),(60,0,2),(61,0.439316167,0),(61,0,1),(61,0,2),(62,1.36655375,0),(62,0.638033792,1),(62,0,2),(63,0.439316167,0),(63,0,1),(63,0,2),(64,1.36655375,0),(64,0.638033792,1),(64,0,2),(65,0.439316167,0),(65,0,1),(65,0,2),(66,1.244253959,0),(66,0.638033792,1),(66,0,2),(67,0.439316167,0),(67,0,1),(67,0,2),(68,1.244253959,0),(68,0.638033792,1),(68,0,2),(69,0.439316167,0),(69,0,1),(69,0,2),(70,1.244253959,0),(70,0.638033792,1),(70,0,2),(71,0.439316167,0),(71,0,1),(71,0,2),(72,1.244253959,0),(72,0.638033792,1),(72,0,2),(73,0.376610875,0),(73,0,1),(73,0,2),(74,1.248666751,0),(74,0,1),(74,0,2),(75,0.376610875,0),(75,0,1),(75,0,2),(76,1.248666751,0),(76,0,1),(76,0,2),(77,0.438787,0),(77,0,1),(77,0,2),(78,1.248666751,0),(78,0,1),(78,0,2),(79,0.438787,0),(79,0,1),(79,0,2),(80,1.248666751,0),(80,0,1),(80,0,2);
/*!40000 ALTER TABLE `circuit_breaker_metrics_call_max_duration` ENABLE KEYS */;
UNLOCK TABLES;

--
-- Table structure for table `circuit_breaker_metrics_slow_call_count`
--

DROP TABLE IF EXISTS `circuit_breaker_metrics_slow_call_count`;
/*!40101 SET @saved_cs_client     = @@character_set_client */;
/*!50503 SET character_set_client = utf8mb4 */;
CREATE TABLE `circuit_breaker_metrics_slow_call_count` (
  `circuit_breaker_metrics_id` bigint NOT NULL,
  `slow_call_count` int DEFAULT NULL,
  `slow_call_count_key` int NOT NULL,
  PRIMARY KEY (`circuit_breaker_metrics_id`,`slow_call_count_key`),
  CONSTRAINT `FKaxa0776cdfmdpnxxjqntwicrg` FOREIGN KEY (`circuit_breaker_metrics_id`) REFERENCES `circuit_breaker_metrics` (`id`)
) ENGINE=InnoDB DEFAULT CHARSET=utf8mb4 COLLATE=utf8mb4_0900_ai_ci;
/*!40101 SET character_set_client = @saved_cs_client */;

--
-- Dumping data for table `circuit_breaker_metrics_slow_call_count`
--

LOCK TABLES `circuit_breaker_metrics_slow_call_count` WRITE;
/*!40000 ALTER TABLE `circuit_breaker_metrics_slow_call_count` DISABLE KEYS */;
INSERT INTO `circuit_breaker_metrics_slow_call_count` VALUES (1,0,0),(1,0,1),(2,0,0),(2,0,1),(3,0,0),(3,0,1),(4,0,0),(4,0,1),(5,0,0),(5,0,1),(6,0,0),(6,0,1),(7,0,0),(7,0,1),(8,0,0),(8,0,1),(9,0,0),(9,0,1),(10,0,0),(10,0,1),(11,0,0),(11,0,1),(12,0,0),(12,0,1),(13,0,0),(13,0,1),(14,0,0),(14,0,1),(15,0,0),(15,0,1),(16,0,0),(16,0,1),(17,0,0),(17,0,1),(18,0,0),(18,0,1),(19,0,0),(19,0,1),(20,0,0),(20,0,1),(21,0,0),(21,0,1),(22,0,0),(22,0,1),(23,0,0),(23,0,1),(24,0,0),(24,0,1),(25,0,0),(25,0,1),(26,0,0),(26,0,1),(27,0,0),(27,0,1),(28,0,0),(28,0,1),(29,0,0),(29,0,1),(30,0,0),(30,0,1),(31,0,0),(31,0,1),(32,0,0),(32,0,1),(33,0,0),(33,0,1),(34,0,0),(34,0,1),(35,0,0),(35,0,1),(36,0,0),(36,0,1),(37,0,0),(37,0,1),(38,0,0),(38,0,1),(39,0,0),(39,0,1),(40,0,0),(40,0,1),(41,0,0),(41,0,1),(42,0,0),(42,0,1),(43,0,0),(43,0,1),(44,0,0),(44,0,1),(45,0,0),(45,0,1),(46,0,0),(46,0,1),(47,0,0),(47,0,1),(48,0,0),(48,0,1),(49,0,0),(49,0,1),(50,0,0),(50,0,1),(51,0,0),(51,0,1),(52,0,0),(52,0,1),(53,0,0),(53,0,1),(54,0,0),(54,0,1),(55,0,0),(55,0,1),(56,0,0),(56,0,1),(57,0,0),(57,0,1),(58,0,0),(58,0,1),(59,0,0),(59,0,1),(60,0,0),(60,0,1),(61,0,0),(61,0,1),(62,0,0),(62,0,1),(63,0,0),(63,0,1),(64,0,0),(64,0,1),(65,0,0),(65,0,1),(66,0,0),(66,0,1),(67,0,0),(67,0,1),(68,0,0),(68,0,1),(69,0,0),(69,0,1),(70,0,0),(70,0,1),(71,0,0),(71,0,1),(72,0,0),(72,0,1),(73,0,0),(73,0,1),(74,0,0),(74,0,1),(75,0,0),(75,0,1),(76,0,0),(76,0,1),(77,0,0),(77,0,1),(78,0,0),(78,0,1),(79,0,0),(79,0,1),(80,0,0),(80,0,1);
/*!40000 ALTER TABLE `circuit_breaker_metrics_slow_call_count` ENABLE KEYS */;
UNLOCK TABLES;

--
-- Table structure for table `http_endpoint_metrics`
--

DROP TABLE IF EXISTS `http_endpoint_metrics`;
/*!40101 SET @saved_cs_client     = @@character_set_client */;
/*!50503 SET character_set_client = utf8mb4 */;
CREATE TABLE `http_endpoint_metrics` (
  `id` bigint NOT NULL AUTO_INCREMENT,
  `endpoint` varchar(255) DEFAULT NULL,
  `http_method` varchar(255) DEFAULT NULL,
  PRIMARY KEY (`id`)
) ENGINE=InnoDB AUTO_INCREMENT=427 DEFAULT CHARSET=utf8mb4 COLLATE=utf8mb4_0900_ai_ci;
/*!40101 SET character_set_client = @saved_cs_client */;

--
-- Dumping data for table `http_endpoint_metrics`
--

LOCK TABLES `http_endpoint_metrics` WRITE;
/*!40000 ALTER TABLE `http_endpoint_metrics` DISABLE KEYS */;
INSERT INTO `http_endpoint_metrics` VALUES (1,'/rest/deliverOrder','POST'),(2,'/rest/customer/restaurants','GET'),(3,'/rest/customer/restaurants/{restaurantId}/menu','GET'),(4,'/rest/customer/restaurants/{restaurantId}/notify','POST'),(5,'/rest/customer/restaurants/{restaurantId}/item/{itemId}','GET'),(6,'/rest/{cartId}/confirmCashPayment','POST'),(7,'/rest','POST'),(8,'/rest/{cartId}/confirmOrder','POST'),(9,'/rest/{cartId}/addItem','POST'),(10,'/rest/deliverOrder','POST'),(11,'/rest/customer/restaurants','GET'),(12,'/rest/customer/restaurants/{restaurantId}/menu','GET'),(13,'/rest/customer/restaurants/{restaurantId}/notify','POST'),(14,'/rest/customer/restaurants/{restaurantId}/item/{itemId}','GET'),(15,'/rest/{cartId}/confirmCashPayment','POST'),(16,'/rest','POST'),(17,'/rest/{cartId}/confirmOrder','POST'),(18,'/rest/{cartId}/addItem','POST'),(19,'/rest/deliverOrder','POST'),(20,'/rest/{cartId}/confirmCashPayment','POST'),(21,'/rest','POST'),(22,'/rest/{cartId}/confirmOrder','POST'),(23,'/rest/{cartId}/addItem','POST'),(24,'/rest/customer/restaurants','GET'),(25,'/rest/customer/restaurants/{restaurantId}/menu','GET'),(26,'/rest/customer/restaurants/{restaurantId}/notify','POST'),(27,'/rest/customer/restaurants/{restaurantId}/item/{itemId}','GET'),(28,'/rest/deliverOrder','POST'),(29,'/rest/customer/restaurants','GET'),(30,'/rest/customer/restaurants/{restaurantId}/menu','GET'),(31,'/rest/customer/restaurants/{restaurantId}/notify','POST'),(32,'/rest/customer/restaurants/{restaurantId}/item/{itemId}','GET'),(33,'/rest/{cartId}/confirmCashPayment','POST'),(34,'/rest','POST'),(35,'/rest/{cartId}/confirmOrder','POST'),(36,'/rest/{cartId}/addItem','POST'),(37,'/rest/deliverOrder','POST'),(38,'/rest/customer/restaurants','GET'),(39,'/rest/customer/restaurants/{restaurantId}/menu','GET'),(40,'/rest/customer/restaurants/{restaurantId}/notify','POST'),(41,'/rest/customer/restaurants/{restaurantId}/item/{itemId}','GET'),(42,'/rest/{cartId}/confirmCashPayment','POST'),(43,'/rest','POST'),(44,'/rest/{cartId}/confirmOrder','POST'),(45,'/rest/{cartId}/addItem','POST'),(46,'/rest/deliverOrder','POST'),(47,'/rest/customer/restaurants','GET'),(48,'/rest/customer/restaurants/{restaurantId}/menu','GET'),(49,'/rest/customer/restaurants/{restaurantId}/notify','POST'),(50,'/rest/customer/restaurants/{restaurantId}/item/{itemId}','GET'),(51,'/rest/{cartId}/confirmCashPayment','POST'),(52,'/rest','POST'),(53,'/rest/{cartId}/confirmOrder','POST'),(54,'/rest/{cartId}/addItem','POST'),(55,'/rest/deliverOrder','POST'),(56,'/rest/customer/restaurants','GET'),(57,'/rest/customer/restaurants/{restaurantId}/menu','GET'),(58,'/rest/customer/restaurants/{restaurantId}/notify','POST'),(59,'/rest/customer/restaurants/{restaurantId}/item/{itemId}','GET'),(60,'/rest/{cartId}/confirmCashPayment','POST'),(61,'/rest/{cartId}/confirmOrder','POST'),(62,'/rest','POST'),(63,'/rest/{cartId}/addItem','POST'),(64,'/rest/customer/restaurants','GET'),(65,'/rest/customer/restaurants/{restaurantId}/menu','GET'),(66,'/rest/customer/restaurants/{restaurantId}/notify','POST'),(67,'/rest/customer/restaurants/{restaurantId}/item/{itemId}','GET'),(68,'/rest/deliverOrder','POST'),(69,'/rest/processPayment','POST'),(70,'/rest/{cartId}/confirmCashPayment','POST'),(71,'/rest/{cartId}/confirmOrder','POST'),(72,'/rest','POST'),(73,'/rest/{cartId}/confirmTakeAway','POST'),(74,'/rest/{cartId}/addItem','POST'),(75,'/rest/deliverOrder','POST'),(76,'/rest/processPayment','POST'),(77,'/rest/customer/restaurants','GET'),(78,'/rest/customer/restaurants/{restaurantId}/menu','GET'),(79,'/rest/customer/restaurants/{restaurantId}/notify','POST'),(80,'/rest/customer/restaurants/{restaurantId}/item/{itemId}','GET'),(81,'/rest/{cartId}/confirmCashPayment','POST'),(82,'/rest/{cartId}/confirmOrder','POST'),(83,'/rest','POST'),(84,'/rest/{cartId}/confirmTakeAway','POST'),(85,'/rest/{cartId}/addItem','POST'),(86,'/rest/deliverOrder','POST'),(87,'/rest/processPayment','POST'),(88,'/rest/customer/restaurants','GET'),(89,'/rest/customer/restaurants/{restaurantId}/menu','GET'),(90,'/rest/customer/restaurants/{restaurantId}/notify','POST'),(91,'/rest/customer/restaurants/{restaurantId}/item/{itemId}','GET'),(92,'/rest/{cartId}/confirmCashPayment','POST'),(93,'/rest/{cartId}/confirmOrder','POST'),(94,'/rest','POST'),(95,'/rest/{cartId}/confirmTakeAway','POST'),(96,'/rest/{cartId}/addItem','POST'),(97,'/rest/deliverOrder','POST'),(98,'/rest/processPayment','POST'),(99,'/rest/customer/restaurants','GET'),(100,'/rest/customer/restaurants/{restaurantId}/menu','GET'),(101,'/rest/customer/restaurants/{restaurantId}/notify','POST'),(102,'/rest/customer/restaurants/{restaurantId}/item/{itemId}','GET'),(103,'/rest/{cartId}/confirmCashPayment','POST'),(104,'/rest/{cartId}/confirmOrder','POST'),(105,'/rest','POST'),(106,'/rest/{cartId}/confirmTakeAway','POST'),(107,'/rest/{cartId}/addItem','POST'),(108,'/rest/processPayment','POST'),(109,'/rest/deliverOrder','POST'),(110,'/rest/customer/restaurants','GET'),(111,'/rest/customer/restaurants/{restaurantId}/menu','GET'),(112,'/rest/customer/restaurants/{restaurantId}/notify','POST'),(113,'/rest/customer/restaurants/{restaurantId}/item/{itemId}','GET'),(114,'/rest/{cartId}/confirmCashPayment','POST'),(115,'/rest/{cartId}/confirmOrder','POST'),(116,'/rest','POST'),(117,'/rest/{cartId}/confirmTakeAway','POST'),(118,'/rest/{cartId}/addItem','POST'),(119,'/rest/processPayment','POST'),(120,'/rest/customer/restaurants','GET'),(121,'/rest/customer/restaurants/{restaurantId}/menu','GET'),(122,'/rest/customer/restaurants/{restaurantId}/notify','POST'),(123,'/rest/customer/restaurants/{restaurantId}/item/{itemId}','GET'),(124,'/rest/deliverOrder','POST'),(125,'/rest/{cartId}/confirmCashPayment','POST'),(126,'/rest/{cartId}/confirmOrder','POST'),(127,'/rest','POST'),(128,'/rest/{cartId}/confirmTakeAway','POST'),(129,'/rest/{cartId}/addItem','POST'),(130,'/rest/deliverOrder','POST'),(131,'/rest/processPayment','POST'),(132,'/rest/customer/restaurants','GET'),(133,'/rest/customer/restaurants/{restaurantId}/menu','GET'),(134,'/rest/customer/restaurants/{restaurantId}/notify','POST'),(135,'/rest/customer/restaurants/{restaurantId}/item/{itemId}','GET'),(136,'/rest/{cartId}/confirmCashPayment','POST'),(137,'/rest/{cartId}/confirmOrder','POST'),(138,'/rest','POST'),(139,'/rest/{cartId}/confirmTakeAway','POST'),(140,'/rest/{cartId}/addItem','POST'),(141,'/rest/deliverOrder','POST'),(142,'/rest/processPayment','POST'),(143,'/rest/customer/restaurants','GET'),(144,'/rest/customer/restaurants/{restaurantId}/menu','GET'),(145,'/rest/customer/restaurants/{restaurantId}/notify','POST'),(146,'/rest/customer/restaurants/{restaurantId}/item/{itemId}','GET'),(147,'/rest/{cartId}/confirmCashPayment','POST'),(148,'/rest/{cartId}/confirmOrder','POST'),(149,'/rest','POST'),(150,'/rest/{cartId}/confirmTakeAway','POST'),(151,'/rest/{cartId}/addItem','POST'),(152,'/rest/deliverOrder','POST'),(153,'/rest/customer/restaurants','GET'),(154,'/rest/customer/restaurants/{restaurantId}/menu','GET'),(155,'/rest/customer/restaurants/{restaurantId}/notify','POST'),(156,'/rest/customer/restaurants/{restaurantId}/item/{itemId}','GET'),(157,'/rest/processPayment','POST'),(158,'/rest/{cartId}/confirmCashPayment','POST'),(159,'/rest/{cartId}/confirmOrder','POST'),(160,'/rest','POST'),(161,'/rest/{cartId}/confirmTakeAway','POST'),(162,'/rest/{cartId}/addItem','POST'),(163,'/rest/processPayment','POST'),(164,'/rest/deliverOrder','POST'),(165,'/rest/customer/restaurants','GET'),(166,'/rest/customer/restaurants/{restaurantId}/menu','GET'),(167,'/rest/customer/restaurants/{restaurantId}/notify','POST'),(168,'/rest/customer/restaurants/{restaurantId}/item/{itemId}','GET'),(169,'/rest/{cartId}/confirmCashPayment','POST'),(170,'/rest/{cartId}/confirmOrder','POST'),(171,'/rest','POST'),(172,'/rest/{cartId}/confirmTakeAway','POST'),(173,'/rest/{cartId}/addItem','POST'),(174,'/rest/deliverOrder','POST'),(175,'/rest/processPayment','POST'),(176,'/rest/customer/restaurants','GET'),(177,'/rest/customer/restaurants/{restaurantId}/menu','GET'),(178,'/rest/customer/restaurants/{restaurantId}/notify','POST'),(179,'/rest/customer/restaurants/{restaurantId}/item/{itemId}','GET'),(180,'/rest/{cartId}/confirmCashPayment','POST'),(181,'/rest/{cartId}/confirmOrder','POST'),(182,'/rest','POST'),(183,'/rest/{cartId}/confirmTakeAway','POST'),(184,'/rest/{cartId}/addItem','POST'),(185,'/rest/customer/restaurants','GET'),(186,'/rest/customer/restaurants/{restaurantId}/menu','GET'),(187,'/rest/customer/restaurants/{restaurantId}/notify','POST'),(188,'/rest/customer/restaurants/{restaurantId}/item/{itemId}','GET'),(189,'/rest/deliverOrder','POST'),(190,'/rest/processPayment','POST'),(191,'/rest/{cartId}/confirmCashPayment','POST'),(192,'/rest/{cartId}/confirmOrder','POST'),(193,'/rest','POST'),(194,'/rest/{cartId}/confirmTakeAway','POST'),(195,'/rest/{cartId}/addItem','POST'),(196,'/rest/deliverOrder','POST'),(197,'/rest/processPayment','POST'),(198,'/rest/{cartId}/confirmCashPayment','POST'),(199,'/rest/{cartId}/confirmOrder','POST'),(200,'/rest','POST'),(201,'/rest/{cartId}/confirmTakeAway','POST'),(202,'/rest/{cartId}/addItem','POST'),(203,'/rest/customer/restaurants','GET'),(204,'/rest/customer/restaurants/{restaurantId}/menu','GET'),(205,'/rest/customer/restaurants/{restaurantId}/notify','POST'),(206,'/rest/customer/restaurants/{restaurantId}/item/{itemId}','GET'),(207,'/rest/customer/restaurants','GET'),(208,'/rest/customer/restaurants/{restaurantId}/menu','GET'),(209,'/rest/customer/restaurants/{restaurantId}/notify','POST'),(210,'/rest/customer/restaurants/{restaurantId}/item/{itemId}','GET'),(211,'/rest/processPayment','POST'),(212,'/rest/deliverOrder','POST'),(213,'/rest/{cartId}/confirmCashPayment','POST'),(214,'/rest/{cartId}/confirmOrder','POST'),(215,'/rest','POST'),(216,'/rest/{cartId}/confirmTakeAway','POST'),(217,'/rest/{cartId}/addItem','POST'),(218,'/rest/deliverOrder','POST'),(219,'/rest/processPayment','POST'),(220,'/rest/customer/restaurants','GET'),(221,'/rest/customer/restaurants/{restaurantId}/menu','GET'),(222,'/rest/customer/restaurants/{restaurantId}/notify','POST'),(223,'/rest/customer/restaurants/{restaurantId}/item/{itemId}','GET'),(224,'/rest/{cartId}/confirmCashPayment','POST'),(225,'/rest/{cartId}/confirmOrder','POST'),(226,'/rest','POST'),(227,'/rest/{cartId}/confirmTakeAway','POST'),(228,'/rest/{cartId}/addItem','POST'),(229,'/rest/processPayment','POST'),(230,'/rest/customer/restaurants','GET'),(231,'/rest/customer/restaurants/{restaurantId}/menu','GET'),(232,'/rest/customer/restaurants/{restaurantId}/notify','POST'),(233,'/rest/customer/restaurants/{restaurantId}/item/{itemId}','GET'),(234,'/rest/deliverOrder','POST'),(235,'/rest/{cartId}/confirmCashPayment','POST'),(236,'/rest/{cartId}/confirmOrder','POST'),(237,'/rest','POST'),(238,'/rest/{cartId}/confirmTakeAway','POST'),(239,'/rest/{cartId}/addItem','POST'),(240,'/rest/processPayment','POST'),(241,'/rest/deliverOrder','POST'),(242,'/rest/customer/restaurants','GET'),(243,'/rest/customer/restaurants/{restaurantId}/menu','GET'),(244,'/rest/customer/restaurants/{restaurantId}/notify','POST'),(245,'/rest/customer/restaurants/{restaurantId}/item/{itemId}','GET'),(246,'/rest/{cartId}/confirmCashPayment','POST'),(247,'/rest/{cartId}/confirmOrder','POST'),(248,'/rest','POST'),(249,'/rest/{cartId}/confirmTakeAway','POST'),(250,'/rest/{cartId}/addItem','POST'),(251,'/rest/deliverOrder','POST'),(252,'/rest/processPayment','POST'),(253,'/rest/customer/restaurants','GET'),(254,'/rest/customer/restaurants/{restaurantId}/menu','GET'),(255,'/rest/customer/restaurants/{restaurantId}/notify','POST'),(256,'/rest/customer/restaurants/{restaurantId}/item/{itemId}','GET'),(257,'/rest/{cartId}/confirmCashPayment','POST'),(258,'/rest/{cartId}/confirmOrder','POST'),(259,'/rest','POST'),(260,'/rest/{cartId}/confirmTakeAway','POST'),(261,'/rest/{cartId}/addItem','POST'),(262,'/rest/customer/restaurants','GET'),(263,'/rest/customer/restaurants/{restaurantId}/menu','GET'),(264,'/rest/customer/restaurants/{restaurantId}/notify','POST'),(265,'/rest/customer/restaurants/{restaurantId}/item/{itemId}','GET'),(266,'/rest/deliverOrder','POST'),(267,'/rest/processPayment','POST'),(268,'/rest/{cartId}/confirmCashPayment','POST'),(269,'/rest/{cartId}/confirmOrder','POST'),(270,'/rest','POST'),(271,'/rest/{cartId}/confirmTakeAway','POST'),(272,'/rest/{cartId}/addItem','POST'),(273,'/rest/deliverOrder','POST'),(274,'/rest/processPayment','POST'),(275,'/rest/customer/restaurants','GET'),(276,'/rest/customer/restaurants/{restaurantId}/menu','GET'),(277,'/rest/customer/restaurants/{restaurantId}/notify','POST'),(278,'/rest/customer/restaurants/{restaurantId}/item/{itemId}','GET'),(279,'/rest/{cartId}/confirmCashPayment','POST'),(280,'/rest/{cartId}/confirmOrder','POST'),(281,'/rest','POST'),(282,'/rest/{cartId}/confirmTakeAway','POST'),(283,'/rest/{cartId}/addItem','POST'),(284,'/rest/deliverOrder','POST'),(285,'/rest/processPayment','POST'),(286,'/rest/customer/restaurants','GET'),(287,'/rest/customer/restaurants/{restaurantId}/menu','GET'),(288,'/rest/customer/restaurants/{restaurantId}/notify','POST'),(289,'/rest/customer/restaurants/{restaurantId}/item/{itemId}','GET'),(290,'/rest/{cartId}/confirmCashPayment','POST'),(291,'/rest/{cartId}/confirmOrder','POST'),(292,'/rest','POST'),(293,'/rest/{cartId}/confirmTakeAway','POST'),(294,'/rest/{cartId}/addItem','POST'),(295,'/rest/deliverOrder','POST'),(296,'/rest/processPayment','POST'),(297,'/rest/customer/restaurants','GET'),(298,'/rest/customer/restaurants/{restaurantId}/menu','GET'),(299,'/rest/customer/restaurants/{restaurantId}/notify','POST'),(300,'/rest/customer/restaurants/{restaurantId}/item/{itemId}','GET'),(301,'/rest/{cartId}/confirmCashPayment','POST'),(302,'/rest/{cartId}/confirmOrder','POST'),(303,'/rest','POST'),(304,'/rest/{cartId}/confirmTakeAway','POST'),(305,'/rest/{cartId}/addItem','POST'),(306,'/rest/processPayment','POST'),(307,'/rest/customer/restaurants','GET'),(308,'/rest/customer/restaurants/{restaurantId}/menu','GET'),(309,'/rest/customer/restaurants/{restaurantId}/notify','POST'),(310,'/rest/customer/restaurants/{restaurantId}/item/{itemId}','GET'),(311,'/rest/deliverOrder','POST'),(312,'/rest/{cartId}/confirmCashPayment','POST'),(313,'/rest/{cartId}/confirmOrder','POST'),(314,'/rest','POST'),(315,'/rest/{cartId}/confirmTakeAway','POST'),(316,'/rest/{cartId}/addItem','POST'),(317,'/rest/deliverOrder','POST'),(318,'/rest/processPayment','POST'),(319,'/rest/{cartId}/confirmCashPayment','POST'),(320,'/rest/{cartId}/confirmOrder','POST'),(321,'/rest','POST'),(322,'/rest/{cartId}/confirmTakeAway','POST'),(323,'/rest/{cartId}/addItem','POST'),(324,'/rest/customer/restaurants','GET'),(325,'/rest/customer/restaurants/{restaurantId}/menu','GET'),(326,'/rest/customer/restaurants/{restaurantId}/notify','POST'),(327,'/rest/customer/restaurants/{restaurantId}/item/{itemId}','GET'),(328,'/rest/processPayment','POST'),(329,'/rest/customer/restaurants','GET'),(330,'/rest/customer/restaurants/{restaurantId}/menu','GET'),(331,'/rest/customer/restaurants/{restaurantId}/notify','POST'),(332,'/rest/customer/restaurants/{restaurantId}/item/{itemId}','GET'),(333,'/rest/deliverOrder','POST'),(334,'/rest/{cartId}/confirmCashPayment','POST'),(335,'/rest/{cartId}/confirmOrder','POST'),(336,'/rest','POST'),(337,'/rest/{cartId}/confirmTakeAway','POST'),(338,'/rest/{cartId}/addItem','POST'),(339,'/rest/processPayment','POST'),(340,'/rest/deliverOrder','POST'),(341,'/rest/customer/restaurants','GET'),(342,'/rest/customer/restaurants/{restaurantId}/menu','GET'),(343,'/rest/customer/restaurants/{restaurantId}/notify','POST'),(344,'/rest/customer/restaurants/{restaurantId}/item/{itemId}','GET'),(345,'/rest/{cartId}/confirmCashPayment','POST'),(346,'/rest/{cartId}/confirmOrder','POST'),(347,'/rest','POST'),(348,'/rest/{cartId}/confirmTakeAway','POST'),(349,'/rest/{cartId}/addItem','POST'),(350,'/rest/deliverOrder','POST'),(351,'/rest/processPayment','POST'),(352,'/rest/customer/restaurants','GET'),(353,'/rest/customer/restaurants/{restaurantId}/menu','GET'),(354,'/rest/customer/restaurants/{restaurantId}/notify','POST'),(355,'/rest/customer/restaurants/{restaurantId}/item/{itemId}','GET'),(356,'/rest/{cartId}/confirmCashPayment','POST'),(357,'/rest/{cartId}/confirmOrder','POST'),(358,'/rest','POST'),(359,'/rest/{cartId}/confirmTakeAway','POST'),(360,'/rest/{cartId}/addItem','POST'),(361,'/rest/customer/restaurants','GET'),(362,'/rest/customer/restaurants/{restaurantId}/menu','GET'),(363,'/rest/customer/restaurants/{restaurantId}/notify','POST'),(364,'/rest/customer/restaurants/{restaurantId}/item/{itemId}','GET'),(365,'/rest/deliverOrder','POST'),(366,'/rest/processPayment','POST'),(367,'/rest/{cartId}/confirmCashPayment','POST'),(368,'/rest/{cartId}/confirmOrder','POST'),(369,'/rest','POST'),(370,'/rest/{cartId}/confirmTakeAway','POST'),(371,'/rest/{cartId}/addItem','POST'),(372,'/rest/processPayment','POST'),(373,'/rest/deliverOrder','POST'),(374,'/rest/customer/restaurants','GET'),(375,'/rest/customer/restaurants/{restaurantId}/menu','GET'),(376,'/rest/customer/restaurants/{restaurantId}/notify','POST'),(377,'/rest/customer/restaurants/{restaurantId}/item/{itemId}','GET'),(378,'/rest/{cartId}/confirmCashPayment','POST'),(379,'/rest/{cartId}/confirmOrder','POST'),(380,'/rest','POST'),(381,'/rest/{cartId}/confirmTakeAway','POST'),(382,'/rest/{cartId}/addItem','POST'),(383,'/rest/deliverOrder','POST'),(384,'/rest/customer/restaurants','GET'),(385,'/rest/customer/restaurants/{restaurantId}/menu','GET'),(386,'/rest/customer/restaurants/{restaurantId}/notify','POST'),(387,'/rest/customer/restaurants/{restaurantId}/item/{itemId}','GET'),(388,'/rest/{cartId}/confirmCashPayment','POST'),(389,'/rest/{cartId}/confirmOrder','POST'),(390,'/rest','POST'),(391,'/rest/{cartId}/confirmTakeAway','POST'),(392,'/rest/{cartId}/addItem','POST'),(393,'/rest/processPayment','POST'),(394,'/rest/processPayment','POST'),(395,'/rest/deliverOrder','POST'),(396,'/rest/customer/restaurants','GET'),(397,'/rest/customer/restaurants/{restaurantId}/menu','GET'),(398,'/rest/customer/restaurants/{restaurantId}/notify','POST'),(399,'/rest/customer/restaurants/{restaurantId}/item/{itemId}','GET'),(400,'/rest/{cartId}/confirmCashPayment','POST'),(401,'/rest/{cartId}/confirmOrder','POST'),(402,'/rest','POST'),(403,'/rest/{cartId}/confirmTakeAway','POST'),(404,'/rest/{cartId}/addItem','POST'),(405,'/rest/deliverOrder','POST'),(406,'/rest/processPayment','POST'),(407,'/rest/customer/restaurants','GET'),(408,'/rest/customer/restaurants/{restaurantId}/menu','GET'),(409,'/rest/customer/restaurants/{restaurantId}/notify','POST'),(410,'/rest/customer/restaurants/{restaurantId}/item/{itemId}','GET'),(411,'/rest/{cartId}/confirmCashPayment','POST'),(412,'/rest/{cartId}/confirmOrder','POST'),(413,'/rest','POST'),(414,'/rest/{cartId}/confirmTakeAway','POST'),(415,'/rest/{cartId}/addItem','POST'),(416,'/rest/processPayment','POST'),(417,'/rest/deliverOrder','POST'),(418,'/rest/customer/restaurants','GET'),(419,'/rest/customer/restaurants/{restaurantId}/menu','GET'),(420,'/rest/customer/restaurants/{restaurantId}/notify','POST'),(421,'/rest/customer/restaurants/{restaurantId}/item/{itemId}','GET'),(422,'/rest/{cartId}/confirmCashPayment','POST'),(423,'/rest/{cartId}/confirmOrder','POST'),(424,'/rest','POST'),(425,'/rest/{cartId}/confirmTakeAway','POST'),(426,'/rest/{cartId}/addItem','POST');
/*!40000 ALTER TABLE `http_endpoint_metrics` ENABLE KEYS */;
UNLOCK TABLES;

--
-- Table structure for table `http_endpoint_metrics_outcome_metrics`
--

DROP TABLE IF EXISTS `http_endpoint_metrics_outcome_metrics`;
/*!40101 SET @saved_cs_client     = @@character_set_client */;
/*!50503 SET character_set_client = utf8mb4 */;
CREATE TABLE `http_endpoint_metrics_outcome_metrics` (
  `http_endpoint_metrics_id` bigint NOT NULL,
  `count` bigint NOT NULL,
  `max_duration` double NOT NULL,
  `outcome` varchar(255) DEFAULT NULL,
  `status` int NOT NULL,
  `total_duration` double NOT NULL,
  `outcome_metrics_key` varchar(255) NOT NULL,
  PRIMARY KEY (`http_endpoint_metrics_id`,`outcome_metrics_key`),
  CONSTRAINT `FK90lk1gu1ptkjbi3wbeegqbr8f` FOREIGN KEY (`http_endpoint_metrics_id`) REFERENCES `http_endpoint_metrics` (`id`)
) ENGINE=InnoDB DEFAULT CHARSET=utf8mb4 COLLATE=utf8mb4_0900_ai_ci;
/*!40101 SET character_set_client = @saved_cs_client */;

--
-- Dumping data for table `http_endpoint_metrics_outcome_metrics`
--

LOCK TABLES `http_endpoint_metrics_outcome_metrics` WRITE;
/*!40000 ALTER TABLE `http_endpoint_metrics_outcome_metrics` DISABLE KEYS */;
INSERT INTO `http_endpoint_metrics_outcome_metrics` VALUES (1,230,925.197167,'SUCCESS',200,53772.050392,'SUCCESS'),(2,266,251.04637499999998,'SUCCESS',200,11101.776044,'SUCCESS'),(3,266,175.272875,'SUCCESS',200,5660.612708000001,'SUCCESS'),(4,229,23.453833,'SUCCESS',200,552.319295,'SUCCESS'),(5,250,61.005167,'SUCCESS',200,3820.5015430000003,'SUCCESS'),(6,229,2237.5737510000004,'SUCCESS',200,174978.086591,'SUCCESS'),(7,256,783.0572080000001,'SUCCESS',200,74058.426584,'SUCCESS'),(8,249,351.69829200000004,'SUCCESS',200,8962.967255000001,'SUCCESS'),(9,249,1114.841875,'SUCCESS',200,74358.65544799999,'SUCCESS'),(10,846,925.197167,'SUCCESS',200,173178.151323,'SUCCESS'),(11,880,251.04637499999998,'SUCCESS',200,18390.168406,'SUCCESS'),(12,880,175.272875,'SUCCESS',200,9654.725364999998,'SUCCESS'),(13,846,23.453833,'SUCCESS',200,1159.144772,'SUCCESS'),(14,860,61.005167,'SUCCESS',200,7550.155876,'SUCCESS'),(15,844,2237.5737510000004,'SUCCESS',200,449638.805382,'SUCCESS'),(16,870,783.0572080000001,'SUCCESS',200,219343.638486,'SUCCESS'),(17,860,351.69829200000004,'SUCCESS',200,10200.267967,'SUCCESS'),(18,860,1114.841875,'SUCCESS',200,210852.791896,'SUCCESS'),(19,1488,925.197167,'SUCCESS',200,296790.326134,'SUCCESS'),(20,1488,2237.5737510000004,'SUCCESS',200,716383.891544,'SUCCESS'),(21,1516,783.0572080000001,'SUCCESS',200,360909.63253,'SUCCESS'),(22,1509,351.69829200000004,'SUCCESS',200,11217.073819,'SUCCESS'),(23,1510,1114.841875,'SUCCESS',200,339968.14345699997,'SUCCESS'),(24,1527,251.04637499999998,'SUCCESS',200,23834.318328999998,'SUCCESS'),(25,1526,175.272875,'SUCCESS',200,12496.515484,'SUCCESS'),(26,1488,23.453833,'SUCCESS',200,1603.5755570000001,'SUCCESS'),(27,1510,61.005167,'SUCCESS',200,10715.589842,'SUCCESS'),(28,2173,925.197167,'SUCCESS',200,425421.177812,'SUCCESS'),(29,2214,251.04637499999998,'SUCCESS',200,28396.205269,'SUCCESS'),(30,2214,175.272875,'SUCCESS',200,14936.915062,'SUCCESS'),(31,2173,23.453833,'SUCCESS',200,1937.78328,'SUCCESS'),(32,2193,61.005167,'SUCCESS',200,13217.366928000001,'SUCCESS'),(33,2173,2237.5737510000004,'SUCCESS',200,982915.140876,'SUCCESS'),(34,2204,783.0572080000001,'SUCCESS',200,495599.934704,'SUCCESS'),(35,2192,351.69829200000004,'SUCCESS',200,11893.776555,'SUCCESS'),(36,2193,1114.841875,'SUCCESS',200,461566.318626,'SUCCESS'),(37,2821,925.197167,'SUCCESS',200,549944.8851140001,'SUCCESS'),(38,2860,251.04637499999998,'SUCCESS',200,33528.52566,'SUCCESS'),(39,2860,175.272875,'SUCCESS',200,17624.41095,'SUCCESS'),(40,2821,23.453833,'SUCCESS',200,2323.1920800000003,'SUCCESS'),(41,2840,61.005167,'SUCCESS',200,15976.656858,'SUCCESS'),(42,2821,2237.5737510000004,'SUCCESS',200,1258594.17469,'SUCCESS'),(43,2852,783.0572080000001,'SUCCESS',200,641428.279087,'SUCCESS'),(44,2840,351.69829200000004,'SUCCESS',200,12616.087639,'SUCCESS'),(45,2840,1114.841875,'SUCCESS',200,582030.437142,'SUCCESS'),(46,3528,925.197167,'SUCCESS',200,682149.2766600001,'SUCCESS'),(47,3561,251.04637499999998,'SUCCESS',200,37193.223175,'SUCCESS'),(48,3561,175.272875,'SUCCESS',200,19490.407225,'SUCCESS'),(49,3528,23.453833,'SUCCESS',200,2618.436128,'SUCCESS'),(50,3541,61.005167,'SUCCESS',200,18008.83412,'SUCCESS'),(51,3528,2237.5737510000004,'SUCCESS',200,1533695.0552420001,'SUCCESS'),(52,3553,783.0572080000001,'SUCCESS',200,788849.938423,'SUCCESS'),(53,3541,351.69829200000004,'SUCCESS',200,13170.108259999999,'SUCCESS'),(54,3541,1114.841875,'SUCCESS',200,690986.607254,'SUCCESS'),(55,4019,925.197167,'SUCCESS',200,774748.865867,'SUCCESS'),(56,4060,251.04637499999998,'SUCCESS',200,39836.600713,'SUCCESS'),(57,4060,175.272875,'SUCCESS',200,20933.482808,'SUCCESS'),(58,4018,23.453833,'SUCCESS',200,2809.676955,'SUCCESS'),(59,4038,61.005167,'SUCCESS',200,19510.618174000003,'SUCCESS'),(60,3845,2237.5737510000004,'SUCCESS',200,1659410.051828,'SUCCESS'),(61,4019,1557.0599590000002,'SUCCESS',200,166145.223375,'SUCCESS'),(62,4051,1168.880417,'SUCCESS',200,952137.392049,'SUCCESS'),(63,4037,1114.841875,'SUCCESS',200,832009.414459,'SUCCESS'),(64,4434,251.04637499999998,'SUCCESS',200,41446.198836,'SUCCESS'),(65,4434,175.272875,'SUCCESS',200,21804.453492,'SUCCESS'),(66,4390,23.453833,'SUCCESS',200,2949.732994,'SUCCESS'),(67,4418,61.005167,'SUCCESS',200,20352.95666,'SUCCESS'),(68,1,82.03887499999999,'SERVER_ERROR',500,82.03887499999999,'SERVER_ERROR'),(68,4390,925.197167,'SUCCESS',200,844232.462316,'SUCCESS'),(69,1,79.673417,'SERVER_ERROR',500,79.673417,'SERVER_ERROR'),(69,548,663.083167,'SUCCESS',200,106045.085375,'SUCCESS'),(70,1,10390.452170999999,'SERVER_ERROR',500,10390.452170999999,'SERVER_ERROR'),(70,3846,2237.5737510000004,'SUCCESS',200,1659865.8255780002,'SUCCESS'),(71,4391,1557.0599590000002,'SUCCESS',200,469261.016047,'SUCCESS'),(72,4426,1168.880417,'SUCCESS',200,1120987.5133729998,'SUCCESS'),(73,1,333.14691600000003,'SUCCESS',200,333.14691600000003,'SUCCESS'),(74,4418,1114.841875,'SUCCESS',200,1004330.056715,'SUCCESS'),(75,1,82.03887499999999,'SERVER_ERROR',500,82.03887499999999,'SERVER_ERROR'),(75,4767,925.197167,'SUCCESS',200,914872.580937,'SUCCESS'),(76,1,79.673417,'SERVER_ERROR',500,79.673417,'SERVER_ERROR'),(76,927,663.083167,'SUCCESS',200,177238.60332999998,'SUCCESS'),(77,4813,251.04637499999998,'SUCCESS',200,43162.158635,'SUCCESS'),(78,4813,175.272875,'SUCCESS',200,22733.904582,'SUCCESS'),(79,4767,23.453833,'SUCCESS',200,3091.619753,'SUCCESS'),(80,4786,61.005167,'SUCCESS',200,21145.194611000003,'SUCCESS'),(81,1,10390.452170999999,'SERVER_ERROR',500,10390.452170999999,'SERVER_ERROR'),(81,3846,2237.5737510000004,'SUCCESS',200,1659865.8255780002,'SUCCESS'),(82,4768,1645.1065010000002,'SUCCESS',200,774827.495771,'SUCCESS'),(83,4803,1168.880417,'SUCCESS',200,1293279.638705,'SUCCESS'),(84,1,333.14691600000003,'SUCCESS',200,333.14691600000003,'SUCCESS'),(85,4786,1114.841875,'SUCCESS',200,1157731.4382059998,'SUCCESS'),(86,1,82.03887499999999,'SERVER_ERROR',500,82.03887499999999,'SERVER_ERROR'),(86,5145,925.197167,'SUCCESS',200,985759.8596269999,'SUCCESS'),(87,1,79.673417,'SERVER_ERROR',500,79.673417,'SERVER_ERROR'),(87,1304,663.083167,'SUCCESS',200,248733.85404,'SUCCESS'),(88,5189,251.04637499999998,'SUCCESS',200,44763.193223999995,'SUCCESS'),(89,5188,175.272875,'SUCCESS',200,23597.819079,'SUCCESS'),(90,5144,23.453833,'SUCCESS',200,3233.595426,'SUCCESS'),(91,5159,61.005167,'SUCCESS',200,21982.227114,'SUCCESS'),(92,1,10390.452170999999,'SERVER_ERROR',500,10390.452170999999,'SERVER_ERROR'),(92,3846,2237.5737510000004,'SUCCESS',200,1659865.8255780002,'SUCCESS'),(93,5145,1645.1065010000002,'SUCCESS',200,1073564.313071,'SUCCESS'),(94,5178,1168.880417,'SUCCESS',200,1455566.2238160002,'SUCCESS'),(95,1,333.14691600000003,'SUCCESS',200,333.14691600000003,'SUCCESS'),(96,5159,1114.841875,'SUCCESS',200,1333394.8231459998,'SUCCESS'),(97,1,82.03887499999999,'SERVER_ERROR',500,82.03887499999999,'SERVER_ERROR'),(97,5520,925.197167,'SUCCESS',200,1055795.386658,'SUCCESS'),(98,2,79.673417,'SERVER_ERROR',500,157.113376,'SERVER_ERROR'),(98,1678,663.083167,'SUCCESS',200,319502.309658,'SUCCESS'),(99,5564,251.04637499999998,'SUCCESS',200,46456.223895,'SUCCESS'),(100,5564,175.272875,'SUCCESS',200,24555.780987,'SUCCESS'),(101,5520,23.453833,'SUCCESS',200,3372.8301100000003,'SUCCESS'),(102,5539,61.005167,'SUCCESS',200,22936.255833,'SUCCESS'),(103,1,10390.452170999999,'SERVER_ERROR',500,10390.452170999999,'SERVER_ERROR'),(103,3847,2237.5737510000004,'SUCCESS',200,1660784.7313289999,'SUCCESS'),(104,5521,1645.1065010000002,'SUCCESS',200,1390840.8135660002,'SUCCESS'),(105,5547,1168.880417,'SUCCESS',200,1633131.887112,'SUCCESS'),(106,1,333.14691600000003,'SUCCESS',200,333.14691600000003,'SUCCESS'),(107,5539,1114.841875,'SUCCESS',200,1473826.2776199998,'SUCCESS'),(108,2,79.673417,'SERVER_ERROR',500,157.113376,'SERVER_ERROR'),(108,2055,663.083167,'SUCCESS',200,390736.335734,'SUCCESS'),(109,1,82.03887499999999,'SERVER_ERROR',500,82.03887499999999,'SERVER_ERROR'),(109,5896,925.197167,'SUCCESS',200,1126494.053547,'SUCCESS'),(110,5940,251.04637499999998,'SUCCESS',200,48055.967484,'SUCCESS'),(111,5940,175.272875,'SUCCESS',200,25427.713359999998,'SUCCESS'),(112,5896,23.453833,'SUCCESS',200,3493.189148,'SUCCESS'),(113,5917,61.005167,'SUCCESS',200,23742.589711,'SUCCESS'),(114,1,10390.452170999999,'SERVER_ERROR',500,10390.452170999999,'SERVER_ERROR'),(114,3847,2237.5737510000004,'SUCCESS',200,1660784.7313289999,'SUCCESS'),(115,5897,1645.1065010000002,'SUCCESS',200,1700692.700227,'SUCCESS'),(116,5929,1168.880417,'SUCCESS',200,1811674.112943,'SUCCESS'),(117,1,333.14691600000003,'SUCCESS',200,333.14691600000003,'SUCCESS'),(118,5917,1114.841875,'SUCCESS',200,1631926.4747350002,'SUCCESS'),(119,2,79.673417,'SERVER_ERROR',500,157.113376,'SERVER_ERROR'),(119,2429,663.083167,'SUCCESS',200,461899.03781,'SUCCESS'),(120,6314,40.356375,'SUCCESS',200,49724.991644,'SUCCESS'),(121,6314,29.942791,'SUCCESS',200,26312.657278,'SUCCESS'),(122,6272,11.009958000000001,'SUCCESS',200,3616.3288439999997,'SUCCESS'),(123,6289,31.562374999999996,'SUCCESS',200,24631.097254,'SUCCESS'),(124,1,82.03887499999999,'SERVER_ERROR',500,82.03887499999999,'SERVER_ERROR'),(124,6272,489.848209,'SUCCESS',200,1196944.0917049998,'SUCCESS'),(125,1,10390.452170999999,'SERVER_ERROR',500,10390.452170999999,'SERVER_ERROR'),(125,3847,918.905751,'SUCCESS',200,1660784.7313289999,'SUCCESS'),(126,6273,1645.1065010000002,'SUCCESS',200,2003888.868705,'SUCCESS'),(127,6299,1168.880417,'SUCCESS',200,1981149.605179,'SUCCESS'),(128,1,333.14691600000003,'SUCCESS',200,333.14691600000003,'SUCCESS'),(129,6289,1043.927501,'SUCCESS',200,1795757.0371090001,'SUCCESS'),(130,1,82.03887499999999,'SERVER_ERROR',500,82.03887499999999,'SERVER_ERROR'),(130,6653,489.848209,'SUCCESS',200,1267336.715699,'SUCCESS'),(131,2,79.673417,'SERVER_ERROR',500,157.113376,'SERVER_ERROR'),(131,2810,663.083167,'SUCCESS',200,533440.2594209999,'SUCCESS'),(132,6699,40.356375,'SUCCESS',200,51343.589509,'SUCCESS'),(133,6698,29.942791,'SUCCESS',200,27199.713409,'SUCCESS'),(134,6653,11.009958000000001,'SUCCESS',200,3738.580765,'SUCCESS'),(135,6673,31.562374999999996,'SUCCESS',200,25488.310503,'SUCCESS'),(136,1,10390.452170999999,'SERVER_ERROR',500,10390.452170999999,'SERVER_ERROR'),(136,3847,918.905751,'SUCCESS',200,1660784.7313289999,'SUCCESS'),(137,6654,1645.1065010000002,'SUCCESS',200,2301768.0335589997,'SUCCESS'),(138,6692,1168.880417,'SUCCESS',200,2148779.731976,'SUCCESS'),(139,1,333.14691600000003,'SUCCESS',200,333.14691600000003,'SUCCESS'),(140,6673,1043.927501,'SUCCESS',200,1979811.6123489998,'SUCCESS'),(141,1,82.03887499999999,'SERVER_ERROR',500,82.03887499999999,'SERVER_ERROR'),(141,7033,489.848209,'SUCCESS',200,1337955.1263169998,'SUCCESS'),(142,2,79.673417,'SERVER_ERROR',500,157.113376,'SERVER_ERROR'),(142,3190,663.083167,'SUCCESS',200,604928.1430040001,'SUCCESS'),(143,7077,40.356375,'SUCCESS',200,52964.863796000005,'SUCCESS'),(144,7077,29.942791,'SUCCESS',200,28090.172610999998,'SUCCESS'),(145,7031,11.009958000000001,'SUCCESS',200,3855.8329059999996,'SUCCESS'),(146,7056,31.562374999999996,'SUCCESS',200,26278.708838,'SUCCESS'),(147,1,10390.452170999999,'SERVER_ERROR',500,10390.452170999999,'SERVER_ERROR'),(147,3847,918.905751,'SUCCESS',200,1660784.7313289999,'SUCCESS'),(148,7032,1645.1065010000002,'SUCCESS',200,2612341.214584,'SUCCESS'),(149,7066,1168.880417,'SUCCESS',200,2319407.369256,'SUCCESS'),(150,1,333.14691600000003,'SUCCESS',200,333.14691600000003,'SUCCESS'),(151,7056,1043.927501,'SUCCESS',200,2134052.359186,'SUCCESS'),(152,3,228.41275,'SERVER_ERROR',500,386.040875,'SERVER_ERROR'),(152,7412,489.848209,'SUCCESS',200,1408440.1383510001,'SUCCESS'),(153,7459,40.356375,'SUCCESS',200,54523.299844999994,'SUCCESS'),(154,7459,29.942791,'SUCCESS',200,28955.259255,'SUCCESS'),(155,7414,11.009958000000001,'SUCCESS',200,3974.552859,'SUCCESS'),(156,7431,31.562374999999996,'SUCCESS',200,27081.111923999997,'SUCCESS'),(157,2,79.673417,'SERVER_ERROR',500,157.113376,'SERVER_ERROR'),(157,3574,663.083167,'SUCCESS',200,676339.078029,'SUCCESS'),(158,1,10390.452170999999,'SERVER_ERROR',500,10390.452170999999,'SERVER_ERROR'),(158,3847,918.905751,'SUCCESS',200,1660784.7313289999,'SUCCESS'),(159,7415,1645.1065010000002,'SUCCESS',200,2916881.219669,'SUCCESS'),(160,7444,1168.880417,'SUCCESS',200,2485565.774445,'SUCCESS'),(161,3,482.87070900000003,'SUCCESS',200,1084.1824159999999,'SUCCESS'),(162,7431,1043.927501,'SUCCESS',200,2294130.193819,'SUCCESS'),(163,3,79.673417,'SERVER_ERROR',500,235.277209,'SERVER_ERROR'),(163,3948,663.083167,'SUCCESS',200,747022.939061,'SUCCESS'),(164,3,228.41275,'SERVER_ERROR',500,386.040875,'SERVER_ERROR'),(164,7790,489.848209,'SUCCESS',200,1478926.99514,'SUCCESS'),(165,7839,32.761167,'SUCCESS',200,56100.474635,'SUCCESS'),(166,7838,18.607208,'SUCCESS',200,29825.188581,'SUCCESS'),(167,7792,1.958292,'SUCCESS',200,4095.049954,'SUCCESS'),(168,7818,27.016624999999998,'SUCCESS',200,27986.820146,'SUCCESS'),(169,1,10390.452170999999,'SERVER_ERROR',500,10390.452170999999,'SERVER_ERROR'),(169,3848,918.905751,'SUCCESS',200,1661655.039371,'SUCCESS'),(170,7793,1645.1065010000002,'SUCCESS',200,3219155.61727,'SUCCESS'),(171,7825,1142.351334,'SUCCESS',200,2657628.1224539997,'SUCCESS'),(172,3,482.87070900000003,'SUCCESS',200,1084.1824159999999,'SUCCESS'),(173,7818,1028.603459,'SUCCESS',200,2462521.362352,'SUCCESS'),(174,3,228.41275,'SERVER_ERROR',500,386.040875,'SERVER_ERROR'),(174,8171,489.848209,'SUCCESS',200,1549499.63067,'SUCCESS'),(175,4,79.673417,'SERVER_ERROR',500,310.75120899999996,'SERVER_ERROR'),(175,4330,663.083167,'SUCCESS',200,818701.295484,'SUCCESS'),(176,8220,32.761167,'SUCCESS',200,57646.843288,'SUCCESS'),(177,8220,18.607208,'SUCCESS',200,30690.075376,'SUCCESS'),(178,8173,1.958292,'SUCCESS',200,4214.246244,'SUCCESS'),(179,8190,27.016624999999998,'SUCCESS',200,28756.798276,'SUCCESS'),(180,1,10390.452170999999,'SERVER_ERROR',500,10390.452170999999,'SERVER_ERROR'),(180,3849,918.905751,'SUCCESS',200,1662231.387372,'SUCCESS'),(181,8174,1645.1065010000002,'SUCCESS',200,3530046.6271539996,'SUCCESS'),(182,8200,1142.351334,'SUCCESS',200,2829721.10304,'SUCCESS'),(183,3,482.87070900000003,'SUCCESS',200,1084.1824159999999,'SUCCESS'),(184,8190,1028.603459,'SUCCESS',200,2617194.672995,'SUCCESS'),(185,8594,32.761167,'SUCCESS',200,59197.701046,'SUCCESS'),(186,8593,18.607208,'SUCCESS',200,31501.839258,'SUCCESS'),(187,8550,1.958292,'SUCCESS',200,4333.26065,'SUCCESS'),(188,8566,27.016624999999998,'SUCCESS',200,29592.139159,'SUCCESS'),(189,3,228.41275,'SERVER_ERROR',500,386.040875,'SERVER_ERROR'),(189,8548,489.848209,'SUCCESS',200,1620249.578743,'SUCCESS'),(190,4,79.673417,'SERVER_ERROR',500,310.75120899999996,'SERVER_ERROR'),(190,4704,452.098292,'SUCCESS',200,889971.625687,'SUCCESS'),(191,1,10390.452170999999,'SERVER_ERROR',500,10390.452170999999,'SERVER_ERROR'),(191,3849,918.905751,'SUCCESS',200,1662231.387372,'SUCCESS'),(192,8551,1451.3360010000001,'SUCCESS',200,3833511.125339,'SUCCESS'),(193,8582,1142.351334,'SUCCESS',200,3004203.394757,'SUCCESS'),(194,3,482.87070900000003,'SUCCESS',200,1084.1824159999999,'SUCCESS'),(195,8566,1134.450668,'SUCCESS',200,2787249.990538,'SUCCESS'),(196,3,228.41275,'SERVER_ERROR',500,386.040875,'SERVER_ERROR'),(196,8926,489.848209,'SUCCESS',200,1690981.81433,'SUCCESS'),(197,4,78.163833,'SERVER_ERROR',500,310.75120899999996,'SERVER_ERROR'),(197,5083,452.098292,'SUCCESS',200,961441.8225370001,'SUCCESS'),(198,1,0,'SERVER_ERROR',500,10390.452170999999,'SERVER_ERROR'),(198,3849,918.905751,'SUCCESS',200,1662231.387372,'SUCCESS'),(199,8929,1451.3360010000001,'SUCCESS',200,4135656.3990140003,'SUCCESS'),(200,8958,1142.351334,'SUCCESS',200,3172843.986902,'SUCCESS'),(201,3,482.87070900000003,'SUCCESS',200,1084.1824159999999,'SUCCESS'),(202,8947,1134.450668,'SUCCESS',200,2957747.489849,'SUCCESS'),(203,8974,32.761167,'SUCCESS',200,60680.293712,'SUCCESS'),(204,8973,18.607208,'SUCCESS',200,32317.01652,'SUCCESS'),(205,8928,10.825167,'SUCCESS',200,4457.711276,'SUCCESS'),(206,8947,27.016624999999998,'SUCCESS',200,30375.952102,'SUCCESS'),(207,9353,29.543459000000002,'SUCCESS',200,62252.242372,'SUCCESS'),(208,9353,24.184541,'SUCCESS',200,33180.2129,'SUCCESS'),(209,9310,10.825167,'SUCCESS',200,4575.81773,'SUCCESS'),(210,9333,17.64675,'SUCCESS',200,31180.639948,'SUCCESS'),(211,4,78.163833,'SERVER_ERROR',500,310.75120899999996,'SERVER_ERROR'),(211,5466,452.098292,'SUCCESS',200,1032733.425652,'SUCCESS'),(212,3,228.41275,'SERVER_ERROR',500,386.040875,'SERVER_ERROR'),(212,9308,436.93425,'SUCCESS',200,1761990.273631,'SUCCESS'),(213,1,0,'SERVER_ERROR',500,10390.452170999999,'SERVER_ERROR'),(213,3849,870.308042,'SUCCESS',200,1662231.387372,'SUCCESS'),(214,9311,1451.3360010000001,'SUCCESS',200,4442948.403867,'SUCCESS'),(215,9349,1142.351334,'SUCCESS',200,3343860.083823,'SUCCESS'),(216,3,482.87070900000003,'SUCCESS',200,1084.1824159999999,'SUCCESS'),(217,9333,1134.450668,'SUCCESS',200,3121125.6364300004,'SUCCESS'),(218,3,228.41275,'SERVER_ERROR',500,386.040875,'SERVER_ERROR'),(218,9687,436.93425,'SUCCESS',200,1832548.999759,'SUCCESS'),(219,4,78.163833,'SERVER_ERROR',500,310.75120899999996,'SERVER_ERROR'),(219,5844,452.098292,'SUCCESS',200,1103497.796892,'SUCCESS'),(220,9736,29.543459000000002,'SUCCESS',200,64029.333663000005,'SUCCESS'),(221,9736,24.184541,'SUCCESS',200,34135.920028,'SUCCESS'),(222,9689,10.825167,'SUCCESS',200,4702.889101000001,'SUCCESS'),(223,9706,17.64675,'SUCCESS',200,32054.899784,'SUCCESS'),(224,1,0,'SERVER_ERROR',500,10390.452170999999,'SERVER_ERROR'),(224,3849,870.308042,'SUCCESS',200,1662231.387372,'SUCCESS'),(225,9689,1561.420126,'SUCCESS',200,4761068.103526,'SUCCESS'),(226,9722,1142.351334,'SUCCESS',200,3524032.2586430004,'SUCCESS'),(227,3,482.87070900000003,'SUCCESS',200,1084.1824159999999,'SUCCESS'),(228,9706,1134.450668,'SUCCESS',200,3258929.5864999997,'SUCCESS'),(229,4,78.163833,'SERVER_ERROR',500,310.75120899999996,'SERVER_ERROR'),(229,6226,445.646126,'SUCCESS',200,1174499.0914099999,'SUCCESS'),(230,10115,29.543459000000002,'SUCCESS',200,65603.045427,'SUCCESS'),(231,10115,24.184541,'SUCCESS',200,34972.608902,'SUCCESS'),(232,10069,10.825167,'SUCCESS',200,4818.82989,'SUCCESS'),(233,10087,17.64675,'SUCCESS',200,32888.775864999996,'SUCCESS'),(234,3,228.41275,'SERVER_ERROR',500,386.040875,'SERVER_ERROR'),(234,10067,436.93425,'SUCCESS',200,1903648.6947410002,'SUCCESS'),(235,1,0,'SERVER_ERROR',500,10390.452170999999,'SERVER_ERROR'),(235,3849,870.308042,'SUCCESS',200,1662231.387372,'SUCCESS'),(236,10070,1561.420126,'SUCCESS',200,5065200.910207,'SUCCESS'),(237,10103,1142.351334,'SUCCESS',200,3693181.851539,'SUCCESS'),(238,3,482.87070900000003,'SUCCESS',200,1084.1824159999999,'SUCCESS'),(239,10087,1134.450668,'SUCCESS',200,3427432.1169640003,'SUCCESS'),(240,4,78.163833,'SERVER_ERROR',500,310.75120899999996,'SERVER_ERROR'),(240,6605,445.646126,'SUCCESS',200,1245819.135608,'SUCCESS'),(241,3,0,'SERVER_ERROR',500,386.040875,'SERVER_ERROR'),(241,10447,436.93425,'SUCCESS',200,1974364.292651,'SUCCESS'),(242,10493,29.543459000000002,'SUCCESS',200,67185.96134499999,'SUCCESS'),(243,10492,24.184541,'SUCCESS',200,35853.385518,'SUCCESS'),(244,10449,10.825167,'SUCCESS',200,4939.331523,'SUCCESS'),(245,10474,17.64675,'SUCCESS',200,33710.827625,'SUCCESS'),(246,1,0,'SERVER_ERROR',500,10390.452170999999,'SERVER_ERROR'),(246,3849,870.308042,'SUCCESS',200,1662231.387372,'SUCCESS'),(247,10450,1561.420126,'SUCCESS',200,5369380.7525120005,'SUCCESS'),(248,10483,1142.351334,'SUCCESS',200,3860448.14649,'SUCCESS'),(249,3,0,'SUCCESS',200,1084.1824159999999,'SUCCESS'),(250,10474,1134.450668,'SUCCESS',200,3593854.637165,'SUCCESS'),(251,3,0,'SERVER_ERROR',500,386.040875,'SERVER_ERROR'),(251,10829,428.636083,'SUCCESS',200,2044729.5782690002,'SUCCESS'),(252,5,79.09925,'SERVER_ERROR',500,389.850459,'SERVER_ERROR'),(252,6987,445.646126,'SUCCESS',200,1317179.713052,'SUCCESS'),(253,10876,22.325875,'SUCCESS',200,68775.234939,'SUCCESS'),(254,10876,24.184541,'SUCCESS',200,36717.449723,'SUCCESS'),(255,10831,10.825167,'SUCCESS',200,5053.724982000001,'SUCCESS'),(256,10859,12.013582999999999,'SUCCESS',200,34529.538346,'SUCCESS'),(257,1,0,'SERVER_ERROR',500,10390.452170999999,'SERVER_ERROR'),(257,3849,870.308042,'SUCCESS',200,1662231.387372,'SUCCESS'),(258,10833,1561.420126,'SUCCESS',200,5671846.741796,'SUCCESS'),(259,10863,1099.172834,'SUCCESS',200,4025947.051444,'SUCCESS'),(260,3,0,'SUCCESS',200,1084.1824159999999,'SUCCESS'),(261,10859,1134.450668,'SUCCESS',200,3758773.844908,'SUCCESS'),(262,11261,22.325875,'SUCCESS',200,70321.89331,'SUCCESS'),(263,11261,24.184541,'SUCCESS',200,37550.114600999994,'SUCCESS'),(264,11214,10.825167,'SUCCESS',200,5169.288858,'SUCCESS'),(265,11234,12.655750000000001,'SUCCESS',200,35309.634968,'SUCCESS'),(266,3,0,'SERVER_ERROR',500,386.040875,'SERVER_ERROR'),(266,11212,436.39937499999996,'SUCCESS',200,2115826.698541,'SUCCESS'),(267,5,79.09925,'SERVER_ERROR',500,389.850459,'SERVER_ERROR'),(267,7369,445.646126,'SUCCESS',200,1388203.114609,'SUCCESS'),(268,1,0,'SERVER_ERROR',500,10390.452170999999,'SERVER_ERROR'),(268,3850,870.308042,'SUCCESS',200,1662858.580163,'SUCCESS'),(269,11215,1561.420126,'SUCCESS',200,5977178.092847,'SUCCESS'),(270,11243,1099.172834,'SUCCESS',200,4189430.8240910005,'SUCCESS'),(271,3,0,'SUCCESS',200,1084.1824159999999,'SUCCESS'),(272,11234,1134.450668,'SUCCESS',200,3920178.752118,'SUCCESS'),(273,3,0,'SERVER_ERROR',500,386.040875,'SERVER_ERROR'),(273,11592,436.39937499999996,'SUCCESS',200,2186926.5446220003,'SUCCESS'),(274,5,79.09925,'SERVER_ERROR',500,389.850459,'SERVER_ERROR'),(274,7749,462.377251,'SUCCESS',200,1459163.333993,'SUCCESS'),(275,11641,22.325875,'SUCCESS',200,71897.175856,'SUCCESS'),(276,11641,24.184541,'SUCCESS',200,38411.796809,'SUCCESS'),(277,11594,10.825167,'SUCCESS',200,5288.260311,'SUCCESS'),(278,11624,12.655750000000001,'SUCCESS',200,36143.824595,'SUCCESS'),(279,1,0,'SERVER_ERROR',500,10390.452170999999,'SERVER_ERROR'),(279,3850,870.308042,'SUCCESS',200,1662858.580163,'SUCCESS'),(280,11595,1561.420126,'SUCCESS',200,6285670.011414,'SUCCESS'),(281,11633,1099.172834,'SUCCESS',200,4359493.504163,'SUCCESS'),(282,3,0,'SUCCESS',200,1084.1824159999999,'SUCCESS'),(283,11624,1134.450668,'SUCCESS',200,4084603.501915,'SUCCESS'),(284,3,0,'SERVER_ERROR',500,386.040875,'SERVER_ERROR'),(284,11972,436.39937499999996,'SUCCESS',200,2257688.033361,'SUCCESS'),(285,5,79.09925,'SERVER_ERROR',500,389.850459,'SERVER_ERROR'),(285,8130,462.377251,'SUCCESS',200,1530355.400123,'SUCCESS'),(286,12019,22.325875,'SUCCESS',200,73471.834825,'SUCCESS'),(287,12019,24.184541,'SUCCESS',200,39297.53617,'SUCCESS'),(288,11974,10.825167,'SUCCESS',200,5407.382853,'SUCCESS'),(289,12002,12.655750000000001,'SUCCESS',200,36968.955729999994,'SUCCESS'),(290,1,0,'SERVER_ERROR',500,10390.452170999999,'SERVER_ERROR'),(290,3850,870.308042,'SUCCESS',200,1662858.580163,'SUCCESS'),(291,11975,1561.420126,'SUCCESS',200,6582941.034891999,'SUCCESS'),(292,12015,1099.172834,'SUCCESS',200,4519359.277295,'SUCCESS'),(293,3,0,'SUCCESS',200,1084.1824159999999,'SUCCESS'),(294,12002,1134.450668,'SUCCESS',200,4267420.7373669995,'SUCCESS'),(295,3,0,'SERVER_ERROR',500,386.040875,'SERVER_ERROR'),(295,12355,436.39937499999996,'SUCCESS',200,2329184.5931869997,'SUCCESS'),(296,6,79.09925,'SERVER_ERROR',500,466.80983399999997,'SERVER_ERROR'),(296,8510,462.377251,'SUCCESS',200,1601208.362313,'SUCCESS'),(297,12400,26.089167,'SUCCESS',200,75079.646615,'SUCCESS'),(298,12400,24.184541,'SUCCESS',200,40194.910925000004,'SUCCESS'),(299,12357,2.307459,'SUCCESS',200,5530.346886,'SUCCESS'),(300,12377,12.655750000000001,'SUCCESS',200,37781.099519,'SUCCESS'),(301,1,0,'SERVER_ERROR',500,10390.452170999999,'SERVER_ERROR'),(301,3851,710.430667,'SUCCESS',200,1663569.01083,'SUCCESS'),(302,12358,1561.420126,'SUCCESS',200,6879126.91845,'SUCCESS'),(303,12388,1099.172834,'SUCCESS',200,4680556.013682,'SUCCESS'),(304,3,0,'SUCCESS',200,1084.1824159999999,'SUCCESS'),(305,12377,1025.105333,'SUCCESS',200,4440578.539287,'SUCCESS'),(306,6,79.09925,'SERVER_ERROR',500,466.80983399999997,'SERVER_ERROR'),(306,8891,462.377251,'SUCCESS',200,1672830.4259670002,'SUCCESS'),(307,12781,26.089167,'SUCCESS',200,76585.892823,'SUCCESS'),(308,12781,24.184541,'SUCCESS',200,41000.143005,'SUCCESS'),(309,12736,2.307459,'SUCCESS',200,5644.01992,'SUCCESS'),(310,12752,12.655750000000001,'SUCCESS',200,38530.131596,'SUCCESS'),(311,3,0,'SERVER_ERROR',500,386.040875,'SERVER_ERROR'),(311,12734,436.39937499999996,'SUCCESS',200,2399600.775925,'SUCCESS'),(312,1,0,'SERVER_ERROR',500,10390.452170999999,'SERVER_ERROR'),(312,3851,710.430667,'SUCCESS',200,1663569.01083,'SUCCESS'),(313,12737,1561.420126,'SUCCESS',200,7178041.686533999,'SUCCESS'),(314,12767,1099.172834,'SUCCESS',200,4847725.123342,'SUCCESS'),(315,3,0,'SUCCESS',200,1084.1824159999999,'SUCCESS'),(316,12752,1025.105333,'SUCCESS',200,4592852.512526,'SUCCESS'),(317,3,0,'SERVER_ERROR',500,386.040875,'SERVER_ERROR'),(317,13116,436.39937499999996,'SUCCESS',200,2470204.073955,'SUCCESS'),(318,6,79.09925,'SERVER_ERROR',500,466.80983399999997,'SERVER_ERROR'),(318,9274,462.377251,'SUCCESS',200,1744728.978957,'SUCCESS'),(319,1,0,'SERVER_ERROR',500,10390.452170999999,'SERVER_ERROR'),(319,3851,710.430667,'SUCCESS',200,1663569.01083,'SUCCESS'),(320,13119,1417.8751670000001,'SUCCESS',200,7487415.116833999,'SUCCESS'),(321,13145,1099.172834,'SUCCESS',200,5017652.845435,'SUCCESS'),(322,3,0,'SUCCESS',200,1084.1824159999999,'SUCCESS'),(323,13140,1025.105333,'SUCCESS',200,4729836.524016,'SUCCESS'),(324,13166,26.089167,'SUCCESS',200,78176.33370199999,'SUCCESS'),(325,13166,24.184541,'SUCCESS',200,41849.250224999996,'SUCCESS'),(326,13118,2.307459,'SUCCESS',200,5757.760444,'SUCCESS'),(327,13140,12.655750000000001,'SUCCESS',200,39356.000629999995,'SUCCESS'),(328,6,79.09925,'SERVER_ERROR',500,466.80983399999997,'SERVER_ERROR'),(328,9655,462.377251,'SUCCESS',200,1816216.006158,'SUCCESS'),(329,13546,26.089167,'SUCCESS',200,79634.701573,'SUCCESS'),(330,13546,24.184541,'SUCCESS',200,42658.590355,'SUCCESS'),(331,13500,2.307459,'SUCCESS',200,5872.881609,'SUCCESS'),(332,13526,12.655750000000001,'SUCCESS',200,40137.640716999995,'SUCCESS'),(333,3,0,'SERVER_ERROR',500,386.040875,'SERVER_ERROR'),(333,13499,436.39937499999996,'SUCCESS',200,2541509.264454,'SUCCESS'),(334,1,0,'SERVER_ERROR',500,10390.452170999999,'SERVER_ERROR'),(334,3851,710.430667,'SUCCESS',200,1663569.01083,'SUCCESS'),(335,13501,1437.10975,'SUCCESS',200,7803404.930764999,'SUCCESS'),(336,13538,1099.172834,'SUCCESS',200,5198452.087902,'SUCCESS'),(337,3,0,'SUCCESS',200,1084.1824159999999,'SUCCESS'),(338,13526,1025.105333,'SUCCESS',200,4880652.891229,'SUCCESS'),(339,6,79.09925,'SERVER_ERROR',500,466.80983399999997,'SERVER_ERROR'),(339,10014,462.377251,'SUCCESS',200,1882766.221933,'SUCCESS'),(340,3,0,'SERVER_ERROR',500,386.040875,'SERVER_ERROR'),(340,13859,436.39937499999996,'SUCCESS',200,2608377.784488,'SUCCESS'),(341,13907,35.67925,'SUCCESS',200,81119.524574,'SUCCESS'),(342,13907,17.823917,'SUCCESS',200,43452.025392999996,'SUCCESS'),(343,13861,1.450584,'SUCCESS',200,5981.408665,'SUCCESS'),(344,13883,12.655750000000001,'SUCCESS',200,40857.148932000004,'SUCCESS'),(345,1,0,'SERVER_ERROR',500,10390.452170999999,'SERVER_ERROR'),(345,3851,710.430667,'SUCCESS',200,1663569.01083,'SUCCESS'),(346,13862,1437.10975,'SUCCESS',200,8094001.171723,'SUCCESS'),(347,13902,1110.695459,'SUCCESS',200,5363489.818556,'SUCCESS'),(348,3,0,'SUCCESS',200,1084.1824159999999,'SUCCESS'),(349,1,10453.993088000001,'SERVER_ERROR',500,10453.993088000001,'SERVER_ERROR'),(349,13883,1087.227501,'SUCCESS',200,5062118.582966,'SUCCESS'),(350,3,0,'SERVER_ERROR',500,386.040875,'SERVER_ERROR'),(350,14240,436.39937499999996,'SUCCESS',200,2679366.023603,'SUCCESS'),(351,6,79.09925,'SERVER_ERROR',500,466.80983399999997,'SERVER_ERROR'),(351,10396,462.377251,'SUCCESS',200,1953981.3835449999,'SUCCESS'),(352,14287,35.67925,'SUCCESS',200,82602.193499,'SUCCESS'),(353,14286,17.823917,'SUCCESS',200,44270.116546,'SUCCESS'),(354,14242,1.450584,'SUCCESS',200,6095.270953,'SUCCESS'),(355,14266,12.655750000000001,'SUCCESS',200,41615.642221,'SUCCESS'),(356,1,0,'SERVER_ERROR',500,10390.452170999999,'SERVER_ERROR'),(356,3851,710.430667,'SUCCESS',200,1663569.01083,'SUCCESS'),(357,14243,1437.10975,'SUCCESS',200,8402178.942418002,'SUCCESS'),(358,14277,1232.8818749999998,'SUCCESS',200,5534049.269139,'SUCCESS'),(359,3,0,'SUCCESS',200,1084.1824159999999,'SUCCESS'),(360,1,10453.993088000001,'SERVER_ERROR',500,10453.993088000001,'SERVER_ERROR'),(360,14266,1087.227501,'SUCCESS',200,5213098.175025,'SUCCESS'),(361,14670,35.67925,'SUCCESS',200,84118.799333,'SUCCESS'),(362,14670,17.823917,'SUCCESS',200,45125.210170000006,'SUCCESS'),(363,14624,1.491625,'SUCCESS',200,6210.196163,'SUCCESS'),(364,14645,12.655750000000001,'SUCCESS',200,42383.20738,'SUCCESS'),(365,3,0,'SERVER_ERROR',500,386.040875,'SERVER_ERROR'),(365,14622,436.39937499999996,'SUCCESS',200,2750437.3295010002,'SUCCESS'),(366,6,79.09925,'SERVER_ERROR',500,466.80983399999997,'SERVER_ERROR'),(366,10778,462.377251,'SUCCESS',200,2025758.36761,'SUCCESS'),(367,1,0,'SERVER_ERROR',500,10390.452170999999,'SERVER_ERROR'),(367,3851,710.430667,'SUCCESS',200,1663569.01083,'SUCCESS'),(368,14625,1437.10975,'SUCCESS',200,8703163.639106,'SUCCESS'),(369,14656,1232.8818749999998,'SUCCESS',200,5700830.481999,'SUCCESS'),(370,3,0,'SUCCESS',200,1084.1824159999999,'SUCCESS'),(371,1,10453.993088000001,'SERVER_ERROR',500,10453.993088000001,'SERVER_ERROR'),(371,14645,1087.227501,'SUCCESS',200,5381872.355964,'SUCCESS'),(372,6,76.959375,'SERVER_ERROR',500,466.80983399999997,'SERVER_ERROR'),(372,11160,462.377251,'SUCCESS',200,2096647.5878060001,'SUCCESS'),(373,3,0,'SERVER_ERROR',500,386.040875,'SERVER_ERROR'),(373,15005,436.39937499999996,'SUCCESS',200,2821426.540792,'SUCCESS'),(374,15054,35.67925,'SUCCESS',200,85682.227292,'SUCCESS'),(375,15054,17.823917,'SUCCESS',200,45933.775885,'SUCCESS'),(376,15007,1.491625,'SUCCESS',200,6325.344743,'SUCCESS'),(377,15027,12.780334000000002,'SUCCESS',200,43168.984559000004,'SUCCESS'),(378,1,0,'SERVER_ERROR',500,10390.452170999999,'SERVER_ERROR'),(378,3851,710.430667,'SUCCESS',200,1663569.01083,'SUCCESS'),(379,15008,1437.10975,'SUCCESS',200,8998989.178983,'SUCCESS'),(380,15037,1232.8818749999998,'SUCCESS',200,5863130.377945,'SUCCESS'),(381,3,0,'SUCCESS',200,1084.1824159999999,'SUCCESS'),(382,1,10453.993088000001,'SERVER_ERROR',500,10453.993088000001,'SERVER_ERROR'),(382,15027,1087.227501,'SUCCESS',200,5552996.923968,'SUCCESS'),(383,3,0,'SERVER_ERROR',500,386.040875,'SERVER_ERROR'),(383,15384,373.23958400000004,'SUCCESS',200,2892774.4039869998,'SUCCESS'),(384,15433,35.67925,'SUCCESS',200,87250.665552,'SUCCESS'),(385,15433,17.645167,'SUCCESS',200,46774.603921999995,'SUCCESS'),(386,15386,1.491625,'SUCCESS',200,6441.442829,'SUCCESS'),(387,15404,12.780334000000002,'SUCCESS',200,43984.79443,'SUCCESS'),(388,1,0,'SERVER_ERROR',500,10390.452170999999,'SERVER_ERROR'),(388,3851,0,'SUCCESS',200,1663569.01083,'SUCCESS'),(389,15387,1437.10975,'SUCCESS',200,9298545.034536999,'SUCCESS'),(390,15426,1232.8818749999998,'SUCCESS',200,6034613.696557,'SUCCESS'),(391,3,0,'SUCCESS',200,1084.1824159999999,'SUCCESS'),(392,1,10453.993088000001,'SERVER_ERROR',500,10453.993088000001,'SERVER_ERROR'),(392,15404,1087.227501,'SUCCESS',200,5713060.112009,'SUCCESS'),(393,6,76.959375,'SERVER_ERROR',500,466.80983399999997,'SERVER_ERROR'),(393,11540,462.377251,'SUCCESS',200,2167708.437204,'SUCCESS'),(394,6,76.959375,'SERVER_ERROR',500,466.80983399999997,'SERVER_ERROR'),(394,11917,462.377251,'SUCCESS',200,2238826.805608,'SUCCESS'),(395,3,0,'SERVER_ERROR',500,386.040875,'SERVER_ERROR'),(395,15760,373.23958400000004,'SUCCESS',200,2963657.147534,'SUCCESS'),(396,15808,35.67925,'SUCCESS',200,88801.326255,'SUCCESS'),(397,15808,17.645167,'SUCCESS',200,47617.151506,'SUCCESS'),(398,15762,1.491625,'SUCCESS',200,6557.9832590000005,'SUCCESS'),(399,15782,12.780334000000002,'SUCCESS',200,44774.700022,'SUCCESS'),(400,1,0,'SERVER_ERROR',500,10390.452170999999,'SERVER_ERROR'),(400,3851,0,'SUCCESS',200,1663569.01083,'SUCCESS'),(401,15763,1437.10975,'SUCCESS',200,9597008.066345999,'SUCCESS'),(402,15791,1232.8818749999998,'SUCCESS',200,6190617.822217,'SUCCESS'),(403,3,0,'SUCCESS',200,1084.1824159999999,'SUCCESS'),(404,1,10453.993088000001,'SERVER_ERROR',500,10453.993088000001,'SERVER_ERROR'),(404,15782,1087.227501,'SUCCESS',200,5875373.201749,'SUCCESS'),(405,3,0,'SERVER_ERROR',500,386.040875,'SERVER_ERROR'),(405,16117,435.99295900000004,'SUCCESS',200,3030200.0715240003,'SUCCESS'),(406,6,76.959375,'SERVER_ERROR',500,466.80983399999997,'SERVER_ERROR'),(406,12273,459.124542,'SUCCESS',200,2304988.126557,'SUCCESS'),(407,16167,35.67925,'SUCCESS',200,90235.76022,'SUCCESS'),(408,16167,17.645167,'SUCCESS',200,48416.353567,'SUCCESS'),(409,16118,1.491625,'SUCCESS',200,6669.246191,'SUCCESS'),(410,16138,12.780334000000002,'SUCCESS',200,45511.329219,'SUCCESS'),(411,1,0,'SERVER_ERROR',500,10390.452170999999,'SERVER_ERROR'),(411,3851,0,'SUCCESS',200,1663569.01083,'SUCCESS'),(412,1,10804.557879,'SERVER_ERROR',500,10804.557879,'SERVER_ERROR'),(412,16119,1437.10975,'SUCCESS',200,9891674.557967998,'SUCCESS'),(413,16154,1232.8818749999998,'SUCCESS',200,6361232.061980001,'SUCCESS'),(414,3,0,'SUCCESS',200,1084.1824159999999,'SUCCESS'),(415,1,10453.993088000001,'SERVER_ERROR',500,10453.993088000001,'SERVER_ERROR'),(415,16138,1087.227501,'SUCCESS',200,6042995.84347,'SUCCESS'),(416,6,0,'SERVER_ERROR',500,466.80983399999997,'SERVER_ERROR'),(416,12650,459.124542,'SUCCESS',200,2376049.310343,'SUCCESS'),(417,3,0,'SERVER_ERROR',500,386.040875,'SERVER_ERROR'),(417,16493,435.99295900000004,'SUCCESS',200,3100589.710256,'SUCCESS'),(418,16546,35.67925,'SUCCESS',200,91818.93055,'SUCCESS'),(419,16546,17.645167,'SUCCESS',200,49290.062226,'SUCCESS'),(420,16494,1.491625,'SUCCESS',200,6789.476154,'SUCCESS'),(421,16519,17.585584,'SUCCESS',200,46347.839391,'SUCCESS'),(422,1,0,'SERVER_ERROR',500,10390.452170999999,'SERVER_ERROR'),(422,3851,0,'SUCCESS',200,1663569.01083,'SUCCESS'),(423,1,10804.557879,'SERVER_ERROR',500,10804.557879,'SERVER_ERROR'),(423,16495,1437.10975,'SUCCESS',200,10189468.682486,'SUCCESS'),(424,16531,1232.8818749999998,'SUCCESS',200,6520789.797876,'SUCCESS'),(425,3,0,'SUCCESS',200,1084.1824159999999,'SUCCESS'),(426,1,10453.993088000001,'SERVER_ERROR',500,10453.993088000001,'SERVER_ERROR'),(426,16519,1087.227501,'SUCCESS',200,6210797.538118999,'SUCCESS');
/*!40000 ALTER TABLE `http_endpoint_metrics_outcome_metrics` ENABLE KEYS */;
UNLOCK TABLES;

--
-- Table structure for table `instance_metrics_snapshot`
--

DROP TABLE IF EXISTS `instance_metrics_snapshot`;
/*!40101 SET @saved_cs_client     = @@character_set_client */;
/*!50503 SET character_set_client = utf8mb4 */;
CREATE TABLE `instance_metrics_snapshot` (
  `id` bigint NOT NULL AUTO_INCREMENT,
  `cpu_usage` double DEFAULT NULL,
  `disk_free_space` double DEFAULT NULL,
  `disk_total_space` double DEFAULT NULL,
  `instance_id` varchar(255) DEFAULT NULL,
  `service_id` varchar(255) DEFAULT NULL,
  `status` varchar(255) DEFAULT NULL,
  `timestamp` datetime DEFAULT NULL,
  PRIMARY KEY (`id`)
) ENGINE=InnoDB AUTO_INCREMENT=154 DEFAULT CHARSET=utf8mb4 COLLATE=utf8mb4_0900_ai_ci;
/*!40101 SET character_set_client = @saved_cs_client */;

--
-- Dumping data for table `instance_metrics_snapshot`
--

LOCK TABLES `instance_metrics_snapshot` WRITE;
/*!40000 ALTER TABLE `instance_metrics_snapshot` DISABLE KEYS */;
INSERT INTO `instance_metrics_snapshot` VALUES (1,0.16666666666666666,18501578752,33634926592,'delivery-proxy-1-service@192.168.1.18:58095','DELIVERY-PROXY-SERVICE','ACTIVE','2022-11-10 22:15:20'),(2,0.3333333333333333,18501562368,33634926592,'restaurant-service@192.168.1.18:58085','RESTAURANT-SERVICE','ACTIVE','2022-11-10 22:15:20'),(3,0,18501562368,33634926592,'ordering-service@192.168.1.18:58086','ORDERING-SERVICE','ACTIVE','2022-11-10 22:15:20'),(4,0.65478104615187,18488508416,33634926592,'delivery-proxy-1-service@192.168.1.18:58095','DELIVERY-PROXY-SERVICE','ACTIVE','2022-11-10 22:15:35'),(5,0.6543556953756,18488508416,33634926592,'restaurant-service@192.168.1.18:58085','RESTAURANT-SERVICE','ACTIVE','2022-11-10 22:15:35'),(6,0.6543522130970749,18488508416,33634926592,'ordering-service@192.168.1.18:58086','ORDERING-SERVICE','ACTIVE','2022-11-10 22:15:35'),(7,0.5256308365663682,18475151360,33634926592,'delivery-proxy-1-service@192.168.1.18:58095','DELIVERY-PROXY-SERVICE','ACTIVE','2022-11-10 22:15:50'),(8,0.525561568763549,18475151360,33634926592,'ordering-service@192.168.1.18:58086','ORDERING-SERVICE','ACTIVE','2022-11-10 22:15:50'),(9,0.5256829739321435,18475151360,33634926592,'restaurant-service@192.168.1.18:58085','RESTAURANT-SERVICE','ACTIVE','2022-11-10 22:15:50'),(10,0.4167762788911092,18461794304,33634926592,'delivery-proxy-1-service@192.168.1.18:58095','DELIVERY-PROXY-SERVICE','ACTIVE','2022-11-10 22:16:05'),(11,0.4166812681326837,18461777920,33634926592,'restaurant-service@192.168.1.18:58085','RESTAURANT-SERVICE','ACTIVE','2022-11-10 22:16:05'),(12,0.4167762788911092,18461794304,33634926592,'ordering-service@192.168.1.18:58086','ORDERING-SERVICE','ACTIVE','2022-11-10 22:16:05'),(13,0.5416995250165882,18449412096,33634926592,'delivery-proxy-1-service@192.168.1.18:58095','DELIVERY-PROXY-SERVICE','ACTIVE','2022-11-10 22:16:20'),(14,0.5416686893269275,18449412096,33634926592,'restaurant-service@192.168.1.18:58085','RESTAURANT-SERVICE','ACTIVE','2022-11-10 22:16:20'),(15,0.5416489110553074,18449412096,33634926592,'ordering-service@192.168.1.18:58086','ORDERING-SERVICE','ACTIVE','2022-11-10 22:16:20'),(16,0.30674643311004696,18435944448,33634926592,'delivery-proxy-1-service@192.168.1.18:58095','DELIVERY-PROXY-SERVICE','ACTIVE','2022-11-10 22:16:35'),(17,0.30674643311004696,18435944448,33634926592,'restaurant-service@192.168.1.18:58085','RESTAURANT-SERVICE','ACTIVE','2022-11-10 22:16:36'),(18,0.30687290527534167,18435944448,33634926592,'ordering-service@192.168.1.18:58086','ORDERING-SERVICE','ACTIVE','2022-11-10 22:16:36'),(19,0.25676227273104457,18426335232,33634926592,'delivery-proxy-1-service@192.168.1.18:58095','DELIVERY-PROXY-SERVICE','ACTIVE','2022-11-10 22:16:51'),(20,0.25670936375636916,18426335232,33634926592,'restaurant-service@192.168.1.18:58085','RESTAURANT-SERVICE','ACTIVE','2022-11-10 22:16:51'),(21,0.2566542388185848,18426335232,33634926592,'ordering-service@192.168.1.18:58086','ORDERING-SERVICE','ACTIVE','2022-11-10 22:16:51'),(22,0.2170782705883183,18418724864,33634926592,'restaurant-service@192.168.1.18:58085','RESTAURANT-SERVICE','ACTIVE','2022-11-10 22:17:06'),(23,0.2171914887259672,18418724864,33634926592,'delivery-proxy-1-service@192.168.1.18:58095','DELIVERY-PROXY-SERVICE','ACTIVE','2022-11-10 22:17:06'),(24,0,18418724864,33634926592,'payment-proxy-1-service@192.168.1.18:58090','PAYMENT-PROXY-SERVICE','ACTIVE','2022-11-10 22:17:06'),(25,0.2170782705883183,18418724864,33634926592,'ordering-service@192.168.1.18:58086','ORDERING-SERVICE','ACTIVE','2022-11-10 22:17:06'),(26,0.19426185309671262,18411225088,33634926592,'delivery-proxy-1-service@192.168.1.18:58095','DELIVERY-PROXY-SERVICE','ACTIVE','2022-11-10 22:17:21'),(27,0.19428554435822087,18411225088,33634926592,'payment-proxy-1-service@192.168.1.18:58090','PAYMENT-PROXY-SERVICE','ACTIVE','2022-11-10 22:17:21'),(28,0.1945363181838385,18411225088,33634926592,'restaurant-service@192.168.1.18:58085','RESTAURANT-SERVICE','ACTIVE','2022-11-10 22:17:21'),(29,0.19444438796868077,18411225088,33634926592,'ordering-service@192.168.1.18:58086','ORDERING-SERVICE','ACTIVE','2022-11-10 22:17:21'),(30,0.18438735310268803,18403667968,33634926592,'delivery-proxy-1-service@192.168.1.18:58095','DELIVERY-PROXY-SERVICE','ACTIVE','2022-11-10 22:17:36'),(31,0.1844590220662428,18403663872,33634926592,'payment-proxy-1-service@192.168.1.18:58090','PAYMENT-PROXY-SERVICE','ACTIVE','2022-11-10 22:17:36'),(32,0.1842743890213863,18403663872,33634926592,'restaurant-service@192.168.1.18:58085','RESTAURANT-SERVICE','ACTIVE','2022-11-10 22:17:36'),(33,0.18455156534953912,18403663872,33634926592,'ordering-service@192.168.1.18:58086','ORDERING-SERVICE','ACTIVE','2022-11-10 22:17:36'),(34,0.22774382708670768,18395983872,33634926592,'delivery-proxy-1-service@192.168.1.18:58095','DELIVERY-PROXY-SERVICE','ACTIVE','2022-11-10 22:17:51'),(35,0.22765012472281132,18395979776,33634926592,'payment-proxy-1-service@192.168.1.18:58090','PAYMENT-PROXY-SERVICE','ACTIVE','2022-11-10 22:17:51'),(36,0.2279151793154797,18395979776,33634926592,'restaurant-service@192.168.1.18:58085','RESTAURANT-SERVICE','ACTIVE','2022-11-10 22:17:51'),(37,0.22759023480590504,18395987968,33634926592,'ordering-service@192.168.1.18:58086','ORDERING-SERVICE','ACTIVE','2022-11-10 22:17:51'),(38,0.18403202071152922,18388516864,33634926592,'payment-proxy-1-service@192.168.1.18:58090','PAYMENT-PROXY-SERVICE','ACTIVE','2022-11-10 22:18:06'),(39,0.18417714890563622,18388516864,33634926592,'delivery-proxy-1-service@192.168.1.18:58095','DELIVERY-PROXY-SERVICE','ACTIVE','2022-11-10 22:18:06'),(40,0.18401185494439173,18388516864,33634926592,'restaurant-service@192.168.1.18:58085','RESTAURANT-SERVICE','ACTIVE','2022-11-10 22:18:06'),(41,0.18417714890563622,18388516864,33634926592,'ordering-service@192.168.1.18:58086','ORDERING-SERVICE','ACTIVE','2022-11-10 22:18:06'),(42,0.16809039237441634,18381086720,33634926592,'payment-proxy-1-service@192.168.1.18:58090','PAYMENT-PROXY-SERVICE','ACTIVE','2022-11-10 22:18:21'),(43,0.16794079858533253,18381090816,33634926592,'restaurant-service@192.168.1.18:58085','RESTAURANT-SERVICE','ACTIVE','2022-11-10 22:18:21'),(44,0.1681087962292093,18381086720,33634926592,'delivery-proxy-1-service@192.168.1.18:58095','DELIVERY-PROXY-SERVICE','ACTIVE','2022-11-10 22:18:21'),(45,0.16794079858533253,18381090816,33634926592,'ordering-service@192.168.1.18:58086','ORDERING-SERVICE','ACTIVE','2022-11-10 22:18:21'),(46,0.18666160943164423,18373443584,33634926592,'delivery-proxy-1-service@192.168.1.18:58095','DELIVERY-PROXY-SERVICE','ACTIVE','2022-11-10 22:18:36'),(47,0.1868946465730762,18373443584,33634926592,'payment-proxy-1-service@192.168.1.18:58090','PAYMENT-PROXY-SERVICE','ACTIVE','2022-11-10 22:18:36'),(48,0.18733159522362655,18373443584,33634926592,'restaurant-service@192.168.1.18:58085','RESTAURANT-SERVICE','ACTIVE','2022-11-10 22:18:36'),(49,0.18696497236336226,18373443584,33634926592,'ordering-service@192.168.1.18:58086','ORDERING-SERVICE','ACTIVE','2022-11-10 22:18:36'),(50,0.16740277334308143,18365906944,33634926592,'delivery-proxy-1-service@192.168.1.18:58095','DELIVERY-PROXY-SERVICE','ACTIVE','2022-11-10 22:18:51'),(51,0.16691478430433251,18365906944,33634926592,'payment-proxy-1-service@192.168.1.18:58090','PAYMENT-PROXY-SERVICE','ACTIVE','2022-11-10 22:18:51'),(52,0.16663250516756922,18365906944,33634926592,'restaurant-service@192.168.1.18:58085','RESTAURANT-SERVICE','ACTIVE','2022-11-10 22:18:51'),(53,0.1670071606804073,18365906944,33634926592,'ordering-service@192.168.1.18:58086','ORDERING-SERVICE','ACTIVE','2022-11-10 22:18:51'),(54,0.1587026986246469,18358202368,33634926592,'delivery-proxy-1-service@192.168.1.18:58095','DELIVERY-PROXY-SERVICE','ACTIVE','2022-11-10 22:19:06'),(55,0.1589341197612858,18358202368,33634926592,'restaurant-service@192.168.1.18:58085','RESTAURANT-SERVICE','ACTIVE','2022-11-10 22:19:06'),(56,0.15931524915745263,18358202368,33634926592,'payment-proxy-1-service@192.168.1.18:58090','PAYMENT-PROXY-SERVICE','ACTIVE','2022-11-10 22:19:06'),(57,0.1588569025457038,18358202368,33634926592,'ordering-service@192.168.1.18:58086','ORDERING-SERVICE','ACTIVE','2022-11-10 22:19:06'),(58,0.16087360864899317,18350600192,33634926592,'payment-proxy-1-service@192.168.1.18:58090','PAYMENT-PROXY-SERVICE','ACTIVE','2022-11-10 22:19:21'),(59,0.16123602176357033,18350600192,33634926592,'delivery-proxy-1-service@192.168.1.18:58095','DELIVERY-PROXY-SERVICE','ACTIVE','2022-11-10 22:19:21'),(60,0.16161234450503978,18350596096,33634926592,'restaurant-service@192.168.1.18:58085','RESTAURANT-SERVICE','ACTIVE','2022-11-10 22:19:21'),(61,0.16133005493422628,18350600192,33634926592,'ordering-service@192.168.1.18:58086','ORDERING-SERVICE','ACTIVE','2022-11-10 22:19:21'),(62,0.15277035648929407,18343075840,33634926592,'delivery-proxy-1-service@192.168.1.18:58095','DELIVERY-PROXY-SERVICE','ACTIVE','2022-11-10 22:19:37'),(63,0.1528321973179699,18343075840,33634926592,'payment-proxy-1-service@192.168.1.18:58090','PAYMENT-PROXY-SERVICE','ACTIVE','2022-11-10 22:19:37'),(64,0.1524665535876194,18343075840,33634926592,'restaurant-service@192.168.1.18:58085','RESTAURANT-SERVICE','ACTIVE','2022-11-10 22:19:37'),(65,0.15277035648929407,18343075840,33634926592,'ordering-service@192.168.1.18:58086','ORDERING-SERVICE','ACTIVE','2022-11-10 22:19:37'),(66,0.1594770780529968,18335563776,33634926592,'restaurant-service@192.168.1.18:58085','RESTAURANT-SERVICE','ACTIVE','2022-11-10 22:19:52'),(67,0.15970719331204386,18335563776,33634926592,'delivery-proxy-1-service@192.168.1.18:58095','DELIVERY-PROXY-SERVICE','ACTIVE','2022-11-10 22:19:52'),(68,0.15964741495224266,18335563776,33634926592,'payment-proxy-1-service@192.168.1.18:58090','PAYMENT-PROXY-SERVICE','ACTIVE','2022-11-10 22:19:52'),(69,0.159536908552434,18335563776,33634926592,'ordering-service@192.168.1.18:58086','ORDERING-SERVICE','ACTIVE','2022-11-10 22:19:52'),(70,0.15161796428692284,18328055808,33634926592,'delivery-proxy-1-service@192.168.1.18:58095','DELIVERY-PROXY-SERVICE','ACTIVE','2022-11-10 22:20:07'),(71,0.15161796428692284,18328055808,33634926592,'payment-proxy-1-service@192.168.1.18:58090','PAYMENT-PROXY-SERVICE','ACTIVE','2022-11-10 22:20:07'),(72,0.15121765305245208,18328059904,33634926592,'ordering-service@192.168.1.18:58086','ORDERING-SERVICE','ACTIVE','2022-11-10 22:20:07'),(73,0.15185484341885544,18328047616,33634926592,'restaurant-service@192.168.1.18:58085','RESTAURANT-SERVICE','ACTIVE','2022-11-10 22:20:07'),(74,0.17013724700729163,18320424960,33634926592,'restaurant-service@192.168.1.18:58085','RESTAURANT-SERVICE','ACTIVE','2022-11-10 22:20:22'),(75,0.170172311943432,18320420864,33634926592,'payment-proxy-1-service@192.168.1.18:58090','PAYMENT-PROXY-SERVICE','ACTIVE','2022-11-10 22:20:22'),(76,0.170172311943432,18320420864,33634926592,'delivery-proxy-1-service@192.168.1.18:58095','DELIVERY-PROXY-SERVICE','ACTIVE','2022-11-10 22:20:22'),(77,0.17073578715288606,18320420864,33634926592,'ordering-service@192.168.1.18:58086','ORDERING-SERVICE','ACTIVE','2022-11-10 22:20:22'),(78,0.1747403755528069,18312871936,33634926592,'delivery-proxy-1-service@192.168.1.18:58095','DELIVERY-PROXY-SERVICE','ACTIVE','2022-11-10 22:20:37'),(79,0.17490533648949824,18312871936,33634926592,'payment-proxy-1-service@192.168.1.18:58090','PAYMENT-PROXY-SERVICE','ACTIVE','2022-11-10 22:20:37'),(80,0.17516179561667614,18312867840,33634926592,'restaurant-service@192.168.1.18:58085','RESTAURANT-SERVICE','ACTIVE','2022-11-10 22:20:37'),(81,0.1747403755528069,18312871936,33634926592,'ordering-service@192.168.1.18:58086','ORDERING-SERVICE','ACTIVE','2022-11-10 22:20:37'),(82,0.15676515082323292,18305306624,33634926592,'payment-proxy-1-service@192.168.1.18:58090','PAYMENT-PROXY-SERVICE','ACTIVE','2022-11-10 22:20:52'),(83,0.15675249930487595,18305306624,33634926592,'restaurant-service@192.168.1.18:58085','RESTAURANT-SERVICE','ACTIVE','2022-11-10 22:20:52'),(84,0.15693537808812727,18305310720,33634926592,'delivery-proxy-1-service@192.168.1.18:58095','DELIVERY-PROXY-SERVICE','ACTIVE','2022-11-10 22:20:52'),(85,0.15676851261776345,18305323008,33634926592,'ordering-service@192.168.1.18:58086','ORDERING-SERVICE','ACTIVE','2022-11-10 22:20:52'),(86,0.15752778767611897,18297741312,33634926592,'payment-proxy-1-service@192.168.1.18:58090','PAYMENT-PROXY-SERVICE','ACTIVE','2022-11-10 22:21:07'),(87,0.15750925740425661,18297741312,33634926592,'delivery-proxy-1-service@192.168.1.18:58095','DELIVERY-PROXY-SERVICE','ACTIVE','2022-11-10 22:21:07'),(88,0.1573158959525213,18297741312,33634926592,'restaurant-service@192.168.1.18:58085','RESTAURANT-SERVICE','ACTIVE','2022-11-10 22:21:07'),(89,0.1576340320770149,18297741312,33634926592,'ordering-service@192.168.1.18:58086','ORDERING-SERVICE','ACTIVE','2022-11-10 22:21:07'),(90,0.15387222844107637,18290139136,33634926592,'delivery-proxy-1-service@192.168.1.18:58095','DELIVERY-PROXY-SERVICE','ACTIVE','2022-11-10 22:21:22'),(91,0.15385521191462587,18290135040,33634926592,'payment-proxy-1-service@192.168.1.18:58090','PAYMENT-PROXY-SERVICE','ACTIVE','2022-11-10 22:21:22'),(92,0.15379595106198912,18290135040,33634926592,'restaurant-service@192.168.1.18:58085','RESTAURANT-SERVICE','ACTIVE','2022-11-10 22:21:22'),(93,0.15366693666541015,18290139136,33634926592,'ordering-service@192.168.1.18:58086','ORDERING-SERVICE','ACTIVE','2022-11-10 22:21:22'),(94,0.14941056130591981,18282438656,33634926592,'restaurant-service@192.168.1.18:58085','RESTAURANT-SERVICE','ACTIVE','2022-11-10 22:21:37'),(95,0.14945467870979565,18282438656,33634926592,'delivery-proxy-1-service@192.168.1.18:58095','DELIVERY-PROXY-SERVICE','ACTIVE','2022-11-10 22:21:37'),(96,0.14945467870979565,18282438656,33634926592,'payment-proxy-1-service@192.168.1.18:58090','PAYMENT-PROXY-SERVICE','ACTIVE','2022-11-10 22:21:37'),(97,0.14970796983889498,18282438656,33634926592,'ordering-service@192.168.1.18:58086','ORDERING-SERVICE','ACTIVE','2022-11-10 22:21:37'),(98,0.15485501265010645,18274787328,33634926592,'delivery-proxy-1-service@192.168.1.18:58095','DELIVERY-PROXY-SERVICE','ACTIVE','2022-11-10 22:21:52'),(99,0.15502991792391813,18274787328,33634926592,'payment-proxy-1-service@192.168.1.18:58090','PAYMENT-PROXY-SERVICE','ACTIVE','2022-11-10 22:21:52'),(100,0.15506987663208668,18274787328,33634926592,'restaurant-service@192.168.1.18:58085','RESTAURANT-SERVICE','ACTIVE','2022-11-10 22:21:52'),(101,0.1551251117922516,18274787328,33634926592,'ordering-service@192.168.1.18:58086','ORDERING-SERVICE','ACTIVE','2022-11-10 22:21:52'),(102,0.1517290016581865,18267181056,33634926592,'delivery-proxy-1-service@192.168.1.18:58095','DELIVERY-PROXY-SERVICE','ACTIVE','2022-11-10 22:22:07'),(103,0.1518420617785021,18267176960,33634926592,'payment-proxy-1-service@192.168.1.18:58090','PAYMENT-PROXY-SERVICE','ACTIVE','2022-11-10 22:22:07'),(104,0.1517463985813632,18267181056,33634926592,'restaurant-service@192.168.1.18:58085','RESTAURANT-SERVICE','ACTIVE','2022-11-10 22:22:07'),(105,0.15165060575929598,18267176960,33634926592,'ordering-service@192.168.1.18:58086','ORDERING-SERVICE','ACTIVE','2022-11-10 22:22:07'),(106,0.15316237798919774,18259640320,33634926592,'delivery-proxy-1-service@192.168.1.18:58095','DELIVERY-PROXY-SERVICE','ACTIVE','2022-11-10 22:22:22'),(107,0.1529341155419651,18259640320,33634926592,'payment-proxy-1-service@192.168.1.18:58090','PAYMENT-PROXY-SERVICE','ACTIVE','2022-11-10 22:22:22'),(108,0.15297070184954406,18259640320,33634926592,'restaurant-service@192.168.1.18:58085','RESTAURANT-SERVICE','ACTIVE','2022-11-10 22:22:22'),(109,0.1529067059440569,18259640320,33634926592,'ordering-service@192.168.1.18:58086','ORDERING-SERVICE','ACTIVE','2022-11-10 22:22:22'),(110,0.1454618589957873,18252111872,33634926592,'payment-proxy-1-service@192.168.1.18:58090','PAYMENT-PROXY-SERVICE','ACTIVE','2022-11-10 22:22:37'),(111,0.14558561543675863,18252111872,33634926592,'restaurant-service@192.168.1.18:58085','RESTAURANT-SERVICE','ACTIVE','2022-11-10 22:22:37'),(112,0.14558561543675863,18252111872,33634926592,'delivery-proxy-1-service@192.168.1.18:58095','DELIVERY-PROXY-SERVICE','ACTIVE','2022-11-10 22:22:37'),(113,0.14558888737989287,18252111872,33634926592,'ordering-service@192.168.1.18:58086','ORDERING-SERVICE','ACTIVE','2022-11-10 22:22:37'),(114,0.14867806905632994,18244468736,33634926592,'delivery-proxy-1-service@192.168.1.18:58095','DELIVERY-PROXY-SERVICE','ACTIVE','2022-11-10 22:22:53'),(115,0.14882192826894872,18244468736,33634926592,'payment-proxy-1-service@192.168.1.18:58090','PAYMENT-PROXY-SERVICE','ACTIVE','2022-11-10 22:22:53'),(116,0.14864443164590302,18244468736,33634926592,'ordering-service@192.168.1.18:58086','ORDERING-SERVICE','ACTIVE','2022-11-10 22:22:53'),(117,0.14866201408410504,18244468736,33634926592,'restaurant-service@192.168.1.18:58085','RESTAURANT-SERVICE','ACTIVE','2022-11-10 22:22:53'),(118,0.15022373675755465,18236825600,33634926592,'payment-proxy-1-service@192.168.1.18:58090','PAYMENT-PROXY-SERVICE','ACTIVE','2022-11-10 22:23:08'),(119,0.15023922766302658,18236825600,33634926592,'restaurant-service@192.168.1.18:58085','RESTAURANT-SERVICE','ACTIVE','2022-11-10 22:23:08'),(120,0.15049529114073856,18236825600,33634926592,'delivery-proxy-1-service@192.168.1.18:58095','DELIVERY-PROXY-SERVICE','ACTIVE','2022-11-10 22:23:08'),(121,0.1501452909552038,18236825600,33634926592,'ordering-service@192.168.1.18:58086','ORDERING-SERVICE','ACTIVE','2022-11-10 22:23:08'),(122,0.1432641968689483,18229714944,33634926592,'payment-proxy-1-service@192.168.1.18:58090','PAYMENT-PROXY-SERVICE','ACTIVE','2022-11-10 22:23:23'),(123,0.14305367559255142,18229714944,33634926592,'delivery-proxy-1-service@192.168.1.18:58095','DELIVERY-PROXY-SERVICE','ACTIVE','2022-11-10 22:23:23'),(124,0.14341131911364036,18229714944,33634926592,'restaurant-service@192.168.1.18:58085','RESTAURANT-SERVICE','ACTIVE','2022-11-10 22:23:23'),(125,0.14350544805494705,18229714944,33634926592,'ordering-service@192.168.1.18:58086','ORDERING-SERVICE','ACTIVE','2022-11-10 22:23:23'),(126,0.14615005241760612,18222002176,33634926592,'delivery-proxy-1-service@192.168.1.18:58095','DELIVERY-PROXY-SERVICE','ACTIVE','2022-11-10 22:23:38'),(127,0.14616658507835953,18222002176,33634926592,'payment-proxy-1-service@192.168.1.18:58090','PAYMENT-PROXY-SERVICE','ACTIVE','2022-11-10 22:23:38'),(128,0.14664300013004167,18221998080,33634926592,'restaurant-service@192.168.1.18:58085','RESTAURANT-SERVICE','ACTIVE','2022-11-10 22:23:38'),(129,0.1461817018485379,18222002176,33634926592,'ordering-service@192.168.1.18:58086','ORDERING-SERVICE','ACTIVE','2022-11-10 22:23:38'),(130,0.14847422377765931,18214391808,33634926592,'restaurant-service@192.168.1.18:58085','RESTAURANT-SERVICE','ACTIVE','2022-11-10 22:23:53'),(131,0.1491211194323284,18214391808,33634926592,'delivery-proxy-1-service@192.168.1.18:58095','DELIVERY-PROXY-SERVICE','ACTIVE','2022-11-10 22:23:53'),(132,0.14909171382967593,18214391808,33634926592,'payment-proxy-1-service@192.168.1.18:58090','PAYMENT-PROXY-SERVICE','ACTIVE','2022-11-10 22:23:53'),(133,0.14901359572869302,18214395904,33634926592,'ordering-service@192.168.1.18:58086','ORDERING-SERVICE','ACTIVE','2022-11-10 22:23:53'),(134,0.14715902043586124,18206822400,33634926592,'payment-proxy-1-service@192.168.1.18:58090','PAYMENT-PROXY-SERVICE','ACTIVE','2022-11-10 22:24:08'),(135,0.14744818515139335,18206822400,33634926592,'delivery-proxy-1-service@192.168.1.18:58095','DELIVERY-PROXY-SERVICE','ACTIVE','2022-11-10 22:24:08'),(136,0.1473348921593289,18206822400,33634926592,'restaurant-service@192.168.1.18:58085','RESTAURANT-SERVICE','ACTIVE','2022-11-10 22:24:08'),(137,0.14723903634570387,18206822400,33634926592,'ordering-service@192.168.1.18:58086','ORDERING-SERVICE','ACTIVE','2022-11-10 22:24:08'),(138,0.14963966807812543,18199273472,33634926592,'delivery-proxy-1-service@192.168.1.18:58095','DELIVERY-PROXY-SERVICE','ACTIVE','2022-11-10 22:24:23'),(139,0.15006888498966922,18199273472,33634926592,'restaurant-service@192.168.1.18:58085','RESTAURANT-SERVICE','ACTIVE','2022-11-10 22:24:23'),(140,0.1501642303200048,18199273472,33634926592,'ordering-service@192.168.1.18:58086','ORDERING-SERVICE','ACTIVE','2022-11-10 22:24:23'),(141,0.14992629454039802,18199273472,33634926592,'payment-proxy-1-service@192.168.1.18:58090','PAYMENT-PROXY-SERVICE','ACTIVE','2022-11-10 22:24:23'),(142,0.15111864944827802,18191843328,33634926592,'payment-proxy-1-service@192.168.1.18:58090','PAYMENT-PROXY-SERVICE','ACTIVE','2022-11-10 22:24:38'),(143,0.1512142523815795,18191843328,33634926592,'delivery-proxy-1-service@192.168.1.18:58095','DELIVERY-PROXY-SERVICE','ACTIVE','2022-11-10 22:24:38'),(144,0.15106795814029797,18191843328,33634926592,'restaurant-service@192.168.1.18:58085','RESTAURANT-SERVICE','ACTIVE','2022-11-10 22:24:38'),(145,0.15087862903259233,18191843328,33634926592,'ordering-service@192.168.1.18:58086','ORDERING-SERVICE','ACTIVE','2022-11-10 22:24:38'),(146,0.14265563847276283,18184732672,33634926592,'delivery-proxy-1-service@192.168.1.18:58095','DELIVERY-PROXY-SERVICE','ACTIVE','2022-11-10 22:24:53'),(147,0.14291344050057794,18184728576,33634926592,'payment-proxy-1-service@192.168.1.18:58090','PAYMENT-PROXY-SERVICE','ACTIVE','2022-11-10 22:24:53'),(148,0.142818624400863,18184728576,33634926592,'restaurant-service@192.168.1.18:58085','RESTAURANT-SERVICE','ACTIVE','2022-11-10 22:24:53'),(149,0.14276836188751904,18184732672,33634926592,'ordering-service@192.168.1.18:58086','ORDERING-SERVICE','ACTIVE','2022-11-10 22:24:53'),(150,0.15689966327504662,18177191936,33634926592,'payment-proxy-1-service@192.168.1.18:58090','PAYMENT-PROXY-SERVICE','ACTIVE','2022-11-10 22:25:08'),(151,0.15705368701822692,18177191936,33634926592,'delivery-proxy-1-service@192.168.1.18:58095','DELIVERY-PROXY-SERVICE','ACTIVE','2022-11-10 22:25:08'),(152,0.1569749121938475,18177191936,33634926592,'restaurant-service@192.168.1.18:58085','RESTAURANT-SERVICE','ACTIVE','2022-11-10 22:25:08'),(153,0.15705764323517907,18177191936,33634926592,'ordering-service@192.168.1.18:58086','ORDERING-SERVICE','ACTIVE','2022-11-10 22:25:08');
/*!40000 ALTER TABLE `instance_metrics_snapshot` ENABLE KEYS */;
UNLOCK TABLES;

--
-- Table structure for table `instance_metrics_snapshot_circuit_breaker_metrics`
--

DROP TABLE IF EXISTS `instance_metrics_snapshot_circuit_breaker_metrics`;
/*!40101 SET @saved_cs_client     = @@character_set_client */;
/*!50503 SET character_set_client = utf8mb4 */;
CREATE TABLE `instance_metrics_snapshot_circuit_breaker_metrics` (
  `instance_metrics_snapshot_id` bigint NOT NULL,
  `circuit_breaker_metrics_id` bigint NOT NULL,
  `circuit_breaker_metrics_key` varchar(255) NOT NULL,
  PRIMARY KEY (`instance_metrics_snapshot_id`,`circuit_breaker_metrics_key`),
  UNIQUE KEY `UK_37hj3b7h7tlh9ksmbhmy9iuuf` (`circuit_breaker_metrics_id`),
  CONSTRAINT `FKaxt3qoog7f8vqnrmajvc3cg1s` FOREIGN KEY (`instance_metrics_snapshot_id`) REFERENCES `instance_metrics_snapshot` (`id`),
  CONSTRAINT `FKjsbg26go0i3wloyink07btraa` FOREIGN KEY (`circuit_breaker_metrics_id`) REFERENCES `circuit_breaker_metrics` (`id`)
) ENGINE=InnoDB DEFAULT CHARSET=utf8mb4 COLLATE=utf8mb4_0900_ai_ci;
/*!40101 SET character_set_client = @saved_cs_client */;

--
-- Dumping data for table `instance_metrics_snapshot_circuit_breaker_metrics`
--

LOCK TABLES `instance_metrics_snapshot_circuit_breaker_metrics` WRITE;
/*!40000 ALTER TABLE `instance_metrics_snapshot_circuit_breaker_metrics` DISABLE KEYS */;
INSERT INTO `instance_metrics_snapshot_circuit_breaker_metrics` VALUES (3,1,'delivery'),(3,2,'payment'),(6,3,'delivery'),(6,4,'payment'),(8,5,'delivery'),(8,6,'payment'),(12,7,'delivery'),(12,8,'payment'),(15,9,'delivery'),(15,10,'payment'),(18,11,'delivery'),(18,12,'payment'),(21,13,'delivery'),(21,14,'payment'),(25,15,'delivery'),(25,16,'payment'),(29,17,'delivery'),(29,18,'payment'),(33,19,'delivery'),(33,20,'payment'),(37,21,'delivery'),(37,22,'payment'),(41,23,'delivery'),(41,24,'payment'),(45,25,'delivery'),(45,26,'payment'),(49,27,'delivery'),(49,28,'payment'),(53,29,'delivery'),(53,30,'payment'),(57,31,'delivery'),(57,32,'payment'),(61,33,'delivery'),(61,34,'payment'),(65,35,'delivery'),(65,36,'payment'),(69,37,'delivery'),(69,38,'payment'),(72,39,'delivery'),(72,40,'payment'),(77,41,'delivery'),(77,42,'payment'),(81,43,'delivery'),(81,44,'payment'),(85,45,'delivery'),(85,46,'payment'),(89,47,'delivery'),(89,48,'payment'),(93,49,'delivery'),(93,50,'payment'),(97,51,'delivery'),(97,52,'payment'),(101,53,'delivery'),(101,54,'payment'),(105,55,'delivery'),(105,56,'payment'),(109,57,'delivery'),(109,58,'payment'),(113,59,'delivery'),(113,60,'payment'),(116,61,'delivery'),(116,62,'payment'),(121,63,'delivery'),(121,64,'payment'),(125,65,'delivery'),(125,66,'payment'),(129,67,'delivery'),(129,68,'payment'),(133,69,'delivery'),(133,70,'payment'),(137,71,'delivery'),(137,72,'payment'),(140,73,'delivery'),(140,74,'payment'),(145,75,'delivery'),(145,76,'payment'),(149,77,'delivery'),(149,78,'payment'),(153,79,'delivery'),(153,80,'payment');
/*!40000 ALTER TABLE `instance_metrics_snapshot_circuit_breaker_metrics` ENABLE KEYS */;
UNLOCK TABLES;

--
-- Table structure for table `instance_metrics_snapshot_http_metrics`
--

DROP TABLE IF EXISTS `instance_metrics_snapshot_http_metrics`;
/*!40101 SET @saved_cs_client     = @@character_set_client */;
/*!50503 SET character_set_client = utf8mb4 */;
CREATE TABLE `instance_metrics_snapshot_http_metrics` (
  `instance_metrics_snapshot_id` bigint NOT NULL,
  `http_metrics_id` bigint NOT NULL,
  `http_metrics_key` varchar(255) NOT NULL,
  PRIMARY KEY (`instance_metrics_snapshot_id`,`http_metrics_key`),
  UNIQUE KEY `UK_ga7t9gpp2if7wdsoue1px2j4s` (`http_metrics_id`),
  CONSTRAINT `FKbk20cq292ka2dceds6f0rvucv` FOREIGN KEY (`http_metrics_id`) REFERENCES `http_endpoint_metrics` (`id`),
  CONSTRAINT `FKqlk6r46pxx8ki9f05sagp2e6v` FOREIGN KEY (`instance_metrics_snapshot_id`) REFERENCES `instance_metrics_snapshot` (`id`)
) ENGINE=InnoDB DEFAULT CHARSET=utf8mb4 COLLATE=utf8mb4_0900_ai_ci;
/*!40101 SET character_set_client = @saved_cs_client */;

--
-- Dumping data for table `instance_metrics_snapshot_http_metrics`
--

LOCK TABLES `instance_metrics_snapshot_http_metrics` WRITE;
/*!40000 ALTER TABLE `instance_metrics_snapshot_http_metrics` DISABLE KEYS */;
INSERT INTO `instance_metrics_snapshot_http_metrics` VALUES (1,1,'POST@/rest/deliverOrder'),(2,2,'GET@/rest/customer/restaurants'),(2,3,'GET@/rest/customer/restaurants/{restaurantId}/menu'),(2,4,'POST@/rest/customer/restaurants/{restaurantId}/notify'),(2,5,'GET@/rest/customer/restaurants/{restaurantId}/item/{itemId}'),(3,6,'POST@/rest/{cartId}/confirmCashPayment'),(3,7,'POST@/rest'),(3,8,'POST@/rest/{cartId}/confirmOrder'),(3,9,'POST@/rest/{cartId}/addItem'),(4,10,'POST@/rest/deliverOrder'),(5,11,'GET@/rest/customer/restaurants'),(5,12,'GET@/rest/customer/restaurants/{restaurantId}/menu'),(5,13,'POST@/rest/customer/restaurants/{restaurantId}/notify'),(5,14,'GET@/rest/customer/restaurants/{restaurantId}/item/{itemId}'),(6,15,'POST@/rest/{cartId}/confirmCashPayment'),(6,16,'POST@/rest'),(6,17,'POST@/rest/{cartId}/confirmOrder'),(6,18,'POST@/rest/{cartId}/addItem'),(7,19,'POST@/rest/deliverOrder'),(8,20,'POST@/rest/{cartId}/confirmCashPayment'),(8,21,'POST@/rest'),(8,22,'POST@/rest/{cartId}/confirmOrder'),(8,23,'POST@/rest/{cartId}/addItem'),(9,24,'GET@/rest/customer/restaurants'),(9,25,'GET@/rest/customer/restaurants/{restaurantId}/menu'),(9,26,'POST@/rest/customer/restaurants/{restaurantId}/notify'),(9,27,'GET@/rest/customer/restaurants/{restaurantId}/item/{itemId}'),(10,28,'POST@/rest/deliverOrder'),(11,29,'GET@/rest/customer/restaurants'),(11,30,'GET@/rest/customer/restaurants/{restaurantId}/menu'),(11,31,'POST@/rest/customer/restaurants/{restaurantId}/notify'),(11,32,'GET@/rest/customer/restaurants/{restaurantId}/item/{itemId}'),(12,33,'POST@/rest/{cartId}/confirmCashPayment'),(12,34,'POST@/rest'),(12,35,'POST@/rest/{cartId}/confirmOrder'),(12,36,'POST@/rest/{cartId}/addItem'),(13,37,'POST@/rest/deliverOrder'),(14,38,'GET@/rest/customer/restaurants'),(14,39,'GET@/rest/customer/restaurants/{restaurantId}/menu'),(14,40,'POST@/rest/customer/restaurants/{restaurantId}/notify'),(14,41,'GET@/rest/customer/restaurants/{restaurantId}/item/{itemId}'),(15,42,'POST@/rest/{cartId}/confirmCashPayment'),(15,43,'POST@/rest'),(15,44,'POST@/rest/{cartId}/confirmOrder'),(15,45,'POST@/rest/{cartId}/addItem'),(16,46,'POST@/rest/deliverOrder'),(17,47,'GET@/rest/customer/restaurants'),(17,48,'GET@/rest/customer/restaurants/{restaurantId}/menu'),(17,49,'POST@/rest/customer/restaurants/{restaurantId}/notify'),(17,50,'GET@/rest/customer/restaurants/{restaurantId}/item/{itemId}'),(18,51,'POST@/rest/{cartId}/confirmCashPayment'),(18,52,'POST@/rest'),(18,53,'POST@/rest/{cartId}/confirmOrder'),(18,54,'POST@/rest/{cartId}/addItem'),(19,55,'POST@/rest/deliverOrder'),(20,56,'GET@/rest/customer/restaurants'),(20,57,'GET@/rest/customer/restaurants/{restaurantId}/menu'),(20,58,'POST@/rest/customer/restaurants/{restaurantId}/notify'),(20,59,'GET@/rest/customer/restaurants/{restaurantId}/item/{itemId}'),(21,60,'POST@/rest/{cartId}/confirmCashPayment'),(21,61,'POST@/rest/{cartId}/confirmOrder'),(21,62,'POST@/rest'),(21,63,'POST@/rest/{cartId}/addItem'),(22,64,'GET@/rest/customer/restaurants'),(22,65,'GET@/rest/customer/restaurants/{restaurantId}/menu'),(22,66,'POST@/rest/customer/restaurants/{restaurantId}/notify'),(22,67,'GET@/rest/customer/restaurants/{restaurantId}/item/{itemId}'),(23,68,'POST@/rest/deliverOrder'),(24,69,'POST@/rest/processPayment'),(25,70,'POST@/rest/{cartId}/confirmCashPayment'),(25,71,'POST@/rest/{cartId}/confirmOrder'),(25,72,'POST@/rest'),(25,73,'POST@/rest/{cartId}/confirmTakeAway'),(25,74,'POST@/rest/{cartId}/addItem'),(26,75,'POST@/rest/deliverOrder'),(27,76,'POST@/rest/processPayment'),(28,77,'GET@/rest/customer/restaurants'),(28,78,'GET@/rest/customer/restaurants/{restaurantId}/menu'),(28,79,'POST@/rest/customer/restaurants/{restaurantId}/notify'),(28,80,'GET@/rest/customer/restaurants/{restaurantId}/item/{itemId}'),(29,81,'POST@/rest/{cartId}/confirmCashPayment'),(29,82,'POST@/rest/{cartId}/confirmOrder'),(29,83,'POST@/rest'),(29,84,'POST@/rest/{cartId}/confirmTakeAway'),(29,85,'POST@/rest/{cartId}/addItem'),(30,86,'POST@/rest/deliverOrder'),(31,87,'POST@/rest/processPayment'),(32,88,'GET@/rest/customer/restaurants'),(32,89,'GET@/rest/customer/restaurants/{restaurantId}/menu'),(32,90,'POST@/rest/customer/restaurants/{restaurantId}/notify'),(32,91,'GET@/rest/customer/restaurants/{restaurantId}/item/{itemId}'),(33,92,'POST@/rest/{cartId}/confirmCashPayment'),(33,93,'POST@/rest/{cartId}/confirmOrder'),(33,94,'POST@/rest'),(33,95,'POST@/rest/{cartId}/confirmTakeAway'),(33,96,'POST@/rest/{cartId}/addItem'),(34,97,'POST@/rest/deliverOrder'),(35,98,'POST@/rest/processPayment'),(36,99,'GET@/rest/customer/restaurants'),(36,100,'GET@/rest/customer/restaurants/{restaurantId}/menu'),(36,101,'POST@/rest/customer/restaurants/{restaurantId}/notify'),(36,102,'GET@/rest/customer/restaurants/{restaurantId}/item/{itemId}'),(37,103,'POST@/rest/{cartId}/confirmCashPayment'),(37,104,'POST@/rest/{cartId}/confirmOrder'),(37,105,'POST@/rest'),(37,106,'POST@/rest/{cartId}/confirmTakeAway'),(37,107,'POST@/rest/{cartId}/addItem'),(38,108,'POST@/rest/processPayment'),(39,109,'POST@/rest/deliverOrder'),(40,110,'GET@/rest/customer/restaurants'),(40,111,'GET@/rest/customer/restaurants/{restaurantId}/menu'),(40,112,'POST@/rest/customer/restaurants/{restaurantId}/notify'),(40,113,'GET@/rest/customer/restaurants/{restaurantId}/item/{itemId}'),(41,114,'POST@/rest/{cartId}/confirmCashPayment'),(41,115,'POST@/rest/{cartId}/confirmOrder'),(41,116,'POST@/rest'),(41,117,'POST@/rest/{cartId}/confirmTakeAway'),(41,118,'POST@/rest/{cartId}/addItem'),(42,119,'POST@/rest/processPayment'),(43,120,'GET@/rest/customer/restaurants'),(43,121,'GET@/rest/customer/restaurants/{restaurantId}/menu'),(43,122,'POST@/rest/customer/restaurants/{restaurantId}/notify'),(43,123,'GET@/rest/customer/restaurants/{restaurantId}/item/{itemId}'),(44,124,'POST@/rest/deliverOrder'),(45,125,'POST@/rest/{cartId}/confirmCashPayment'),(45,126,'POST@/rest/{cartId}/confirmOrder'),(45,127,'POST@/rest'),(45,128,'POST@/rest/{cartId}/confirmTakeAway'),(45,129,'POST@/rest/{cartId}/addItem'),(46,130,'POST@/rest/deliverOrder'),(47,131,'POST@/rest/processPayment'),(48,132,'GET@/rest/customer/restaurants'),(48,133,'GET@/rest/customer/restaurants/{restaurantId}/menu'),(48,134,'POST@/rest/customer/restaurants/{restaurantId}/notify'),(48,135,'GET@/rest/customer/restaurants/{restaurantId}/item/{itemId}'),(49,136,'POST@/rest/{cartId}/confirmCashPayment'),(49,137,'POST@/rest/{cartId}/confirmOrder'),(49,138,'POST@/rest'),(49,139,'POST@/rest/{cartId}/confirmTakeAway'),(49,140,'POST@/rest/{cartId}/addItem'),(50,141,'POST@/rest/deliverOrder'),(51,142,'POST@/rest/processPayment'),(52,143,'GET@/rest/customer/restaurants'),(52,144,'GET@/rest/customer/restaurants/{restaurantId}/menu'),(52,145,'POST@/rest/customer/restaurants/{restaurantId}/notify'),(52,146,'GET@/rest/customer/restaurants/{restaurantId}/item/{itemId}'),(53,147,'POST@/rest/{cartId}/confirmCashPayment'),(53,148,'POST@/rest/{cartId}/confirmOrder'),(53,149,'POST@/rest'),(53,150,'POST@/rest/{cartId}/confirmTakeAway'),(53,151,'POST@/rest/{cartId}/addItem'),(54,152,'POST@/rest/deliverOrder'),(55,153,'GET@/rest/customer/restaurants'),(55,154,'GET@/rest/customer/restaurants/{restaurantId}/menu'),(55,155,'POST@/rest/customer/restaurants/{restaurantId}/notify'),(55,156,'GET@/rest/customer/restaurants/{restaurantId}/item/{itemId}'),(56,157,'POST@/rest/processPayment'),(57,158,'POST@/rest/{cartId}/confirmCashPayment'),(57,159,'POST@/rest/{cartId}/confirmOrder'),(57,160,'POST@/rest'),(57,161,'POST@/rest/{cartId}/confirmTakeAway'),(57,162,'POST@/rest/{cartId}/addItem'),(58,163,'POST@/rest/processPayment'),(59,164,'POST@/rest/deliverOrder'),(60,165,'GET@/rest/customer/restaurants'),(60,166,'GET@/rest/customer/restaurants/{restaurantId}/menu'),(60,167,'POST@/rest/customer/restaurants/{restaurantId}/notify'),(60,168,'GET@/rest/customer/restaurants/{restaurantId}/item/{itemId}'),(61,169,'POST@/rest/{cartId}/confirmCashPayment'),(61,170,'POST@/rest/{cartId}/confirmOrder'),(61,171,'POST@/rest'),(61,172,'POST@/rest/{cartId}/confirmTakeAway'),(61,173,'POST@/rest/{cartId}/addItem'),(62,174,'POST@/rest/deliverOrder'),(63,175,'POST@/rest/processPayment'),(64,176,'GET@/rest/customer/restaurants'),(64,177,'GET@/rest/customer/restaurants/{restaurantId}/menu'),(64,178,'POST@/rest/customer/restaurants/{restaurantId}/notify'),(64,179,'GET@/rest/customer/restaurants/{restaurantId}/item/{itemId}'),(65,180,'POST@/rest/{cartId}/confirmCashPayment'),(65,181,'POST@/rest/{cartId}/confirmOrder'),(65,182,'POST@/rest'),(65,183,'POST@/rest/{cartId}/confirmTakeAway'),(65,184,'POST@/rest/{cartId}/addItem'),(66,185,'GET@/rest/customer/restaurants'),(66,186,'GET@/rest/customer/restaurants/{restaurantId}/menu'),(66,187,'POST@/rest/customer/restaurants/{restaurantId}/notify'),(66,188,'GET@/rest/customer/restaurants/{restaurantId}/item/{itemId}'),(67,189,'POST@/rest/deliverOrder'),(68,190,'POST@/rest/processPayment'),(69,191,'POST@/rest/{cartId}/confirmCashPayment'),(69,192,'POST@/rest/{cartId}/confirmOrder'),(69,193,'POST@/rest'),(69,194,'POST@/rest/{cartId}/confirmTakeAway'),(69,195,'POST@/rest/{cartId}/addItem'),(70,196,'POST@/rest/deliverOrder'),(71,197,'POST@/rest/processPayment'),(72,198,'POST@/rest/{cartId}/confirmCashPayment'),(72,199,'POST@/rest/{cartId}/confirmOrder'),(72,200,'POST@/rest'),(72,201,'POST@/rest/{cartId}/confirmTakeAway'),(72,202,'POST@/rest/{cartId}/addItem'),(73,203,'GET@/rest/customer/restaurants'),(73,204,'GET@/rest/customer/restaurants/{restaurantId}/menu'),(73,205,'POST@/rest/customer/restaurants/{restaurantId}/notify'),(73,206,'GET@/rest/customer/restaurants/{restaurantId}/item/{itemId}'),(74,207,'GET@/rest/customer/restaurants'),(74,208,'GET@/rest/customer/restaurants/{restaurantId}/menu'),(74,209,'POST@/rest/customer/restaurants/{restaurantId}/notify'),(74,210,'GET@/rest/customer/restaurants/{restaurantId}/item/{itemId}'),(75,211,'POST@/rest/processPayment'),(76,212,'POST@/rest/deliverOrder'),(77,213,'POST@/rest/{cartId}/confirmCashPayment'),(77,214,'POST@/rest/{cartId}/confirmOrder'),(77,215,'POST@/rest'),(77,216,'POST@/rest/{cartId}/confirmTakeAway'),(77,217,'POST@/rest/{cartId}/addItem'),(78,218,'POST@/rest/deliverOrder'),(79,219,'POST@/rest/processPayment'),(80,220,'GET@/rest/customer/restaurants'),(80,221,'GET@/rest/customer/restaurants/{restaurantId}/menu'),(80,222,'POST@/rest/customer/restaurants/{restaurantId}/notify'),(80,223,'GET@/rest/customer/restaurants/{restaurantId}/item/{itemId}'),(81,224,'POST@/rest/{cartId}/confirmCashPayment'),(81,225,'POST@/rest/{cartId}/confirmOrder'),(81,226,'POST@/rest'),(81,227,'POST@/rest/{cartId}/confirmTakeAway'),(81,228,'POST@/rest/{cartId}/addItem'),(82,229,'POST@/rest/processPayment'),(83,230,'GET@/rest/customer/restaurants'),(83,231,'GET@/rest/customer/restaurants/{restaurantId}/menu'),(83,232,'POST@/rest/customer/restaurants/{restaurantId}/notify'),(83,233,'GET@/rest/customer/restaurants/{restaurantId}/item/{itemId}'),(84,234,'POST@/rest/deliverOrder'),(85,235,'POST@/rest/{cartId}/confirmCashPayment'),(85,236,'POST@/rest/{cartId}/confirmOrder'),(85,237,'POST@/rest'),(85,238,'POST@/rest/{cartId}/confirmTakeAway'),(85,239,'POST@/rest/{cartId}/addItem'),(86,240,'POST@/rest/processPayment'),(87,241,'POST@/rest/deliverOrder'),(88,242,'GET@/rest/customer/restaurants'),(88,243,'GET@/rest/customer/restaurants/{restaurantId}/menu'),(88,244,'POST@/rest/customer/restaurants/{restaurantId}/notify'),(88,245,'GET@/rest/customer/restaurants/{restaurantId}/item/{itemId}'),(89,246,'POST@/rest/{cartId}/confirmCashPayment'),(89,247,'POST@/rest/{cartId}/confirmOrder'),(89,248,'POST@/rest'),(89,249,'POST@/rest/{cartId}/confirmTakeAway'),(89,250,'POST@/rest/{cartId}/addItem'),(90,251,'POST@/rest/deliverOrder'),(91,252,'POST@/rest/processPayment'),(92,253,'GET@/rest/customer/restaurants'),(92,254,'GET@/rest/customer/restaurants/{restaurantId}/menu'),(92,255,'POST@/rest/customer/restaurants/{restaurantId}/notify'),(92,256,'GET@/rest/customer/restaurants/{restaurantId}/item/{itemId}'),(93,257,'POST@/rest/{cartId}/confirmCashPayment'),(93,258,'POST@/rest/{cartId}/confirmOrder'),(93,259,'POST@/rest'),(93,260,'POST@/rest/{cartId}/confirmTakeAway'),(93,261,'POST@/rest/{cartId}/addItem'),(94,262,'GET@/rest/customer/restaurants'),(94,263,'GET@/rest/customer/restaurants/{restaurantId}/menu'),(94,264,'POST@/rest/customer/restaurants/{restaurantId}/notify'),(94,265,'GET@/rest/customer/restaurants/{restaurantId}/item/{itemId}'),(95,266,'POST@/rest/deliverOrder'),(96,267,'POST@/rest/processPayment'),(97,268,'POST@/rest/{cartId}/confirmCashPayment'),(97,269,'POST@/rest/{cartId}/confirmOrder'),(97,270,'POST@/rest'),(97,271,'POST@/rest/{cartId}/confirmTakeAway'),(97,272,'POST@/rest/{cartId}/addItem'),(98,273,'POST@/rest/deliverOrder'),(99,274,'POST@/rest/processPayment'),(100,275,'GET@/rest/customer/restaurants'),(100,276,'GET@/rest/customer/restaurants/{restaurantId}/menu'),(100,277,'POST@/rest/customer/restaurants/{restaurantId}/notify'),(100,278,'GET@/rest/customer/restaurants/{restaurantId}/item/{itemId}'),(101,279,'POST@/rest/{cartId}/confirmCashPayment'),(101,280,'POST@/rest/{cartId}/confirmOrder'),(101,281,'POST@/rest'),(101,282,'POST@/rest/{cartId}/confirmTakeAway'),(101,283,'POST@/rest/{cartId}/addItem'),(102,284,'POST@/rest/deliverOrder'),(103,285,'POST@/rest/processPayment'),(104,286,'GET@/rest/customer/restaurants'),(104,287,'GET@/rest/customer/restaurants/{restaurantId}/menu'),(104,288,'POST@/rest/customer/restaurants/{restaurantId}/notify'),(104,289,'GET@/rest/customer/restaurants/{restaurantId}/item/{itemId}'),(105,290,'POST@/rest/{cartId}/confirmCashPayment'),(105,291,'POST@/rest/{cartId}/confirmOrder'),(105,292,'POST@/rest'),(105,293,'POST@/rest/{cartId}/confirmTakeAway'),(105,294,'POST@/rest/{cartId}/addItem'),(106,295,'POST@/rest/deliverOrder'),(107,296,'POST@/rest/processPayment'),(108,297,'GET@/rest/customer/restaurants'),(108,298,'GET@/rest/customer/restaurants/{restaurantId}/menu'),(108,299,'POST@/rest/customer/restaurants/{restaurantId}/notify'),(108,300,'GET@/rest/customer/restaurants/{restaurantId}/item/{itemId}'),(109,301,'POST@/rest/{cartId}/confirmCashPayment'),(109,302,'POST@/rest/{cartId}/confirmOrder'),(109,303,'POST@/rest'),(109,304,'POST@/rest/{cartId}/confirmTakeAway'),(109,305,'POST@/rest/{cartId}/addItem'),(110,306,'POST@/rest/processPayment'),(111,307,'GET@/rest/customer/restaurants'),(111,308,'GET@/rest/customer/restaurants/{restaurantId}/menu'),(111,309,'POST@/rest/customer/restaurants/{restaurantId}/notify'),(111,310,'GET@/rest/customer/restaurants/{restaurantId}/item/{itemId}'),(112,311,'POST@/rest/deliverOrder'),(113,312,'POST@/rest/{cartId}/confirmCashPayment'),(113,313,'POST@/rest/{cartId}/confirmOrder'),(113,314,'POST@/rest'),(113,315,'POST@/rest/{cartId}/confirmTakeAway'),(113,316,'POST@/rest/{cartId}/addItem'),(114,317,'POST@/rest/deliverOrder'),(115,318,'POST@/rest/processPayment'),(116,319,'POST@/rest/{cartId}/confirmCashPayment'),(116,320,'POST@/rest/{cartId}/confirmOrder'),(116,321,'POST@/rest'),(116,322,'POST@/rest/{cartId}/confirmTakeAway'),(116,323,'POST@/rest/{cartId}/addItem'),(117,324,'GET@/rest/customer/restaurants'),(117,325,'GET@/rest/customer/restaurants/{restaurantId}/menu'),(117,326,'POST@/rest/customer/restaurants/{restaurantId}/notify'),(117,327,'GET@/rest/customer/restaurants/{restaurantId}/item/{itemId}'),(118,328,'POST@/rest/processPayment'),(119,329,'GET@/rest/customer/restaurants'),(119,330,'GET@/rest/customer/restaurants/{restaurantId}/menu'),(119,331,'POST@/rest/customer/restaurants/{restaurantId}/notify'),(119,332,'GET@/rest/customer/restaurants/{restaurantId}/item/{itemId}'),(120,333,'POST@/rest/deliverOrder'),(121,334,'POST@/rest/{cartId}/confirmCashPayment'),(121,335,'POST@/rest/{cartId}/confirmOrder'),(121,336,'POST@/rest'),(121,337,'POST@/rest/{cartId}/confirmTakeAway'),(121,338,'POST@/rest/{cartId}/addItem'),(122,339,'POST@/rest/processPayment'),(123,340,'POST@/rest/deliverOrder'),(124,341,'GET@/rest/customer/restaurants'),(124,342,'GET@/rest/customer/restaurants/{restaurantId}/menu'),(124,343,'POST@/rest/customer/restaurants/{restaurantId}/notify'),(124,344,'GET@/rest/customer/restaurants/{restaurantId}/item/{itemId}'),(125,345,'POST@/rest/{cartId}/confirmCashPayment'),(125,346,'POST@/rest/{cartId}/confirmOrder'),(125,347,'POST@/rest'),(125,348,'POST@/rest/{cartId}/confirmTakeAway'),(125,349,'POST@/rest/{cartId}/addItem'),(126,350,'POST@/rest/deliverOrder'),(127,351,'POST@/rest/processPayment'),(128,352,'GET@/rest/customer/restaurants'),(128,353,'GET@/rest/customer/restaurants/{restaurantId}/menu'),(128,354,'POST@/rest/customer/restaurants/{restaurantId}/notify'),(128,355,'GET@/rest/customer/restaurants/{restaurantId}/item/{itemId}'),(129,356,'POST@/rest/{cartId}/confirmCashPayment'),(129,357,'POST@/rest/{cartId}/confirmOrder'),(129,358,'POST@/rest'),(129,359,'POST@/rest/{cartId}/confirmTakeAway'),(129,360,'POST@/rest/{cartId}/addItem'),(130,361,'GET@/rest/customer/restaurants'),(130,362,'GET@/rest/customer/restaurants/{restaurantId}/menu'),(130,363,'POST@/rest/customer/restaurants/{restaurantId}/notify'),(130,364,'GET@/rest/customer/restaurants/{restaurantId}/item/{itemId}'),(131,365,'POST@/rest/deliverOrder'),(132,366,'POST@/rest/processPayment'),(133,367,'POST@/rest/{cartId}/confirmCashPayment'),(133,368,'POST@/rest/{cartId}/confirmOrder'),(133,369,'POST@/rest'),(133,370,'POST@/rest/{cartId}/confirmTakeAway'),(133,371,'POST@/rest/{cartId}/addItem'),(134,372,'POST@/rest/processPayment'),(135,373,'POST@/rest/deliverOrder'),(136,374,'GET@/rest/customer/restaurants'),(136,375,'GET@/rest/customer/restaurants/{restaurantId}/menu'),(136,376,'POST@/rest/customer/restaurants/{restaurantId}/notify'),(136,377,'GET@/rest/customer/restaurants/{restaurantId}/item/{itemId}'),(137,378,'POST@/rest/{cartId}/confirmCashPayment'),(137,379,'POST@/rest/{cartId}/confirmOrder'),(137,380,'POST@/rest'),(137,381,'POST@/rest/{cartId}/confirmTakeAway'),(137,382,'POST@/rest/{cartId}/addItem'),(138,383,'POST@/rest/deliverOrder'),(139,384,'GET@/rest/customer/restaurants'),(139,385,'GET@/rest/customer/restaurants/{restaurantId}/menu'),(139,386,'POST@/rest/customer/restaurants/{restaurantId}/notify'),(139,387,'GET@/rest/customer/restaurants/{restaurantId}/item/{itemId}'),(140,388,'POST@/rest/{cartId}/confirmCashPayment'),(140,389,'POST@/rest/{cartId}/confirmOrder'),(140,390,'POST@/rest'),(140,391,'POST@/rest/{cartId}/confirmTakeAway'),(140,392,'POST@/rest/{cartId}/addItem'),(141,393,'POST@/rest/processPayment'),(142,394,'POST@/rest/processPayment'),(143,395,'POST@/rest/deliverOrder'),(144,396,'GET@/rest/customer/restaurants'),(144,397,'GET@/rest/customer/restaurants/{restaurantId}/menu'),(144,398,'POST@/rest/customer/restaurants/{restaurantId}/notify'),(144,399,'GET@/rest/customer/restaurants/{restaurantId}/item/{itemId}'),(145,400,'POST@/rest/{cartId}/confirmCashPayment'),(145,401,'POST@/rest/{cartId}/confirmOrder'),(145,402,'POST@/rest'),(145,403,'POST@/rest/{cartId}/confirmTakeAway'),(145,404,'POST@/rest/{cartId}/addItem'),(146,405,'POST@/rest/deliverOrder'),(147,406,'POST@/rest/processPayment'),(148,407,'GET@/rest/customer/restaurants'),(148,408,'GET@/rest/customer/restaurants/{restaurantId}/menu'),(148,409,'POST@/rest/customer/restaurants/{restaurantId}/notify'),(148,410,'GET@/rest/customer/restaurants/{restaurantId}/item/{itemId}'),(149,411,'POST@/rest/{cartId}/confirmCashPayment'),(149,412,'POST@/rest/{cartId}/confirmOrder'),(149,413,'POST@/rest'),(149,414,'POST@/rest/{cartId}/confirmTakeAway'),(149,415,'POST@/rest/{cartId}/addItem'),(150,416,'POST@/rest/processPayment'),(151,417,'POST@/rest/deliverOrder'),(152,418,'GET@/rest/customer/restaurants'),(152,419,'GET@/rest/customer/restaurants/{restaurantId}/menu'),(152,420,'POST@/rest/customer/restaurants/{restaurantId}/notify'),(152,421,'GET@/rest/customer/restaurants/{restaurantId}/item/{itemId}'),(153,422,'POST@/rest/{cartId}/confirmCashPayment'),(153,423,'POST@/rest/{cartId}/confirmOrder'),(153,424,'POST@/rest'),(153,425,'POST@/rest/{cartId}/confirmTakeAway'),(153,426,'POST@/rest/{cartId}/addItem');
/*!40000 ALTER TABLE `instance_metrics_snapshot_http_metrics` ENABLE KEYS */;
UNLOCK TABLES;

--
-- Table structure for table `qosvalue_entity`
--

DROP TABLE IF EXISTS `qosvalue_entity`;
/*!40101 SET @saved_cs_client     = @@character_set_client */;
/*!50503 SET character_set_client = utf8mb4 */;
CREATE TABLE `qosvalue_entity` (
  `id` bigint NOT NULL AUTO_INCREMENT,
  `current_value` double DEFAULT NULL,
  `instance_id` varchar(255) DEFAULT NULL,
  `invalidates_this_and_previous` bit(1) NOT NULL,
  `qos` varchar(255) DEFAULT NULL,
  `service_id` varchar(255) DEFAULT NULL,
  `service_implementation_id` varchar(255) DEFAULT NULL,
  `threshold` double NOT NULL,
  `timestamp` datetime DEFAULT NULL,
  `value` double NOT NULL,
  PRIMARY KEY (`id`)
) ENGINE=InnoDB AUTO_INCREMENT=93 DEFAULT CHARSET=utf8mb4 COLLATE=utf8mb4_0900_ai_ci;
/*!40101 SET character_set_client = @saved_cs_client */;

--
-- Dumping data for table `qosvalue_entity`
--

LOCK TABLES `qosvalue_entity` WRITE;
/*!40000 ALTER TABLE `qosvalue_entity` DISABLE KEYS */;
INSERT INTO `qosvalue_entity` VALUES (1,50,'restaurant-service@192.168.1.18:58085',_binary '\0','AverageResponseTime','RESTAURANT-SERVICE','restaurant-service',90,'2022-11-10 22:16:36',4.262192037784522),(2,0.92,'restaurant-service@192.168.1.18:58085',_binary '\0','Availability','RESTAURANT-SERVICE','restaurant-service',0.9,'2022-11-10 22:16:36',1),(3,NULL,NULL,_binary '\0','AverageResponseTime','RESTAURANT-SERVICE','restaurant-service',90,'2022-11-10 22:16:36',4.262192037784522),(4,NULL,NULL,_binary '\0','Availability','RESTAURANT-SERVICE','restaurant-service',0.9,'2022-11-10 22:16:36',1),(5,400,'delivery-proxy-1-service@192.168.1.18:58095',_binary '\0','AverageResponseTime','DELIVERY-PROXY-SERVICE','delivery-proxy-1-service',500,'2022-11-10 22:16:36',190.53281572710736),(6,0.93,'delivery-proxy-1-service@192.168.1.18:58095',_binary '\0','Availability','DELIVERY-PROXY-SERVICE','delivery-proxy-1-service',0.92,'2022-11-10 22:16:36',1),(7,NULL,NULL,_binary '\0','AverageResponseTime','DELIVERY-PROXY-SERVICE','delivery-proxy-1-service',500,'2022-11-10 22:16:36',190.53281572710736),(8,NULL,NULL,_binary '\0','Availability','DELIVERY-PROXY-SERVICE','delivery-proxy-1-service',0.92,'2022-11-10 22:16:36',1),(9,450,'ordering-service@192.168.1.18:58086',_binary '\0','AverageResponseTime','ORDERING-SERVICE','ordering-service',800,'2022-11-10 22:16:36',204.42667475728376),(10,0.9,'ordering-service@192.168.1.18:58086',_binary '\0','Availability','ORDERING-SERVICE','ordering-service',0.87,'2022-11-10 22:16:36',1),(11,NULL,NULL,_binary '\0','AverageResponseTime','ORDERING-SERVICE','ordering-service',800,'2022-11-10 22:16:36',204.42667475728376),(12,NULL,NULL,_binary '\0','Availability','ORDERING-SERVICE','ordering-service',0.87,'2022-11-10 22:16:36',1),(13,50,'restaurant-service@192.168.1.18:58085',_binary '\0','AverageResponseTime','RESTAURANT-SERVICE','restaurant-service',90,'2022-11-10 22:17:51',2.5025250346423213),(14,0.92,'restaurant-service@192.168.1.18:58085',_binary '\0','Availability','RESTAURANT-SERVICE','restaurant-service',0.9,'2022-11-10 22:17:51',1),(15,NULL,NULL,_binary '\0','AverageResponseTime','RESTAURANT-SERVICE','restaurant-service',90,'2022-11-10 22:17:51',2.5025250346423213),(16,NULL,NULL,_binary '\0','Availability','RESTAURANT-SERVICE','restaurant-service',0.9,'2022-11-10 22:17:51',1),(17,450,'ordering-service@192.168.1.18:58086',_binary '\0','AverageResponseTime','ORDERING-SERVICE','ordering-service',800,'2022-11-10 22:17:51',497.8091461163382),(18,0.9,'ordering-service@192.168.1.18:58086',_binary '\0','Availability','ORDERING-SERVICE','ordering-service',0.87,'2022-11-10 22:17:51',0.9998410932782457),(19,NULL,NULL,_binary '\0','AverageResponseTime','ORDERING-SERVICE','ordering-service',800,'2022-11-10 22:17:51',497.8091461163382),(20,NULL,NULL,_binary '\0','Availability','ORDERING-SERVICE','ordering-service',0.87,'2022-11-10 22:17:51',0.9998410932782457),(21,400,'delivery-proxy-1-service@192.168.1.18:58095',_binary '\0','AverageResponseTime','DELIVERY-PROXY-SERVICE','delivery-proxy-1-service',500,'2022-11-10 22:18:06',187.3975427171018),(22,0.93,'delivery-proxy-1-service@192.168.1.18:58095',_binary '\0','Availability','DELIVERY-PROXY-SERVICE','delivery-proxy-1-service',0.92,'2022-11-10 22:18:06',0.9994675186368477),(23,NULL,NULL,_binary '\0','AverageResponseTime','DELIVERY-PROXY-SERVICE','delivery-proxy-1-service',500,'2022-11-10 22:18:06',187.3975427171018),(24,NULL,NULL,_binary '\0','Availability','DELIVERY-PROXY-SERVICE','delivery-proxy-1-service',0.92,'2022-11-10 22:18:06',0.9994675186368477),(25,400,'payment-proxy-1-service@192.168.1.18:58090',_binary '\0','AverageResponseTime','PAYMENT-PROXY-SERVICE','payment-proxy-1-service',500,'2022-11-10 22:18:21',189.18338779106858),(26,0.95,'payment-proxy-1-service@192.168.1.18:58090',_binary '\0','Availability','PAYMENT-PROXY-SERVICE','payment-proxy-1-service',0.92,'2022-11-10 22:18:21',0.9994686503719448),(27,NULL,NULL,_binary '\0','AverageResponseTime','PAYMENT-PROXY-SERVICE','payment-proxy-1-service',500,'2022-11-10 22:18:21',189.18338779106858),(28,NULL,NULL,_binary '\0','Availability','PAYMENT-PROXY-SERVICE','payment-proxy-1-service',0.92,'2022-11-10 22:18:21',0.9994686503719448),(29,50,'restaurant-service@192.168.1.18:58085',_binary '\0','AverageResponseTime','RESTAURANT-SERVICE','restaurant-service',90,'2022-11-10 22:19:22',2.2765437994469315),(30,0.92,'restaurant-service@192.168.1.18:58085',_binary '\0','Availability','RESTAURANT-SERVICE','restaurant-service',0.9,'2022-11-10 22:19:22',1),(31,NULL,NULL,_binary '\0','AverageResponseTime','RESTAURANT-SERVICE','restaurant-service',90,'2022-11-10 22:19:22',2.2765437994469315),(32,NULL,NULL,_binary '\0','Availability','RESTAURANT-SERVICE','restaurant-service',0.9,'2022-11-10 22:19:22',1),(33,450,'ordering-service@192.168.1.18:58086',_binary '\0','AverageResponseTime','ORDERING-SERVICE','ordering-service',800,'2022-11-10 22:19:22',561.2066639243328),(34,0.9,'ordering-service@192.168.1.18:58086',_binary '\0','Availability','ORDERING-SERVICE','ordering-service',0.87,'2022-11-10 22:19:22',1),(35,NULL,NULL,_binary '\0','AverageResponseTime','ORDERING-SERVICE','ordering-service',800,'2022-11-10 22:19:22',561.2066639243328),(36,NULL,NULL,_binary '\0','Availability','ORDERING-SERVICE','ordering-service',0.87,'2022-11-10 22:19:22',1),(37,400,'delivery-proxy-1-service@192.168.1.18:58095',_binary '\0','AverageResponseTime','DELIVERY-PROXY-SERVICE','delivery-proxy-1-service',500,'2022-11-10 22:19:37',185.65325906529768),(38,0.93,'delivery-proxy-1-service@192.168.1.18:58095',_binary '\0','Availability','DELIVERY-PROXY-SERVICE','delivery-proxy-1-service',0.92,'2022-11-10 22:19:37',0.9989479221462388),(39,NULL,NULL,_binary '\0','AverageResponseTime','DELIVERY-PROXY-SERVICE','delivery-proxy-1-service',500,'2022-11-10 22:19:37',185.65325906529768),(40,NULL,NULL,_binary '\0','Availability','DELIVERY-PROXY-SERVICE','delivery-proxy-1-service',0.92,'2022-11-10 22:19:37',0.9989479221462388),(41,400,'payment-proxy-1-service@192.168.1.18:58090',_binary '\0','AverageResponseTime','PAYMENT-PROXY-SERVICE','payment-proxy-1-service',500,'2022-11-10 22:19:52',188.24253762724396),(42,0.95,'payment-proxy-1-service@192.168.1.18:58090',_binary '\0','Availability','PAYMENT-PROXY-SERVICE','payment-proxy-1-service',0.92,'2022-11-10 22:19:52',0.9989451476793249),(43,NULL,NULL,_binary '\0','AverageResponseTime','PAYMENT-PROXY-SERVICE','payment-proxy-1-service',500,'2022-11-10 22:19:52',188.24253762724396),(44,NULL,NULL,_binary '\0','Availability','PAYMENT-PROXY-SERVICE','payment-proxy-1-service',0.92,'2022-11-10 22:19:52',0.9989451476793249),(45,50,'restaurant-service@192.168.1.18:58085',_binary '\0','AverageResponseTime','RESTAURANT-SERVICE','restaurant-service',90,'2022-11-10 22:20:52',2.2385990900698935),(46,0.92,'restaurant-service@192.168.1.18:58085',_binary '\0','Availability','RESTAURANT-SERVICE','restaurant-service',0.9,'2022-11-10 22:20:52',1),(47,NULL,NULL,_binary '\0','AverageResponseTime','RESTAURANT-SERVICE','restaurant-service',90,'2022-11-10 22:20:52',2.2385990900698935),(48,NULL,NULL,_binary '\0','Availability','RESTAURANT-SERVICE','restaurant-service',0.9,'2022-11-10 22:20:52',1),(49,400,'delivery-proxy-1-service@192.168.1.18:58095',_binary '\0','AverageResponseTime','DELIVERY-PROXY-SERVICE','delivery-proxy-1-service',500,'2022-11-10 22:20:52',186.78748105010553),(50,0.93,'delivery-proxy-1-service@192.168.1.18:58095',_binary '\0','Availability','DELIVERY-PROXY-SERVICE','delivery-proxy-1-service',0.92,'2022-11-10 22:20:52',1),(51,NULL,NULL,_binary '\0','AverageResponseTime','DELIVERY-PROXY-SERVICE','delivery-proxy-1-service',500,'2022-11-10 22:20:52',186.78748105010553),(52,NULL,NULL,_binary '\0','Availability','DELIVERY-PROXY-SERVICE','delivery-proxy-1-service',0.92,'2022-11-10 22:20:52',1),(53,450,'ordering-service@192.168.1.18:58086',_binary '\0','AverageResponseTime','ORDERING-SERVICE','ordering-service',800,'2022-11-10 22:20:52',563.3519093260185),(54,0.9,'ordering-service@192.168.1.18:58086',_binary '\0','Availability','ORDERING-SERVICE','ordering-service',0.87,'2022-11-10 22:20:52',1),(55,NULL,NULL,_binary '\0','AverageResponseTime','ORDERING-SERVICE','ordering-service',800,'2022-11-10 22:20:52',563.3519093260185),(56,NULL,NULL,_binary '\0','Availability','ORDERING-SERVICE','ordering-service',0.87,'2022-11-10 22:20:52',1),(57,400,'payment-proxy-1-service@192.168.1.18:58090',_binary '\0','AverageResponseTime','PAYMENT-PROXY-SERVICE','payment-proxy-1-service',500,'2022-11-10 22:21:07',187.18964225197263),(58,0.95,'payment-proxy-1-service@192.168.1.18:58090',_binary '\0','Availability','PAYMENT-PROXY-SERVICE','payment-proxy-1-service',0.92,'2022-11-10 22:21:07',1),(59,NULL,NULL,_binary '\0','AverageResponseTime','PAYMENT-PROXY-SERVICE','payment-proxy-1-service',500,'2022-11-10 22:21:07',187.18964225197263),(60,NULL,NULL,_binary '\0','Availability','PAYMENT-PROXY-SERVICE','payment-proxy-1-service',0.92,'2022-11-10 22:21:07',1),(61,2.6991007082030536,'restaurant-service@192.168.1.18:58085',_binary '\0','AverageResponseTime','RESTAURANT-SERVICE','restaurant-service',90,'2022-11-10 22:22:23',2.2156435790716),(62,1,'restaurant-service@192.168.1.18:58085',_binary '\0','Availability','RESTAURANT-SERVICE','restaurant-service',0.9,'2022-11-10 22:22:23',1),(63,2.6991007082030536,NULL,_binary '\0','AverageResponseTime','RESTAURANT-SERVICE','restaurant-service',90,'2022-11-10 22:22:23',2.2156435790716),(64,1,NULL,_binary '\0','Availability','RESTAURANT-SERVICE','restaurant-service',0.9,'2022-11-10 22:22:23',1),(65,187.26712333204824,'delivery-proxy-1-service@192.168.1.18:58095',_binary '\0','AverageResponseTime','DELIVERY-PROXY-SERVICE','delivery-proxy-1-service',500,'2022-11-10 22:22:23',185.96451810062877),(66,0.9996830881566172,'delivery-proxy-1-service@192.168.1.18:58095',_binary '\0','Availability','DELIVERY-PROXY-SERVICE','delivery-proxy-1-service',0.92,'2022-11-10 22:22:23',1),(67,187.26712333204824,NULL,_binary '\0','AverageResponseTime','DELIVERY-PROXY-SERVICE','delivery-proxy-1-service',500,'2022-11-10 22:22:23',185.96451810062877),(68,0.9996830881566172,NULL,_binary '\0','Availability','DELIVERY-PROXY-SERVICE','delivery-proxy-1-service',0.92,'2022-11-10 22:22:23',1),(69,476.5136727635844,'ordering-service@192.168.1.18:58086',_binary '\0','AverageResponseTime','ORDERING-SERVICE','ordering-service',800,'2022-11-10 22:22:23',555.7739696939487),(70,0.9999682186556491,'ordering-service@192.168.1.18:58086',_binary '\0','Availability','ORDERING-SERVICE','ordering-service',0.87,'2022-11-10 22:22:23',1),(71,476.5136727635844,NULL,_binary '\0','AverageResponseTime','ORDERING-SERVICE','ordering-service',800,'2022-11-10 22:22:23',555.7739696939487),(72,0.9999682186556491,NULL,_binary '\0','Availability','ORDERING-SERVICE','ordering-service',0.87,'2022-11-10 22:22:23',1),(73,400,'payment-proxy-1-service@192.168.1.18:58090',_binary '\0','AverageResponseTime','PAYMENT-PROXY-SERVICE','payment-proxy-1-service',500,'2022-11-10 22:22:38',186.79134081670182),(74,0.95,'payment-proxy-1-service@192.168.1.18:58090',_binary '\0','Availability','PAYMENT-PROXY-SERVICE','payment-proxy-1-service',0.92,'2022-11-10 22:22:38',0.9994750656167979),(75,NULL,NULL,_binary '\0','AverageResponseTime','PAYMENT-PROXY-SERVICE','payment-proxy-1-service',500,'2022-11-10 22:22:38',186.79134081670182),(76,NULL,NULL,_binary '\0','Availability','PAYMENT-PROXY-SERVICE','payment-proxy-1-service',0.92,'2022-11-10 22:22:38',0.9994750656167979),(77,2.2720419990718677,'restaurant-service@192.168.1.18:58085',_binary '\0','AverageResponseTime','RESTAURANT-SERVICE','restaurant-service',90,'2022-11-10 22:23:53',2.12689849212859),(78,1,'restaurant-service@192.168.1.18:58085',_binary '\0','Availability','RESTAURANT-SERVICE','restaurant-service',0.9,'2022-11-10 22:23:53',1),(79,2.2720419990718677,NULL,_binary '\0','AverageResponseTime','RESTAURANT-SERVICE','restaurant-service',90,'2022-11-10 22:23:53',2.12689849212859),(80,1,NULL,_binary '\0','Availability','RESTAURANT-SERVICE','restaurant-service',0.9,'2022-11-10 22:23:53',1),(81,186.32544933662675,'delivery-proxy-1-service@192.168.1.18:58095',_binary '\0','AverageResponseTime','DELIVERY-PROXY-SERVICE','delivery-proxy-1-service',500,'2022-11-10 22:23:53',185.82444575000002),(82,0.9996830881566172,'delivery-proxy-1-service@192.168.1.18:58095',_binary '\0','Availability','DELIVERY-PROXY-SERVICE','delivery-proxy-1-service',0.92,'2022-11-10 22:23:53',1),(83,186.32544933662675,NULL,_binary '\0','AverageResponseTime','DELIVERY-PROXY-SERVICE','delivery-proxy-1-service',500,'2022-11-10 22:23:53',185.82444575000002),(84,0.9996830881566172,NULL,_binary '\0','Availability','DELIVERY-PROXY-SERVICE','delivery-proxy-1-service',0.92,'2022-11-10 22:23:53',1),(85,547.3478141672247,'ordering-service@192.168.1.18:58086',_binary '\0','AverageResponseTime','ORDERING-SERVICE','ordering-service',800,'2022-11-10 22:23:53',558.5973817754854),(86,0.9999329515069981,'ordering-service@192.168.1.18:58086',_binary '\0','Availability','ORDERING-SERVICE','ordering-service',0.87,'2022-11-10 22:23:53',0.9998236642567448),(87,547.3478141672247,NULL,_binary '\0','AverageResponseTime','ORDERING-SERVICE','ordering-service',800,'2022-11-10 22:23:53',558.5973817754854),(88,0.9999329515069981,NULL,_binary '\0','Availability','ORDERING-SERVICE','ordering-service',0.87,'2022-11-10 22:23:53',0.9998236642567448),(89,187.60042823493717,'payment-proxy-1-service@192.168.1.18:58090',_binary '\0','AverageResponseTime','PAYMENT-PROXY-SERVICE','payment-proxy-1-service',500,'2022-11-10 22:24:08',186.59523268769894),(90,0.9995777727336135,'payment-proxy-1-service@192.168.1.18:58090',_binary '\0','Availability','PAYMENT-PROXY-SERVICE','payment-proxy-1-service',0.92,'2022-11-10 22:24:08',1),(91,187.60042823493717,NULL,_binary '\0','AverageResponseTime','PAYMENT-PROXY-SERVICE','payment-proxy-1-service',500,'2022-11-10 22:24:08',186.59523268769894),(92,0.9995777727336135,NULL,_binary '\0','Availability','PAYMENT-PROXY-SERVICE','payment-proxy-1-service',0.92,'2022-11-10 22:24:08',1);
/*!40000 ALTER TABLE `qosvalue_entity` ENABLE KEYS */;
UNLOCK TABLES;

--
-- Table structure for table `service_configuration`
--

DROP TABLE IF EXISTS `service_configuration`;
/*!40101 SET @saved_cs_client     = @@character_set_client */;
/*!50503 SET character_set_client = utf8mb4 */;
CREATE TABLE `service_configuration` (
  `service_id` varchar(255) NOT NULL,
  `timestamp` datetime NOT NULL,
  `load_balancer_type` int DEFAULT NULL,
  PRIMARY KEY (`service_id`,`timestamp`)
) ENGINE=InnoDB DEFAULT CHARSET=utf8mb4 COLLATE=utf8mb4_0900_ai_ci;
/*!40101 SET character_set_client = @saved_cs_client */;

--
-- Dumping data for table `service_configuration`
--

LOCK TABLES `service_configuration` WRITE;
/*!40000 ALTER TABLE `service_configuration` DISABLE KEYS */;
INSERT INTO `service_configuration` VALUES ('DELIVERY-PROXY-SERVICE','2022-11-10 22:13:50',0),('ORDERING-SERVICE','2022-11-10 22:13:45',0),('PAYMENT-PROXY-SERVICE','2022-11-10 22:13:48',0),('RESTAURANT-SERVICE','2022-11-10 22:13:43',0);
/*!40000 ALTER TABLE `service_configuration` ENABLE KEYS */;
UNLOCK TABLES;

--
-- Table structure for table `service_configuration_circuit_breakers_configuration`
--

DROP TABLE IF EXISTS `service_configuration_circuit_breakers_configuration`;
/*!40101 SET @saved_cs_client     = @@character_set_client */;
/*!50503 SET character_set_client = utf8mb4 */;
CREATE TABLE `service_configuration_circuit_breakers_configuration` (
  `service_configuration_service_id` varchar(255) NOT NULL,
  `service_configuration_timestamp` datetime NOT NULL,
  `circuit_breaker_name` varchar(255) DEFAULT NULL,
  `event_consumer_buffer_size` int DEFAULT NULL,
  `failure_rate_threshold` int DEFAULT NULL,
  `minimum_number_of_calls` int DEFAULT NULL,
  `permitted_number_of_calls_in_half_open_state` int DEFAULT NULL,
  `register_health_indicator` bit(1) DEFAULT NULL,
  `sliding_window_size` int DEFAULT NULL,
  `sliding_window_type` varchar(255) DEFAULT NULL,
  `slow_call_duration_threshold` int DEFAULT NULL,
  `slow_call_rate_threshold` int DEFAULT NULL,
  `wait_duration_in_open_state` int DEFAULT NULL,
  `circuit_breakers_configuration_key` varchar(255) NOT NULL,
  PRIMARY KEY (`service_configuration_service_id`,`service_configuration_timestamp`,`circuit_breakers_configuration_key`),
  CONSTRAINT `FK2svucrxx3joi03x4yqqsi6idv` FOREIGN KEY (`service_configuration_service_id`, `service_configuration_timestamp`) REFERENCES `service_configuration` (`service_id`, `timestamp`)
) ENGINE=InnoDB DEFAULT CHARSET=utf8mb4 COLLATE=utf8mb4_0900_ai_ci;
/*!40101 SET character_set_client = @saved_cs_client */;

--
-- Dumping data for table `service_configuration_circuit_breakers_configuration`
--

LOCK TABLES `service_configuration_circuit_breakers_configuration` WRITE;
/*!40000 ALTER TABLE `service_configuration_circuit_breakers_configuration` DISABLE KEYS */;
INSERT INTO `service_configuration_circuit_breakers_configuration` VALUES ('ORDERING-SERVICE','2022-11-10 22:13:45','delivery',1,95,5,1,_binary '',100,'COUNT_BASED',3000,95,90000,'delivery'),('ORDERING-SERVICE','2022-11-10 22:13:45','payment',1,95,5,1,_binary '',100,'COUNT_BASED',3000,95,90000,'payment');
/*!40000 ALTER TABLE `service_configuration_circuit_breakers_configuration` ENABLE KEYS */;
UNLOCK TABLES;

--
-- Table structure for table `service_configuration_load_balancer_weights`
--

DROP TABLE IF EXISTS `service_configuration_load_balancer_weights`;
/*!40101 SET @saved_cs_client     = @@character_set_client */;
/*!50503 SET character_set_client = utf8mb4 */;
CREATE TABLE `service_configuration_load_balancer_weights` (
  `service_configuration_service_id` varchar(255) NOT NULL,
  `service_configuration_timestamp` datetime NOT NULL,
  `load_balancer_weights` double DEFAULT NULL,
  `load_balancer_weights_key` varchar(255) NOT NULL,
  PRIMARY KEY (`service_configuration_service_id`,`service_configuration_timestamp`,`load_balancer_weights_key`),
  CONSTRAINT `FK2txfr4emkdege6rqxp7plxxb0` FOREIGN KEY (`service_configuration_service_id`, `service_configuration_timestamp`) REFERENCES `service_configuration` (`service_id`, `timestamp`)
) ENGINE=InnoDB DEFAULT CHARSET=utf8mb4 COLLATE=utf8mb4_0900_ai_ci;
/*!40101 SET character_set_client = @saved_cs_client */;

--
-- Dumping data for table `service_configuration_load_balancer_weights`
--

LOCK TABLES `service_configuration_load_balancer_weights` WRITE;
/*!40000 ALTER TABLE `service_configuration_load_balancer_weights` DISABLE KEYS */;
INSERT INTO `service_configuration_load_balancer_weights` VALUES ('DELIVERY-PROXY-SERVICE','2022-11-10 22:13:50',1,'delivery-proxy-1-service@192.168.1.18:58095'),('ORDERING-SERVICE','2022-11-10 22:13:45',1,'ordering-service@192.168.1.18:58086'),('PAYMENT-PROXY-SERVICE','2022-11-10 22:13:48',1,'payment-proxy-1-service@192.168.1.18:58090'),('RESTAURANT-SERVICE','2022-11-10 22:13:43',1,'restaurant-service@192.168.1.18:58085');
/*!40000 ALTER TABLE `service_configuration_load_balancer_weights` ENABLE KEYS */;
UNLOCK TABLES;

--
-- Table structure for table `shutdown_instance_option`
--

DROP TABLE IF EXISTS `shutdown_instance_option`;
/*!40101 SET @saved_cs_client     = @@character_set_client */;
/*!50503 SET character_set_client = utf8mb4 */;
CREATE TABLE `shutdown_instance_option` (
  `instance_to_shutdown_id` varchar(255) DEFAULT NULL,
  `id` bigint NOT NULL,
  PRIMARY KEY (`id`),
  CONSTRAINT `FKniajlam6loj0rtlgbq5hyhfwu` FOREIGN KEY (`id`) REFERENCES `adaptation_option` (`id`)
) ENGINE=InnoDB DEFAULT CHARSET=utf8mb4 COLLATE=utf8mb4_0900_ai_ci;
/*!40101 SET character_set_client = @saved_cs_client */;

--
-- Dumping data for table `shutdown_instance_option`
--

LOCK TABLES `shutdown_instance_option` WRITE;
/*!40000 ALTER TABLE `shutdown_instance_option` DISABLE KEYS */;
/*!40000 ALTER TABLE `shutdown_instance_option` ENABLE KEYS */;
UNLOCK TABLES;

--
-- Table structure for table `shutdown_instance_option_new_weights`
--

DROP TABLE IF EXISTS `shutdown_instance_option_new_weights`;
/*!40101 SET @saved_cs_client     = @@character_set_client */;
/*!50503 SET character_set_client = utf8mb4 */;
CREATE TABLE `shutdown_instance_option_new_weights` (
  `shutdown_instance_option_id` bigint NOT NULL,
  `new_weights` double DEFAULT NULL,
  `new_weights_key` varchar(255) NOT NULL,
  PRIMARY KEY (`shutdown_instance_option_id`,`new_weights_key`),
  CONSTRAINT `FKsn9y293g0idrgkahc0errhgjr` FOREIGN KEY (`shutdown_instance_option_id`) REFERENCES `shutdown_instance_option` (`id`)
) ENGINE=InnoDB DEFAULT CHARSET=utf8mb4 COLLATE=utf8mb4_0900_ai_ci;
/*!40101 SET character_set_client = @saved_cs_client */;

--
-- Dumping data for table `shutdown_instance_option_new_weights`
--

LOCK TABLES `shutdown_instance_option_new_weights` WRITE;
/*!40000 ALTER TABLE `shutdown_instance_option_new_weights` DISABLE KEYS */;
/*!40000 ALTER TABLE `shutdown_instance_option_new_weights` ENABLE KEYS */;
UNLOCK TABLES;
/*!40103 SET TIME_ZONE=@OLD_TIME_ZONE */;

/*!40101 SET SQL_MODE=@OLD_SQL_MODE */;
/*!40014 SET FOREIGN_KEY_CHECKS=@OLD_FOREIGN_KEY_CHECKS */;
/*!40014 SET UNIQUE_CHECKS=@OLD_UNIQUE_CHECKS */;
/*!40101 SET CHARACTER_SET_CLIENT=@OLD_CHARACTER_SET_CLIENT */;
/*!40101 SET CHARACTER_SET_RESULTS=@OLD_CHARACTER_SET_RESULTS */;
/*!40101 SET COLLATION_CONNECTION=@OLD_COLLATION_CONNECTION */;
/*!40111 SET SQL_NOTES=@OLD_SQL_NOTES */;

-- Dump completed on 2022-11-10 22:38:00
